#
# TABLE STRUCTURE FOR: countries
#

INSERT INTO `countries` (`id`, `name`, `created_at`, `updated_at`) VALUES ('1', 'Cape Verde', '2011-06-29 20:20:46', '2012-09-27 03:40:00');
INSERT INTO `countries` (`id`, `name`, `created_at`, `updated_at`) VALUES ('2', 'Congo', '2018-11-14 11:04:28', '2013-08-13 17:38:49');
INSERT INTO `countries` (`id`, `name`, `created_at`, `updated_at`) VALUES ('3', 'Ghana', '2012-08-28 20:41:44', '2015-10-12 08:07:18');
INSERT INTO `countries` (`id`, `name`, `created_at`, `updated_at`) VALUES ('4', 'Aruba', '2016-04-23 13:45:58', '2013-07-16 11:42:32');
INSERT INTO `countries` (`id`, `name`, `created_at`, `updated_at`) VALUES ('5', 'Cameroon', '2014-02-17 05:59:16', '2014-08-22 13:09:11');
INSERT INTO `countries` (`id`, `name`, `created_at`, `updated_at`) VALUES ('6', 'Bahrain', '2015-07-15 10:39:46', '2014-03-13 20:29:28');
INSERT INTO `countries` (`id`, `name`, `created_at`, `updated_at`) VALUES ('7', 'Mozambique', '2012-11-19 06:44:22', '2017-11-21 04:57:16');
INSERT INTO `countries` (`id`, `name`, `created_at`, `updated_at`) VALUES ('8', 'Lesotho', '2011-07-11 07:17:24', '2014-12-18 19:53:22');
INSERT INTO `countries` (`id`, `name`, `created_at`, `updated_at`) VALUES ('9', 'Costa Rica', '2014-05-20 04:53:59', '2011-06-21 06:47:12');
INSERT INTO `countries` (`id`, `name`, `created_at`, `updated_at`) VALUES ('10', 'Philippines', '2019-01-02 09:10:31', '2018-03-19 18:56:05');
INSERT INTO `countries` (`id`, `name`, `created_at`, `updated_at`) VALUES ('11', 'Congo', '2014-11-18 21:16:34', '2020-05-24 21:45:38');
INSERT INTO `countries` (`id`, `name`, `created_at`, `updated_at`) VALUES ('12', 'Bermuda', '2018-06-22 18:25:52', '2011-06-21 14:19:18');
INSERT INTO `countries` (`id`, `name`, `created_at`, `updated_at`) VALUES ('13', 'Tuvalu', '2014-08-22 20:09:06', '2013-01-26 16:14:46');
INSERT INTO `countries` (`id`, `name`, `created_at`, `updated_at`) VALUES ('14', 'Holy See (Vatican City State)', '2013-08-05 15:01:25', '2019-09-12 21:00:29');
INSERT INTO `countries` (`id`, `name`, `created_at`, `updated_at`) VALUES ('15', 'Guinea', '2011-10-16 22:24:39', '2013-04-27 09:49:46');
INSERT INTO `countries` (`id`, `name`, `created_at`, `updated_at`) VALUES ('16', 'Saudi Arabia', '2016-04-16 21:52:03', '2013-05-18 19:10:13');
INSERT INTO `countries` (`id`, `name`, `created_at`, `updated_at`) VALUES ('17', 'Tunisia', '2019-09-23 12:34:13', '2018-10-16 06:52:30');
INSERT INTO `countries` (`id`, `name`, `created_at`, `updated_at`) VALUES ('18', 'Lithuania', '2018-04-22 00:35:33', '2012-05-26 08:45:36');
INSERT INTO `countries` (`id`, `name`, `created_at`, `updated_at`) VALUES ('19', 'Aruba', '2013-12-06 11:18:47', '2015-11-24 22:44:37');
INSERT INTO `countries` (`id`, `name`, `created_at`, `updated_at`) VALUES ('20', 'Libyan Arab Jamahiriya', '2015-11-30 02:12:28', '2012-06-24 14:00:38');
INSERT INTO `countries` (`id`, `name`, `created_at`, `updated_at`) VALUES ('21', 'Tunisia', '2018-03-19 09:02:02', '2014-05-31 03:50:27');
INSERT INTO `countries` (`id`, `name`, `created_at`, `updated_at`) VALUES ('22', 'South Georgia and the South Sandwich Islands', '2010-11-09 09:35:10', '2012-06-11 19:44:54');
INSERT INTO `countries` (`id`, `name`, `created_at`, `updated_at`) VALUES ('23', 'Swaziland', '2012-08-02 01:58:07', '2016-02-07 11:16:47');
INSERT INTO `countries` (`id`, `name`, `created_at`, `updated_at`) VALUES ('24', 'Colombia', '2020-08-14 08:32:24', '2019-05-25 05:28:47');
INSERT INTO `countries` (`id`, `name`, `created_at`, `updated_at`) VALUES ('25', 'Northern Mariana Islands', '2019-10-15 19:10:52', '2013-07-31 09:57:24');
INSERT INTO `countries` (`id`, `name`, `created_at`, `updated_at`) VALUES ('26', 'Saint Martin', '2012-11-08 08:18:35', '2017-01-30 03:44:26');
INSERT INTO `countries` (`id`, `name`, `created_at`, `updated_at`) VALUES ('27', 'Pakistan', '2015-06-21 09:36:20', '2015-06-24 05:39:28');
INSERT INTO `countries` (`id`, `name`, `created_at`, `updated_at`) VALUES ('28', 'Seychelles', '2018-08-05 17:50:34', '2014-07-09 08:50:06');
INSERT INTO `countries` (`id`, `name`, `created_at`, `updated_at`) VALUES ('29', 'Guadeloupe', '2016-06-10 08:31:42', '2013-03-11 05:07:21');
INSERT INTO `countries` (`id`, `name`, `created_at`, `updated_at`) VALUES ('30', 'Jamaica', '2013-11-13 05:29:01', '2012-08-27 04:50:11');
INSERT INTO `countries` (`id`, `name`, `created_at`, `updated_at`) VALUES ('31', 'Iraq', '2012-07-27 23:12:33', '2014-10-11 05:55:27');
INSERT INTO `countries` (`id`, `name`, `created_at`, `updated_at`) VALUES ('32', 'India', '2017-12-24 09:57:20', '2015-09-13 03:17:56');
INSERT INTO `countries` (`id`, `name`, `created_at`, `updated_at`) VALUES ('33', 'Cameroon', '2012-09-05 01:05:45', '2018-06-24 20:58:48');
INSERT INTO `countries` (`id`, `name`, `created_at`, `updated_at`) VALUES ('34', 'Latvia', '2016-06-24 02:20:38', '2020-07-19 08:29:50');
INSERT INTO `countries` (`id`, `name`, `created_at`, `updated_at`) VALUES ('35', 'Belarus', '2011-12-22 06:50:39', '2012-12-23 04:34:45');
INSERT INTO `countries` (`id`, `name`, `created_at`, `updated_at`) VALUES ('36', 'Mayotte', '2013-08-26 05:59:39', '2012-03-08 18:44:42');
INSERT INTO `countries` (`id`, `name`, `created_at`, `updated_at`) VALUES ('37', 'Wallis and Futuna', '2012-12-18 02:43:49', '2015-03-26 05:26:34');
INSERT INTO `countries` (`id`, `name`, `created_at`, `updated_at`) VALUES ('38', 'Costa Rica', '2016-04-25 03:42:40', '2016-10-27 17:21:50');
INSERT INTO `countries` (`id`, `name`, `created_at`, `updated_at`) VALUES ('39', 'Uruguay', '2019-05-29 17:00:34', '2018-07-29 00:37:17');
INSERT INTO `countries` (`id`, `name`, `created_at`, `updated_at`) VALUES ('40', 'Trinidad and Tobago', '2016-10-29 14:32:51', '2014-01-04 17:13:55');
INSERT INTO `countries` (`id`, `name`, `created_at`, `updated_at`) VALUES ('41', 'Vanuatu', '2014-12-02 11:55:56', '2016-08-15 20:48:21');
INSERT INTO `countries` (`id`, `name`, `created_at`, `updated_at`) VALUES ('42', 'Taiwan', '2020-07-31 16:08:04', '2012-10-15 03:40:05');
INSERT INTO `countries` (`id`, `name`, `created_at`, `updated_at`) VALUES ('43', 'Turkey', '2013-02-22 23:28:55', '2011-03-04 04:44:39');
INSERT INTO `countries` (`id`, `name`, `created_at`, `updated_at`) VALUES ('44', 'Guinea-Bissau', '2015-09-19 16:05:14', '2011-12-30 16:28:23');
INSERT INTO `countries` (`id`, `name`, `created_at`, `updated_at`) VALUES ('45', 'Hungary', '2020-02-12 21:06:55', '2017-04-23 07:37:30');
INSERT INTO `countries` (`id`, `name`, `created_at`, `updated_at`) VALUES ('46', 'Christmas Island', '2019-05-20 12:15:43', '2016-11-21 20:26:00');
INSERT INTO `countries` (`id`, `name`, `created_at`, `updated_at`) VALUES ('47', 'Egypt', '2017-10-09 17:56:37', '2013-10-12 22:12:21');
INSERT INTO `countries` (`id`, `name`, `created_at`, `updated_at`) VALUES ('48', 'Suriname', '2018-09-06 01:32:36', '2019-11-23 08:54:43');
INSERT INTO `countries` (`id`, `name`, `created_at`, `updated_at`) VALUES ('49', 'Yemen', '2017-06-18 02:32:49', '2019-05-15 18:42:40');
INSERT INTO `countries` (`id`, `name`, `created_at`, `updated_at`) VALUES ('50', 'Malawi', '2016-06-04 05:53:07', '2016-03-17 08:53:02');


#
# TABLE STRUCTURE FOR: cities
#

INSERT INTO `cities` (`id`, `countries_id`, `name`, `created_at`, `updated_at`) VALUES ('1', 45, 'Runtehaven', '2011-09-08 12:27:18', '2019-06-20 10:42:09');
INSERT INTO `cities` (`id`, `countries_id`, `name`, `created_at`, `updated_at`) VALUES ('2', 1, 'Hudsonmouth', '2011-08-22 20:44:09', '2011-07-28 05:53:34');
INSERT INTO `cities` (`id`, `countries_id`, `name`, `created_at`, `updated_at`) VALUES ('3', 13, 'West Jedediah', '2019-01-25 19:02:11', '2019-08-04 04:39:07');
INSERT INTO `cities` (`id`, `countries_id`, `name`, `created_at`, `updated_at`) VALUES ('4', 9, 'West Madyson', '2019-12-05 13:30:30', '2015-07-03 02:51:52');
INSERT INTO `cities` (`id`, `countries_id`, `name`, `created_at`, `updated_at`) VALUES ('5', 38, 'Lake Alda', '2016-04-21 04:14:57', '2016-10-16 08:25:29');
INSERT INTO `cities` (`id`, `countries_id`, `name`, `created_at`, `updated_at`) VALUES ('6', 15, 'Port Arne', '2013-02-24 21:02:45', '2011-12-05 18:44:51');
INSERT INTO `cities` (`id`, `countries_id`, `name`, `created_at`, `updated_at`) VALUES ('7', 43, 'Steuberstad', '2016-12-29 10:36:12', '2013-06-13 09:24:43');
INSERT INTO `cities` (`id`, `countries_id`, `name`, `created_at`, `updated_at`) VALUES ('8', 37, 'East Troyhaven', '2012-05-08 04:58:21', '2013-07-26 08:19:21');
INSERT INTO `cities` (`id`, `countries_id`, `name`, `created_at`, `updated_at`) VALUES ('9', 49, 'North Princechester', '2012-08-06 13:13:30', '2013-02-02 00:25:24');
INSERT INTO `cities` (`id`, `countries_id`, `name`, `created_at`, `updated_at`) VALUES ('10', 4, 'Port Eastonton', '2018-07-26 03:13:10', '2016-06-12 00:15:34');
INSERT INTO `cities` (`id`, `countries_id`, `name`, `created_at`, `updated_at`) VALUES ('11', 18, 'Leonland', '2012-12-22 13:17:31', '2014-11-08 05:25:11');
INSERT INTO `cities` (`id`, `countries_id`, `name`, `created_at`, `updated_at`) VALUES ('12', 43, 'Lizethfort', '2013-01-08 04:18:17', '2016-08-27 11:45:08');
INSERT INTO `cities` (`id`, `countries_id`, `name`, `created_at`, `updated_at`) VALUES ('13', 38, 'Dashawnburgh', '2017-03-23 09:24:53', '2016-05-15 12:15:15');
INSERT INTO `cities` (`id`, `countries_id`, `name`, `created_at`, `updated_at`) VALUES ('14', 32, 'Alaynamouth', '2012-04-27 06:04:45', '2012-01-09 11:42:03');
INSERT INTO `cities` (`id`, `countries_id`, `name`, `created_at`, `updated_at`) VALUES ('15', 8, 'Maverickside', '2018-02-26 00:23:22', '2017-07-10 22:56:59');
INSERT INTO `cities` (`id`, `countries_id`, `name`, `created_at`, `updated_at`) VALUES ('16', 47, 'New Elvis', '2018-04-02 21:42:06', '2011-12-11 06:14:13');
INSERT INTO `cities` (`id`, `countries_id`, `name`, `created_at`, `updated_at`) VALUES ('17', 31, 'West Adolphus', '2018-10-15 14:44:29', '2018-08-17 13:57:59');
INSERT INTO `cities` (`id`, `countries_id`, `name`, `created_at`, `updated_at`) VALUES ('18', 17, 'East Mike', '2013-04-14 20:17:28', '2013-09-11 16:49:44');
INSERT INTO `cities` (`id`, `countries_id`, `name`, `created_at`, `updated_at`) VALUES ('19', 13, 'Kristinastad', '2012-10-03 02:35:19', '2018-10-18 15:37:55');
INSERT INTO `cities` (`id`, `countries_id`, `name`, `created_at`, `updated_at`) VALUES ('20', 12, 'South Valentina', '2010-11-01 21:47:08', '2011-03-08 05:16:45');
INSERT INTO `cities` (`id`, `countries_id`, `name`, `created_at`, `updated_at`) VALUES ('21', 27, 'Port Marcos', '2011-02-20 06:47:59', '2015-11-17 09:05:45');
INSERT INTO `cities` (`id`, `countries_id`, `name`, `created_at`, `updated_at`) VALUES ('22', 3, 'Lake Gregorioburgh', '2016-01-27 00:37:24', '2014-06-19 23:37:15');
INSERT INTO `cities` (`id`, `countries_id`, `name`, `created_at`, `updated_at`) VALUES ('23', 20, 'West Ethanhaven', '2017-12-30 00:58:05', '2016-12-01 22:02:26');
INSERT INTO `cities` (`id`, `countries_id`, `name`, `created_at`, `updated_at`) VALUES ('24', 32, 'Port Lulu', '2018-10-29 10:27:02', '2015-07-17 21:56:06');
INSERT INTO `cities` (`id`, `countries_id`, `name`, `created_at`, `updated_at`) VALUES ('25', 19, 'Lake Vida', '2020-03-20 19:26:56', '2017-04-10 23:49:44');
INSERT INTO `cities` (`id`, `countries_id`, `name`, `created_at`, `updated_at`) VALUES ('26', 27, 'Port Alexandreberg', '2017-01-27 06:45:50', '2013-03-28 14:52:46');
INSERT INTO `cities` (`id`, `countries_id`, `name`, `created_at`, `updated_at`) VALUES ('27', 47, 'West Marybury', '2014-09-01 01:58:22', '2018-06-09 23:18:08');
INSERT INTO `cities` (`id`, `countries_id`, `name`, `created_at`, `updated_at`) VALUES ('28', 22, 'West Wendell', '2012-02-01 08:37:15', '2020-07-18 14:00:39');
INSERT INTO `cities` (`id`, `countries_id`, `name`, `created_at`, `updated_at`) VALUES ('29', 32, 'North Karlie', '2013-10-22 06:33:55', '2013-08-07 04:44:25');
INSERT INTO `cities` (`id`, `countries_id`, `name`, `created_at`, `updated_at`) VALUES ('30', 37, 'South Jarrell', '2015-04-15 21:03:32', '2020-08-12 12:56:46');
INSERT INTO `cities` (`id`, `countries_id`, `name`, `created_at`, `updated_at`) VALUES ('31', 30, 'North Esther', '2016-01-09 04:53:14', '2014-01-22 21:30:23');
INSERT INTO `cities` (`id`, `countries_id`, `name`, `created_at`, `updated_at`) VALUES ('32', 26, 'South Kailee', '2018-03-31 20:54:07', '2016-03-05 02:13:37');
INSERT INTO `cities` (`id`, `countries_id`, `name`, `created_at`, `updated_at`) VALUES ('33', 37, 'Port Gonzalo', '2014-04-03 20:30:12', '2017-07-19 01:24:00');
INSERT INTO `cities` (`id`, `countries_id`, `name`, `created_at`, `updated_at`) VALUES ('34', 43, 'Larsonmouth', '2013-11-05 08:57:24', '2012-11-21 17:20:19');
INSERT INTO `cities` (`id`, `countries_id`, `name`, `created_at`, `updated_at`) VALUES ('35', 35, 'North Jeremie', '2018-01-09 07:23:41', '2011-09-27 17:23:58');
INSERT INTO `cities` (`id`, `countries_id`, `name`, `created_at`, `updated_at`) VALUES ('36', 24, 'New Ryleighbury', '2020-06-21 10:39:25', '2018-03-20 15:40:44');
INSERT INTO `cities` (`id`, `countries_id`, `name`, `created_at`, `updated_at`) VALUES ('37', 7, 'Alexandriaburgh', '2012-07-15 09:23:38', '2013-09-07 16:29:36');
INSERT INTO `cities` (`id`, `countries_id`, `name`, `created_at`, `updated_at`) VALUES ('38', 27, 'New Johathanbury', '2012-10-22 19:58:01', '2013-12-04 05:42:07');
INSERT INTO `cities` (`id`, `countries_id`, `name`, `created_at`, `updated_at`) VALUES ('39', 10, 'Rohanport', '2013-01-28 09:40:40', '2019-09-02 00:50:51');
INSERT INTO `cities` (`id`, `countries_id`, `name`, `created_at`, `updated_at`) VALUES ('40', 6, 'East Nataliashire', '2018-08-22 13:36:06', '2018-04-28 22:55:50');
INSERT INTO `cities` (`id`, `countries_id`, `name`, `created_at`, `updated_at`) VALUES ('41', 31, 'Emardfort', '2014-10-23 22:51:12', '2010-09-24 22:27:11');
INSERT INTO `cities` (`id`, `countries_id`, `name`, `created_at`, `updated_at`) VALUES ('42', 28, 'Port Virginie', '2015-11-02 20:53:15', '2016-07-07 00:26:41');
INSERT INTO `cities` (`id`, `countries_id`, `name`, `created_at`, `updated_at`) VALUES ('43', 48, 'Port Roxanne', '2017-01-23 06:44:40', '2017-02-27 18:33:02');
INSERT INTO `cities` (`id`, `countries_id`, `name`, `created_at`, `updated_at`) VALUES ('44', 19, 'Larkinfurt', '2012-06-27 18:11:38', '2012-02-09 00:33:49');
INSERT INTO `cities` (`id`, `countries_id`, `name`, `created_at`, `updated_at`) VALUES ('45', 10, 'Port Tobinmouth', '2015-02-22 19:35:13', '2019-03-28 04:27:47');
INSERT INTO `cities` (`id`, `countries_id`, `name`, `created_at`, `updated_at`) VALUES ('46', 5, 'Port Pabloton', '2013-03-16 08:58:18', '2012-10-10 03:40:43');
INSERT INTO `cities` (`id`, `countries_id`, `name`, `created_at`, `updated_at`) VALUES ('47', 16, 'Lake Joyburgh', '2017-02-27 03:20:20', '2014-02-07 21:19:59');
INSERT INTO `cities` (`id`, `countries_id`, `name`, `created_at`, `updated_at`) VALUES ('48', 40, 'Port Laurence', '2017-09-27 05:37:39', '2018-08-20 03:35:18');
INSERT INTO `cities` (`id`, `countries_id`, `name`, `created_at`, `updated_at`) VALUES ('49', 22, 'Pricestad', '2018-04-24 06:05:14', '2014-06-10 07:57:59');
INSERT INTO `cities` (`id`, `countries_id`, `name`, `created_at`, `updated_at`) VALUES ('50', 28, 'Lake Jordiberg', '2018-09-23 06:19:34', '2012-06-05 10:55:04');
INSERT INTO `cities` (`id`, `countries_id`, `name`, `created_at`, `updated_at`) VALUES ('51', 2, 'West Wandamouth', '2017-08-04 15:14:05', '2018-12-14 11:56:03');
INSERT INTO `cities` (`id`, `countries_id`, `name`, `created_at`, `updated_at`) VALUES ('52', 49, 'New Joanastad', '2018-11-13 23:47:04', '2018-07-15 12:43:30');
INSERT INTO `cities` (`id`, `countries_id`, `name`, `created_at`, `updated_at`) VALUES ('53', 31, 'Lake Ali', '2018-04-10 18:46:43', '2011-09-15 12:23:53');
INSERT INTO `cities` (`id`, `countries_id`, `name`, `created_at`, `updated_at`) VALUES ('54', 21, 'Athenaview', '2013-01-18 22:04:45', '2011-09-21 17:48:21');
INSERT INTO `cities` (`id`, `countries_id`, `name`, `created_at`, `updated_at`) VALUES ('55', 30, 'South Newton', '2018-04-04 04:22:34', '2017-09-11 14:34:22');
INSERT INTO `cities` (`id`, `countries_id`, `name`, `created_at`, `updated_at`) VALUES ('56', 49, 'Gardnertown', '2014-08-14 18:17:46', '2012-06-22 14:06:12');
INSERT INTO `cities` (`id`, `countries_id`, `name`, `created_at`, `updated_at`) VALUES ('57', 48, 'South Isabell', '2014-06-24 17:11:05', '2018-01-23 13:58:43');
INSERT INTO `cities` (`id`, `countries_id`, `name`, `created_at`, `updated_at`) VALUES ('58', 26, 'East Pattieborough', '2012-06-14 07:29:16', '2017-09-04 14:15:22');
INSERT INTO `cities` (`id`, `countries_id`, `name`, `created_at`, `updated_at`) VALUES ('59', 21, 'Jonesburgh', '2015-06-29 11:23:57', '2019-08-10 07:33:17');
INSERT INTO `cities` (`id`, `countries_id`, `name`, `created_at`, `updated_at`) VALUES ('60', 29, 'Port Cordeliaborough', '2013-11-26 01:30:48', '2017-01-13 10:36:24');
INSERT INTO `cities` (`id`, `countries_id`, `name`, `created_at`, `updated_at`) VALUES ('61', 12, 'Port Selina', '2017-11-15 10:23:52', '2017-01-27 14:23:32');
INSERT INTO `cities` (`id`, `countries_id`, `name`, `created_at`, `updated_at`) VALUES ('62', 50, 'North Myrtieshire', '2011-07-12 17:30:09', '2010-12-16 22:02:58');
INSERT INTO `cities` (`id`, `countries_id`, `name`, `created_at`, `updated_at`) VALUES ('63', 5, 'North Connie', '2017-06-26 01:36:28', '2011-02-08 10:55:43');
INSERT INTO `cities` (`id`, `countries_id`, `name`, `created_at`, `updated_at`) VALUES ('64', 48, 'West Christophe', '2016-01-20 03:39:10', '2019-05-30 19:30:07');
INSERT INTO `cities` (`id`, `countries_id`, `name`, `created_at`, `updated_at`) VALUES ('65', 43, 'West Alfredachester', '2013-09-05 04:23:51', '2014-03-10 20:13:56');
INSERT INTO `cities` (`id`, `countries_id`, `name`, `created_at`, `updated_at`) VALUES ('66', 39, 'Lake Alan', '2020-01-28 22:45:34', '2018-07-26 11:46:30');
INSERT INTO `cities` (`id`, `countries_id`, `name`, `created_at`, `updated_at`) VALUES ('67', 22, 'Ahmadton', '2013-08-04 16:20:47', '2012-02-03 12:34:17');
INSERT INTO `cities` (`id`, `countries_id`, `name`, `created_at`, `updated_at`) VALUES ('68', 49, 'Valentinshire', '2011-07-30 14:56:56', '2015-07-21 02:17:07');
INSERT INTO `cities` (`id`, `countries_id`, `name`, `created_at`, `updated_at`) VALUES ('69', 16, 'Lake Orahaven', '2012-01-20 02:13:27', '2015-09-01 14:12:04');
INSERT INTO `cities` (`id`, `countries_id`, `name`, `created_at`, `updated_at`) VALUES ('70', 32, 'Lake Maybellemouth', '2019-04-24 16:11:48', '2018-04-14 08:15:30');
INSERT INTO `cities` (`id`, `countries_id`, `name`, `created_at`, `updated_at`) VALUES ('71', 4, 'Wilburnbury', '2020-04-07 16:19:25', '2017-06-03 14:38:53');
INSERT INTO `cities` (`id`, `countries_id`, `name`, `created_at`, `updated_at`) VALUES ('72', 47, 'East Mallory', '2012-08-01 21:37:27', '2016-08-03 06:32:49');
INSERT INTO `cities` (`id`, `countries_id`, `name`, `created_at`, `updated_at`) VALUES ('73', 9, 'Beattyside', '2019-10-29 10:42:56', '2011-10-08 01:03:24');
INSERT INTO `cities` (`id`, `countries_id`, `name`, `created_at`, `updated_at`) VALUES ('74', 2, 'East Wileyshire', '2013-07-15 05:44:32', '2020-05-20 05:36:01');
INSERT INTO `cities` (`id`, `countries_id`, `name`, `created_at`, `updated_at`) VALUES ('75', 15, 'Port Laura', '2020-04-04 00:57:01', '2012-03-19 09:18:19');
INSERT INTO `cities` (`id`, `countries_id`, `name`, `created_at`, `updated_at`) VALUES ('76', 19, 'Evanmouth', '2010-09-28 04:20:22', '2011-07-24 20:20:09');
INSERT INTO `cities` (`id`, `countries_id`, `name`, `created_at`, `updated_at`) VALUES ('77', 7, 'Steuberview', '2011-08-25 18:57:41', '2013-07-29 07:00:47');
INSERT INTO `cities` (`id`, `countries_id`, `name`, `created_at`, `updated_at`) VALUES ('78', 30, 'Lake Candiceton', '2020-02-27 08:02:19', '2016-04-10 08:22:47');
INSERT INTO `cities` (`id`, `countries_id`, `name`, `created_at`, `updated_at`) VALUES ('79', 8, 'New Jon', '2014-10-18 15:14:02', '2011-04-06 07:33:32');
INSERT INTO `cities` (`id`, `countries_id`, `name`, `created_at`, `updated_at`) VALUES ('80', 28, 'North Jaunitaside', '2013-03-10 14:57:35', '2016-04-30 07:08:15');
INSERT INTO `cities` (`id`, `countries_id`, `name`, `created_at`, `updated_at`) VALUES ('81', 8, 'East Cameronshire', '2019-07-09 02:38:08', '2017-04-28 20:26:06');
INSERT INTO `cities` (`id`, `countries_id`, `name`, `created_at`, `updated_at`) VALUES ('82', 9, 'Wilburnberg', '2014-05-06 09:03:24', '2010-11-19 08:16:29');
INSERT INTO `cities` (`id`, `countries_id`, `name`, `created_at`, `updated_at`) VALUES ('83', 26, 'Hirtheville', '2012-12-05 19:01:53', '2012-03-19 14:43:40');
INSERT INTO `cities` (`id`, `countries_id`, `name`, `created_at`, `updated_at`) VALUES ('84', 38, 'New Uriel', '2012-12-15 09:53:52', '2010-09-13 13:10:33');
INSERT INTO `cities` (`id`, `countries_id`, `name`, `created_at`, `updated_at`) VALUES ('85', 29, 'Dillonstad', '2020-03-19 07:37:18', '2012-10-02 11:24:01');
INSERT INTO `cities` (`id`, `countries_id`, `name`, `created_at`, `updated_at`) VALUES ('86', 5, 'Caterinaport', '2011-10-16 16:50:05', '2018-08-10 04:30:24');
INSERT INTO `cities` (`id`, `countries_id`, `name`, `created_at`, `updated_at`) VALUES ('87', 37, 'East Rubyetown', '2012-01-28 09:19:41', '2010-09-13 13:08:29');
INSERT INTO `cities` (`id`, `countries_id`, `name`, `created_at`, `updated_at`) VALUES ('88', 27, 'Port Alanamouth', '2012-03-09 04:07:12', '2019-04-05 20:33:29');
INSERT INTO `cities` (`id`, `countries_id`, `name`, `created_at`, `updated_at`) VALUES ('89', 31, 'East Emmanuelle', '2011-03-12 07:30:58', '2010-12-25 22:51:56');
INSERT INTO `cities` (`id`, `countries_id`, `name`, `created_at`, `updated_at`) VALUES ('90', 7, 'Lake Reanna', '2018-05-29 06:17:53', '2015-06-16 18:41:52');
INSERT INTO `cities` (`id`, `countries_id`, `name`, `created_at`, `updated_at`) VALUES ('91', 5, 'East Holdenfort', '2020-04-18 17:15:57', '2014-08-06 02:01:10');
INSERT INTO `cities` (`id`, `countries_id`, `name`, `created_at`, `updated_at`) VALUES ('92', 42, 'Port Jaynetown', '2013-11-28 22:36:38', '2011-09-18 15:36:38');
INSERT INTO `cities` (`id`, `countries_id`, `name`, `created_at`, `updated_at`) VALUES ('93', 6, 'Jamarstad', '2019-12-01 09:14:57', '2011-12-10 16:49:16');
INSERT INTO `cities` (`id`, `countries_id`, `name`, `created_at`, `updated_at`) VALUES ('94', 9, 'Lake Shemar', '2019-07-18 04:53:49', '2015-07-18 08:53:39');
INSERT INTO `cities` (`id`, `countries_id`, `name`, `created_at`, `updated_at`) VALUES ('95', 40, 'Adelinemouth', '2010-09-03 05:03:28', '2014-02-27 08:06:56');
INSERT INTO `cities` (`id`, `countries_id`, `name`, `created_at`, `updated_at`) VALUES ('96', 49, 'Strosinshire', '2017-03-17 07:37:17', '2013-05-30 20:31:38');
INSERT INTO `cities` (`id`, `countries_id`, `name`, `created_at`, `updated_at`) VALUES ('97', 48, 'North Sierraview', '2018-05-07 23:25:58', '2019-12-11 15:46:39');
INSERT INTO `cities` (`id`, `countries_id`, `name`, `created_at`, `updated_at`) VALUES ('98', 12, 'North Kaylaton', '2017-08-15 23:37:56', '2017-10-09 05:25:32');
INSERT INTO `cities` (`id`, `countries_id`, `name`, `created_at`, `updated_at`) VALUES ('99', 47, 'North Juliet', '2020-07-22 01:54:27', '2017-09-19 14:17:17');
INSERT INTO `cities` (`id`, `countries_id`, `name`, `created_at`, `updated_at`) VALUES ('100', 14, 'New Anika', '2014-06-06 22:14:27', '2013-07-15 20:47:37');


#
# TABLE STRUCTURE FOR: users
#

INSERT INTO `users` (`id`, `first_name`, `last_name`, `email`, `phone`, `created_at`, `updated_at`) VALUES ('1', 'Julius', 'Gutmann', 'nestor21@example.org', 0, '2015-11-07 17:49:11', '2018-05-26 18:13:28');
INSERT INTO `users` (`id`, `first_name`, `last_name`, `email`, `phone`, `created_at`, `updated_at`) VALUES ('2', 'Jammie', 'Hodkiewicz', 'brett60@example.com', 1, '2014-05-16 22:14:10', '2019-04-29 19:17:16');
INSERT INTO `users` (`id`, `first_name`, `last_name`, `email`, `phone`, `created_at`, `updated_at`) VALUES ('3', 'Gia', 'White', 'raphael.zemlak@example.org', 11, '2018-05-20 07:22:31', '2018-06-08 11:36:23');
INSERT INTO `users` (`id`, `first_name`, `last_name`, `email`, `phone`, `created_at`, `updated_at`) VALUES ('4', 'Shanie', 'Emmerich', 'tom.hansen@example.com', 49, '2016-07-20 06:14:27', '2015-07-10 01:43:53');
INSERT INTO `users` (`id`, `first_name`, `last_name`, `email`, `phone`, `created_at`, `updated_at`) VALUES ('5', 'Cesar', 'Swift', 'paula.feest@example.net', 84, '2019-05-20 23:39:31', '2011-09-18 06:05:15');
INSERT INTO `users` (`id`, `first_name`, `last_name`, `email`, `phone`, `created_at`, `updated_at`) VALUES ('6', 'Breana', 'Runolfsson', 'adrienne51@example.com', 1, '2013-07-31 07:30:57', '2020-08-22 07:03:20');
INSERT INTO `users` (`id`, `first_name`, `last_name`, `email`, `phone`, `created_at`, `updated_at`) VALUES ('7', 'Liliane', 'Koepp', 'stamm.louvenia@example.com', 792, '2012-06-03 06:04:23', '2010-10-20 17:35:57');
INSERT INTO `users` (`id`, `first_name`, `last_name`, `email`, `phone`, `created_at`, `updated_at`) VALUES ('8', 'Bella', 'Runolfsdottir', 'yundt.alyce@example.net', 926814, '2011-11-14 22:50:28', '2016-08-20 03:16:03');
INSERT INTO `users` (`id`, `first_name`, `last_name`, `email`, `phone`, `created_at`, `updated_at`) VALUES ('9', 'Deshawn', 'Bogan', 'green.tessie@example.org', 488291, '2013-02-11 17:00:13', '2014-01-29 17:10:26');
INSERT INTO `users` (`id`, `first_name`, `last_name`, `email`, `phone`, `created_at`, `updated_at`) VALUES ('10', 'Else', 'Davis', 'ondricka.roberto@example.org', 576, '2019-03-06 08:51:23', '2014-04-20 04:56:48');
INSERT INTO `users` (`id`, `first_name`, `last_name`, `email`, `phone`, `created_at`, `updated_at`) VALUES ('11', 'Jarrett', 'West', 'sporer.filiberto@example.org', 489, '2015-03-18 23:37:07', '2011-08-16 19:34:36');
INSERT INTO `users` (`id`, `first_name`, `last_name`, `email`, `phone`, `created_at`, `updated_at`) VALUES ('12', 'Wyatt', 'Lehner', 'grimes.kamron@example.com', 185, '2017-01-05 06:00:11', '2020-02-08 01:35:42');
INSERT INTO `users` (`id`, `first_name`, `last_name`, `email`, `phone`, `created_at`, `updated_at`) VALUES ('13', 'Dayna', 'Schmeler', 'hmoen@example.net', 0, '2012-07-14 18:34:13', '2011-02-07 16:12:37');
INSERT INTO `users` (`id`, `first_name`, `last_name`, `email`, `phone`, `created_at`, `updated_at`) VALUES ('14', 'Kennedi', 'Wilkinson', 'bahringer.daphne@example.org', 540274, '2011-10-10 00:07:52', '2011-10-29 01:25:41');
INSERT INTO `users` (`id`, `first_name`, `last_name`, `email`, `phone`, `created_at`, `updated_at`) VALUES ('15', 'Zachariah', 'Harris', 'lind.dolly@example.org', 0, '2020-01-29 15:16:46', '2011-03-16 14:15:35');
INSERT INTO `users` (`id`, `first_name`, `last_name`, `email`, `phone`, `created_at`, `updated_at`) VALUES ('16', 'Mariane', 'Bechtelar', 'strosin.aryanna@example.com', 24, '2017-03-01 13:16:17', '2016-11-06 16:39:56');
INSERT INTO `users` (`id`, `first_name`, `last_name`, `email`, `phone`, `created_at`, `updated_at`) VALUES ('17', 'Wanda', 'Prosacco', 'jason10@example.net', 75, '2017-03-03 11:20:09', '2012-08-29 08:11:01');
INSERT INTO `users` (`id`, `first_name`, `last_name`, `email`, `phone`, `created_at`, `updated_at`) VALUES ('18', 'Jasmin', 'Champlin', 'andrew.mills@example.com', 987, '2017-12-18 13:02:05', '2012-11-22 12:45:21');
INSERT INTO `users` (`id`, `first_name`, `last_name`, `email`, `phone`, `created_at`, `updated_at`) VALUES ('19', 'Bridget', 'Pacocha', 'mayer.lempi@example.org', 518095, '2017-12-01 04:52:39', '2010-11-24 03:03:04');
INSERT INTO `users` (`id`, `first_name`, `last_name`, `email`, `phone`, `created_at`, `updated_at`) VALUES ('20', 'Araceli', 'Hagenes', 'wuckert.donna@example.com', 544, '2014-05-22 05:17:37', '2017-12-24 23:19:45');
INSERT INTO `users` (`id`, `first_name`, `last_name`, `email`, `phone`, `created_at`, `updated_at`) VALUES ('21', 'Rosemarie', 'Larson', 'ullrich.tomasa@example.org', 0, '2011-03-19 20:43:09', '2012-07-01 15:41:13');
INSERT INTO `users` (`id`, `first_name`, `last_name`, `email`, `phone`, `created_at`, `updated_at`) VALUES ('22', 'Ruthie', 'D\'Amore', 'cara55@example.com', 0, '2012-06-19 15:22:03', '2018-02-07 16:38:40');
INSERT INTO `users` (`id`, `first_name`, `last_name`, `email`, `phone`, `created_at`, `updated_at`) VALUES ('23', 'Rosamond', 'Gerhold', 'aliya.leffler@example.com', 57, '2019-08-21 04:56:47', '2011-07-24 04:46:20');
INSERT INTO `users` (`id`, `first_name`, `last_name`, `email`, `phone`, `created_at`, `updated_at`) VALUES ('24', 'Meda', 'Mayert', 'lynch.christophe@example.org', 0, '2011-12-05 13:15:14', '2014-10-21 17:40:09');
INSERT INTO `users` (`id`, `first_name`, `last_name`, `email`, `phone`, `created_at`, `updated_at`) VALUES ('25', 'Ila', 'O\'Keefe', 'fhettinger@example.com', 1, '2014-11-02 00:39:37', '2010-09-15 21:11:55');
INSERT INTO `users` (`id`, `first_name`, `last_name`, `email`, `phone`, `created_at`, `updated_at`) VALUES ('26', 'Camila', 'Cummerata', 'kara09@example.org', 997796, '2019-11-24 12:40:40', '2011-04-10 08:02:53');
INSERT INTO `users` (`id`, `first_name`, `last_name`, `email`, `phone`, `created_at`, `updated_at`) VALUES ('27', 'Dino', 'Rath', 'ernser.tessie@example.com', 342, '2018-01-20 03:50:49', '2015-12-28 15:20:29');
INSERT INTO `users` (`id`, `first_name`, `last_name`, `email`, `phone`, `created_at`, `updated_at`) VALUES ('28', 'Bradford', 'Connelly', 'frederik90@example.org', 83, '2015-03-20 10:38:47', '2017-10-16 03:23:00');
INSERT INTO `users` (`id`, `first_name`, `last_name`, `email`, `phone`, `created_at`, `updated_at`) VALUES ('29', 'Rudolph', 'Reichert', 'wilfrid.smitham@example.org', 0, '2013-04-10 11:20:51', '2015-02-23 21:19:52');
INSERT INTO `users` (`id`, `first_name`, `last_name`, `email`, `phone`, `created_at`, `updated_at`) VALUES ('30', 'Amparo', 'Toy', 'yheller@example.net', 832, '2020-05-18 13:15:35', '2020-06-07 15:10:16');
INSERT INTO `users` (`id`, `first_name`, `last_name`, `email`, `phone`, `created_at`, `updated_at`) VALUES ('31', 'Gaetano', 'Schamberger', 'tristin.boehm@example.net', 881624, '2011-09-17 12:36:06', '2013-03-28 02:41:32');
INSERT INTO `users` (`id`, `first_name`, `last_name`, `email`, `phone`, `created_at`, `updated_at`) VALUES ('32', 'Paolo', 'Kuvalis', 'lmckenzie@example.org', 1, '2015-08-25 11:38:19', '2016-02-04 12:27:56');
INSERT INTO `users` (`id`, `first_name`, `last_name`, `email`, `phone`, `created_at`, `updated_at`) VALUES ('33', 'Davon', 'Kutch', 'torp.matilde@example.org', 472396, '2014-01-12 11:30:00', '2014-07-15 19:08:00');
INSERT INTO `users` (`id`, `first_name`, `last_name`, `email`, `phone`, `created_at`, `updated_at`) VALUES ('34', 'Domingo', 'Borer', 'gislason.maymie@example.net', 2147483647, '2017-08-19 15:57:12', '2014-03-22 14:39:40');
INSERT INTO `users` (`id`, `first_name`, `last_name`, `email`, `phone`, `created_at`, `updated_at`) VALUES ('35', 'Hettie', 'Jerde', 'lizzie.schmeler@example.org', 3, '2012-03-28 19:59:34', '2011-04-08 17:16:07');
INSERT INTO `users` (`id`, `first_name`, `last_name`, `email`, `phone`, `created_at`, `updated_at`) VALUES ('36', 'Helena', 'Sporer', 'nhayes@example.com', 0, '2015-06-14 06:32:10', '2016-05-31 09:19:21');
INSERT INTO `users` (`id`, `first_name`, `last_name`, `email`, `phone`, `created_at`, `updated_at`) VALUES ('37', 'Rigoberto', 'Hackett', 'tlesch@example.com', 334343, '2014-09-25 15:08:24', '2019-07-28 20:49:19');
INSERT INTO `users` (`id`, `first_name`, `last_name`, `email`, `phone`, `created_at`, `updated_at`) VALUES ('38', 'Casimer', 'Considine', 'hnicolas@example.com', 26, '2019-02-23 20:38:42', '2016-09-27 18:19:52');
INSERT INTO `users` (`id`, `first_name`, `last_name`, `email`, `phone`, `created_at`, `updated_at`) VALUES ('39', 'Tia', 'Hand', 'gdickinson@example.com', 80729, '2017-10-24 14:41:29', '2019-02-22 19:35:46');
INSERT INTO `users` (`id`, `first_name`, `last_name`, `email`, `phone`, `created_at`, `updated_at`) VALUES ('40', 'Eldora', 'Sipes', 'ruecker.elinor@example.net', 1, '2010-08-28 22:37:54', '2015-03-06 04:23:31');
INSERT INTO `users` (`id`, `first_name`, `last_name`, `email`, `phone`, `created_at`, `updated_at`) VALUES ('41', 'Reuben', 'Gleichner', 'otho05@example.org', 2147483647, '2019-05-03 12:52:16', '2018-07-14 01:52:55');
INSERT INTO `users` (`id`, `first_name`, `last_name`, `email`, `phone`, `created_at`, `updated_at`) VALUES ('42', 'Graham', 'Hermann', 'lucile.streich@example.com', 0, '2018-06-22 05:25:00', '2016-03-26 17:18:58');
INSERT INTO `users` (`id`, `first_name`, `last_name`, `email`, `phone`, `created_at`, `updated_at`) VALUES ('43', 'Leanna', 'Walsh', 'kuvalis.annabelle@example.com', 605294796, '2018-11-24 08:10:47', '2018-10-12 15:01:02');
INSERT INTO `users` (`id`, `first_name`, `last_name`, `email`, `phone`, `created_at`, `updated_at`) VALUES ('44', 'Faye', 'Rosenbaum', 'ruthe.kling@example.com', 0, '2018-02-10 14:13:29', '2018-02-13 02:13:40');
INSERT INTO `users` (`id`, `first_name`, `last_name`, `email`, `phone`, `created_at`, `updated_at`) VALUES ('45', 'Brando', 'Bechtelar', 'stephon50@example.org', 285, '2017-12-12 17:47:40', '2013-09-03 05:18:37');
INSERT INTO `users` (`id`, `first_name`, `last_name`, `email`, `phone`, `created_at`, `updated_at`) VALUES ('46', 'Raymundo', 'Skiles', 'theresia.schinner@example.com', 0, '2017-10-27 22:50:42', '2017-09-17 12:40:51');
INSERT INTO `users` (`id`, `first_name`, `last_name`, `email`, `phone`, `created_at`, `updated_at`) VALUES ('47', 'Jana', 'Mosciski', 'lazaro10@example.net', 16010, '2017-12-07 16:55:11', '2020-02-29 06:14:28');
INSERT INTO `users` (`id`, `first_name`, `last_name`, `email`, `phone`, `created_at`, `updated_at`) VALUES ('48', 'Anabelle', 'Spencer', 'kdenesik@example.org', 0, '2015-07-08 16:46:46', '2016-05-20 09:29:10');
INSERT INTO `users` (`id`, `first_name`, `last_name`, `email`, `phone`, `created_at`, `updated_at`) VALUES ('49', 'Toy', 'Grimes', 'yrempel@example.com', 293178, '2011-12-16 10:48:01', '2018-05-07 19:56:34');
INSERT INTO `users` (`id`, `first_name`, `last_name`, `email`, `phone`, `created_at`, `updated_at`) VALUES ('50', 'Jayden', 'Mills', 'johanna.parisian@example.com', 553, '2020-08-17 19:53:57', '2013-01-20 01:44:47');
INSERT INTO `users` (`id`, `first_name`, `last_name`, `email`, `phone`, `created_at`, `updated_at`) VALUES ('51', 'Alexandro', 'Herman', 'willms.america@example.org', 409248, '2012-11-28 16:28:33', '2017-04-02 03:59:52');
INSERT INTO `users` (`id`, `first_name`, `last_name`, `email`, `phone`, `created_at`, `updated_at`) VALUES ('52', 'Adolfo', 'Bashirian', 'thiel.orland@example.org', 0, '2015-11-04 12:37:05', '2016-07-20 09:09:26');
INSERT INTO `users` (`id`, `first_name`, `last_name`, `email`, `phone`, `created_at`, `updated_at`) VALUES ('53', 'Bridie', 'Welch', 'carroll.whitney@example.com', 0, '2016-10-03 04:53:10', '2013-10-25 00:58:18');
INSERT INTO `users` (`id`, `first_name`, `last_name`, `email`, `phone`, `created_at`, `updated_at`) VALUES ('54', 'Adeline', 'Braun', 'lelah.green@example.net', 0, '2016-02-18 05:06:44', '2020-08-16 10:43:11');
INSERT INTO `users` (`id`, `first_name`, `last_name`, `email`, `phone`, `created_at`, `updated_at`) VALUES ('55', 'Marta', 'Lakin', 'greenfelder.dean@example.com', 1, '2016-09-02 02:16:54', '2011-07-05 02:01:28');
INSERT INTO `users` (`id`, `first_name`, `last_name`, `email`, `phone`, `created_at`, `updated_at`) VALUES ('56', 'Rubie', 'Lakin', 'ykunze@example.org', 308, '2014-05-31 00:26:21', '2013-02-17 10:46:45');
INSERT INTO `users` (`id`, `first_name`, `last_name`, `email`, `phone`, `created_at`, `updated_at`) VALUES ('57', 'Ben', 'Kerluke', 'co\'kon@example.com', 71, '2015-10-01 00:49:22', '2014-01-06 17:05:01');
INSERT INTO `users` (`id`, `first_name`, `last_name`, `email`, `phone`, `created_at`, `updated_at`) VALUES ('58', 'Ruby', 'Roberts', 'grady.arden@example.com', 684, '2019-05-08 22:34:23', '2019-09-19 06:15:14');
INSERT INTO `users` (`id`, `first_name`, `last_name`, `email`, `phone`, `created_at`, `updated_at`) VALUES ('59', 'Gerald', 'Oberbrunner', 'rpowlowski@example.org', 326569, '2018-09-25 09:37:44', '2016-11-02 00:57:50');
INSERT INTO `users` (`id`, `first_name`, `last_name`, `email`, `phone`, `created_at`, `updated_at`) VALUES ('60', 'Christophe', 'Nienow', 'benjamin.effertz@example.com', 880175, '2020-05-10 00:28:28', '2011-02-18 07:04:07');
INSERT INTO `users` (`id`, `first_name`, `last_name`, `email`, `phone`, `created_at`, `updated_at`) VALUES ('61', 'Mario', 'Pagac', 'dudley20@example.net', 353610, '2013-10-18 00:11:19', '2015-02-03 06:34:49');
INSERT INTO `users` (`id`, `first_name`, `last_name`, `email`, `phone`, `created_at`, `updated_at`) VALUES ('62', 'Patricia', 'Bashirian', 'marianna.kshlerin@example.com', 122107, '2017-02-19 22:37:44', '2020-01-08 02:36:02');
INSERT INTO `users` (`id`, `first_name`, `last_name`, `email`, `phone`, `created_at`, `updated_at`) VALUES ('63', 'Mariah', 'Kshlerin', 'ephraim.hermann@example.com', 491875, '2018-07-07 16:04:01', '2017-03-14 02:30:28');
INSERT INTO `users` (`id`, `first_name`, `last_name`, `email`, `phone`, `created_at`, `updated_at`) VALUES ('64', 'Eldred', 'Dietrich', 'sbeier@example.net', 1, '2016-04-06 12:14:37', '2019-08-05 14:48:37');
INSERT INTO `users` (`id`, `first_name`, `last_name`, `email`, `phone`, `created_at`, `updated_at`) VALUES ('65', 'Gertrude', 'Blick', 'dooley.lourdes@example.org', 0, '2013-07-02 00:11:15', '2020-03-08 15:27:45');
INSERT INTO `users` (`id`, `first_name`, `last_name`, `email`, `phone`, `created_at`, `updated_at`) VALUES ('66', 'Albert', 'Witting', 'jerde.reta@example.net', 2147483647, '2015-04-10 02:44:55', '2012-08-29 05:41:43');
INSERT INTO `users` (`id`, `first_name`, `last_name`, `email`, `phone`, `created_at`, `updated_at`) VALUES ('67', 'Pattie', 'Walsh', 'veum.tavares@example.com', 2147483647, '2013-09-05 16:47:35', '2018-12-08 06:06:58');
INSERT INTO `users` (`id`, `first_name`, `last_name`, `email`, `phone`, `created_at`, `updated_at`) VALUES ('68', 'Hailee', 'O\'Kon', 'myrtice.jaskolski@example.com', 903, '2012-04-25 22:11:37', '2019-03-31 17:20:45');
INSERT INTO `users` (`id`, `first_name`, `last_name`, `email`, `phone`, `created_at`, `updated_at`) VALUES ('69', 'Freddie', 'Schaden', 'sienna.rowe@example.org', 976, '2014-03-17 19:17:29', '2019-01-26 13:35:20');
INSERT INTO `users` (`id`, `first_name`, `last_name`, `email`, `phone`, `created_at`, `updated_at`) VALUES ('70', 'Lera', 'O\'Reilly', 'marietta.shields@example.net', 1, '2018-07-03 23:13:26', '2011-02-05 18:14:55');
INSERT INTO `users` (`id`, `first_name`, `last_name`, `email`, `phone`, `created_at`, `updated_at`) VALUES ('71', 'Efrain', 'Robel', 'brennan.spencer@example.com', 1, '2017-12-04 19:53:39', '2019-08-03 20:42:35');
INSERT INTO `users` (`id`, `first_name`, `last_name`, `email`, `phone`, `created_at`, `updated_at`) VALUES ('72', 'Erich', 'Keeling', 'will.malika@example.com', 2147483647, '2015-10-21 03:50:40', '2011-10-06 06:52:00');
INSERT INTO `users` (`id`, `first_name`, `last_name`, `email`, `phone`, `created_at`, `updated_at`) VALUES ('73', 'Effie', 'Shanahan', 'reilly.chandler@example.org', 1, '2014-11-01 06:13:02', '2019-01-12 20:34:09');
INSERT INTO `users` (`id`, `first_name`, `last_name`, `email`, `phone`, `created_at`, `updated_at`) VALUES ('74', 'Daphnee', 'Cronin', 'toy.dashawn@example.net', 335366, '2014-10-21 22:52:50', '2015-04-07 00:02:29');
INSERT INTO `users` (`id`, `first_name`, `last_name`, `email`, `phone`, `created_at`, `updated_at`) VALUES ('75', 'Odie', 'Mosciski', 'rau.cara@example.net', 11, '2012-12-27 04:53:10', '2013-07-07 05:50:40');
INSERT INTO `users` (`id`, `first_name`, `last_name`, `email`, `phone`, `created_at`, `updated_at`) VALUES ('76', 'Yoshiko', 'Towne', 'ttillman@example.net', 494760, '2014-01-18 13:51:45', '2015-10-28 05:23:41');
INSERT INTO `users` (`id`, `first_name`, `last_name`, `email`, `phone`, `created_at`, `updated_at`) VALUES ('77', 'Margie', 'Auer', 'hgoodwin@example.com', 1, '2010-10-13 19:59:25', '2019-02-22 03:47:37');
INSERT INTO `users` (`id`, `first_name`, `last_name`, `email`, `phone`, `created_at`, `updated_at`) VALUES ('78', 'Gay', 'Gusikowski', 'iroberts@example.com', 795, '2016-06-08 16:42:19', '2011-07-17 00:25:37');
INSERT INTO `users` (`id`, `first_name`, `last_name`, `email`, `phone`, `created_at`, `updated_at`) VALUES ('79', 'Claudie', 'Goyette', 'lou39@example.org', 0, '2013-10-25 05:28:13', '2014-04-08 07:36:01');
INSERT INTO `users` (`id`, `first_name`, `last_name`, `email`, `phone`, `created_at`, `updated_at`) VALUES ('80', 'Jakayla', 'Daniel', 'bernadette.watsica@example.com', 0, '2012-04-15 03:22:48', '2018-01-16 08:19:10');
INSERT INTO `users` (`id`, `first_name`, `last_name`, `email`, `phone`, `created_at`, `updated_at`) VALUES ('81', 'Loren', 'Kreiger', 'hackett.christy@example.net', 897050, '2019-08-24 05:55:03', '2011-11-23 07:34:32');
INSERT INTO `users` (`id`, `first_name`, `last_name`, `email`, `phone`, `created_at`, `updated_at`) VALUES ('82', 'Shayne', 'Wiegand', 'sandy.hayes@example.net', 1, '2013-11-27 12:11:12', '2019-01-26 20:42:28');
INSERT INTO `users` (`id`, `first_name`, `last_name`, `email`, `phone`, `created_at`, `updated_at`) VALUES ('83', 'Soledad', 'Nienow', 'heber.robel@example.com', 0, '2019-02-22 22:28:29', '2013-05-23 20:35:15');
INSERT INTO `users` (`id`, `first_name`, `last_name`, `email`, `phone`, `created_at`, `updated_at`) VALUES ('84', 'Erin', 'Towne', 'mohr.montana@example.org', 846, '2018-01-28 23:26:51', '2014-12-23 02:45:46');
INSERT INTO `users` (`id`, `first_name`, `last_name`, `email`, `phone`, `created_at`, `updated_at`) VALUES ('85', 'Alessandro', 'Bernhard', 'lilliana83@example.com', 96, '2014-04-22 14:26:21', '2020-07-15 19:59:26');
INSERT INTO `users` (`id`, `first_name`, `last_name`, `email`, `phone`, `created_at`, `updated_at`) VALUES ('86', 'Cristal', 'Anderson', 'jast.marco@example.com', 0, '2013-03-03 20:44:00', '2011-04-06 01:33:27');
INSERT INTO `users` (`id`, `first_name`, `last_name`, `email`, `phone`, `created_at`, `updated_at`) VALUES ('87', 'Rey', 'Kerluke', 'anibal34@example.org', 669, '2013-01-19 04:22:02', '2011-11-06 13:52:32');
INSERT INTO `users` (`id`, `first_name`, `last_name`, `email`, `phone`, `created_at`, `updated_at`) VALUES ('88', 'Eda', 'Smith', 'ymills@example.com', 28, '2016-07-31 04:10:00', '2014-04-19 18:27:24');
INSERT INTO `users` (`id`, `first_name`, `last_name`, `email`, `phone`, `created_at`, `updated_at`) VALUES ('89', 'Vivien', 'Schiller', 'bernhard.pfannerstill@example.org', 1, '2017-03-28 11:31:55', '2015-01-04 16:09:07');
INSERT INTO `users` (`id`, `first_name`, `last_name`, `email`, `phone`, `created_at`, `updated_at`) VALUES ('90', 'Leopold', 'Nitzsche', 'rzemlak@example.org', 2147483647, '2018-05-10 18:15:51', '2013-08-22 21:36:23');
INSERT INTO `users` (`id`, `first_name`, `last_name`, `email`, `phone`, `created_at`, `updated_at`) VALUES ('91', 'Hiram', 'Hodkiewicz', 'barry.grady@example.org', 1, '2013-10-26 18:11:57', '2020-05-23 19:02:10');
INSERT INTO `users` (`id`, `first_name`, `last_name`, `email`, `phone`, `created_at`, `updated_at`) VALUES ('92', 'Pamela', 'Hartmann', 'denesik.linnie@example.com', 1, '2014-06-20 03:01:38', '2018-07-06 20:59:55');
INSERT INTO `users` (`id`, `first_name`, `last_name`, `email`, `phone`, `created_at`, `updated_at`) VALUES ('93', 'Constantin', 'Prosacco', 'jabari.waelchi@example.com', 560072, '2016-10-16 14:12:38', '2011-05-15 03:45:50');
INSERT INTO `users` (`id`, `first_name`, `last_name`, `email`, `phone`, `created_at`, `updated_at`) VALUES ('94', 'Lolita', 'Schulist', 'ukeeling@example.net', 43, '2011-09-24 18:39:09', '2011-10-06 23:13:28');
INSERT INTO `users` (`id`, `first_name`, `last_name`, `email`, `phone`, `created_at`, `updated_at`) VALUES ('95', 'Stevie', 'Klocko', 'eryn.jones@example.net', 0, '2017-08-17 07:42:03', '2016-09-13 09:42:43');
INSERT INTO `users` (`id`, `first_name`, `last_name`, `email`, `phone`, `created_at`, `updated_at`) VALUES ('96', 'Kristin', 'Goldner', 'jacey.batz@example.net', 1, '2013-08-17 02:54:48', '2015-10-17 22:39:55');
INSERT INTO `users` (`id`, `first_name`, `last_name`, `email`, `phone`, `created_at`, `updated_at`) VALUES ('97', 'Glennie', 'Pagac', 'shanahan.jacklyn@example.org', 1, '2016-10-15 10:22:52', '2019-01-16 03:01:52');
INSERT INTO `users` (`id`, `first_name`, `last_name`, `email`, `phone`, `created_at`, `updated_at`) VALUES ('98', 'Kyler', 'Renner', 'wilderman.lauriane@example.org', 0, '2013-11-02 18:25:49', '2020-04-18 07:47:32');
INSERT INTO `users` (`id`, `first_name`, `last_name`, `email`, `phone`, `created_at`, `updated_at`) VALUES ('99', 'Anthony', 'Lemke', 'herta87@example.net', 617, '2010-11-20 02:18:04', '2013-12-05 12:23:30');
INSERT INTO `users` (`id`, `first_name`, `last_name`, `email`, `phone`, `created_at`, `updated_at`) VALUES ('100', 'Candelario', 'Stark', 'miller.mariam@example.com', 0, '2019-09-17 04:30:34', '2019-12-20 02:20:19');
INSERT INTO `users` (`id`, `first_name`, `last_name`, `email`, `phone`, `created_at`, `updated_at`) VALUES ('101', 'Oswaldo', 'Zieme', 'glover.carlee@example.org', 1, '2011-08-23 03:39:06', '2013-09-30 03:46:42');
INSERT INTO `users` (`id`, `first_name`, `last_name`, `email`, `phone`, `created_at`, `updated_at`) VALUES ('102', 'Ivory', 'Stiedemann', 'jaeden41@example.org', 191685, '2017-10-12 00:13:34', '2011-02-26 01:28:34');
INSERT INTO `users` (`id`, `first_name`, `last_name`, `email`, `phone`, `created_at`, `updated_at`) VALUES ('103', 'Maxime', 'Goldner', 'eliseo.mitchell@example.com', 1, '2017-01-29 08:26:43', '2012-01-15 23:56:37');
INSERT INTO `users` (`id`, `first_name`, `last_name`, `email`, `phone`, `created_at`, `updated_at`) VALUES ('104', 'Maxie', 'Hamill', 'hadley82@example.net', 0, '2017-07-31 05:11:26', '2017-09-10 22:04:41');
INSERT INTO `users` (`id`, `first_name`, `last_name`, `email`, `phone`, `created_at`, `updated_at`) VALUES ('105', 'Ardith', 'Lynch', 'lang.sandra@example.net', 613, '2012-01-11 19:07:32', '2018-04-13 08:43:04');
INSERT INTO `users` (`id`, `first_name`, `last_name`, `email`, `phone`, `created_at`, `updated_at`) VALUES ('106', 'Bridie', 'O\'Hara', 'dario78@example.net', 43619, '2020-07-04 10:12:22', '2019-12-01 08:31:03');
INSERT INTO `users` (`id`, `first_name`, `last_name`, `email`, `phone`, `created_at`, `updated_at`) VALUES ('107', 'Alexa', 'White', 'ohagenes@example.org', 0, '2012-12-09 09:49:57', '2019-12-17 21:07:05');
INSERT INTO `users` (`id`, `first_name`, `last_name`, `email`, `phone`, `created_at`, `updated_at`) VALUES ('108', 'Sonya', 'Abshire', 'patsy61@example.net', 0, '2018-02-04 02:09:31', '2012-10-26 04:47:36');
INSERT INTO `users` (`id`, `first_name`, `last_name`, `email`, `phone`, `created_at`, `updated_at`) VALUES ('109', 'Marilou', 'Prohaska', 'tstoltenberg@example.org', 1, '2011-04-05 08:48:44', '2012-02-10 22:32:43');
INSERT INTO `users` (`id`, `first_name`, `last_name`, `email`, `phone`, `created_at`, `updated_at`) VALUES ('110', 'Nat', 'Kuhlman', 'camille.waters@example.net', 0, '2020-04-29 19:48:01', '2011-05-06 16:29:20');
INSERT INTO `users` (`id`, `first_name`, `last_name`, `email`, `phone`, `created_at`, `updated_at`) VALUES ('111', 'Haskell', 'Greenholt', 'yessenia16@example.com', 0, '2012-06-29 21:02:12', '2016-07-13 03:03:38');
INSERT INTO `users` (`id`, `first_name`, `last_name`, `email`, `phone`, `created_at`, `updated_at`) VALUES ('112', 'Darwin', 'Lubowitz', 'o\'kon.jeremy@example.com', 152, '2017-01-31 08:28:49', '2017-03-10 00:52:25');
INSERT INTO `users` (`id`, `first_name`, `last_name`, `email`, `phone`, `created_at`, `updated_at`) VALUES ('113', 'Kenya', 'Morar', 'pat36@example.com', 1, '2012-03-24 07:28:45', '2017-11-05 08:52:56');
INSERT INTO `users` (`id`, `first_name`, `last_name`, `email`, `phone`, `created_at`, `updated_at`) VALUES ('114', 'Daniela', 'Feil', 'skiles.brian@example.net', 729, '2013-03-13 21:37:50', '2020-03-12 04:27:45');
INSERT INTO `users` (`id`, `first_name`, `last_name`, `email`, `phone`, `created_at`, `updated_at`) VALUES ('115', 'Eldred', 'Fritsch', 'lpacocha@example.org', 1, '2012-11-03 15:58:29', '2014-05-05 22:43:23');
INSERT INTO `users` (`id`, `first_name`, `last_name`, `email`, `phone`, `created_at`, `updated_at`) VALUES ('116', 'Coleman', 'Reinger', 'rowland70@example.net', 1, '2012-09-25 07:12:42', '2013-12-23 03:25:14');
INSERT INTO `users` (`id`, `first_name`, `last_name`, `email`, `phone`, `created_at`, `updated_at`) VALUES ('117', 'Presley', 'Herman', 'farrell.taurean@example.com', 159, '2018-12-17 11:27:50', '2012-09-21 00:14:56');
INSERT INTO `users` (`id`, `first_name`, `last_name`, `email`, `phone`, `created_at`, `updated_at`) VALUES ('118', 'Cecil', 'Maggio', 'lcarter@example.org', 866, '2011-11-30 17:29:17', '2018-02-02 14:10:59');
INSERT INTO `users` (`id`, `first_name`, `last_name`, `email`, `phone`, `created_at`, `updated_at`) VALUES ('119', 'Jovanny', 'Altenwerth', 'lizzie.dicki@example.org', 0, '2012-06-12 05:48:24', '2017-12-27 18:01:34');
INSERT INTO `users` (`id`, `first_name`, `last_name`, `email`, `phone`, `created_at`, `updated_at`) VALUES ('120', 'Melany', 'Gibson', 'ibogisich@example.org', 1, '2010-10-22 07:23:07', '2020-06-03 06:08:22');
INSERT INTO `users` (`id`, `first_name`, `last_name`, `email`, `phone`, `created_at`, `updated_at`) VALUES ('121', 'Elwin', 'Parker', 'sydnee00@example.net', 1, '2013-04-30 03:25:29', '2011-03-05 09:57:37');
INSERT INTO `users` (`id`, `first_name`, `last_name`, `email`, `phone`, `created_at`, `updated_at`) VALUES ('122', 'Tamara', 'Hirthe', 'bo80@example.com', 0, '2017-04-23 19:03:03', '2015-07-17 13:27:54');
INSERT INTO `users` (`id`, `first_name`, `last_name`, `email`, `phone`, `created_at`, `updated_at`) VALUES ('123', 'Cedrick', 'Weissnat', 'bcronin@example.org', 850, '2018-03-21 09:36:00', '2010-12-12 11:56:05');
INSERT INTO `users` (`id`, `first_name`, `last_name`, `email`, `phone`, `created_at`, `updated_at`) VALUES ('124', 'Melvina', 'Walker', 'demetris69@example.net', 0, '2020-02-10 00:51:25', '2011-09-12 15:27:17');
INSERT INTO `users` (`id`, `first_name`, `last_name`, `email`, `phone`, `created_at`, `updated_at`) VALUES ('125', 'Sandra', 'Walker', 'casimer.grady@example.net', 117927, '2018-03-29 17:58:24', '2019-05-01 08:47:20');
INSERT INTO `users` (`id`, `first_name`, `last_name`, `email`, `phone`, `created_at`, `updated_at`) VALUES ('126', 'Manuela', 'Bergstrom', 'quitzon.keira@example.org', 548, '2013-03-16 21:11:56', '2017-02-22 00:49:24');
INSERT INTO `users` (`id`, `first_name`, `last_name`, `email`, `phone`, `created_at`, `updated_at`) VALUES ('127', 'Bert', 'Larkin', 'ssteuber@example.com', 673, '2017-08-27 13:31:30', '2016-04-08 17:57:00');
INSERT INTO `users` (`id`, `first_name`, `last_name`, `email`, `phone`, `created_at`, `updated_at`) VALUES ('128', 'Santina', 'Metz', 'dixie.hills@example.net', 665, '2020-01-19 03:47:28', '2011-02-12 03:33:18');
INSERT INTO `users` (`id`, `first_name`, `last_name`, `email`, `phone`, `created_at`, `updated_at`) VALUES ('129', 'Aracely', 'Schulist', 'althea.kunde@example.net', 0, '2014-11-20 02:41:50', '2013-06-15 16:16:39');
INSERT INTO `users` (`id`, `first_name`, `last_name`, `email`, `phone`, `created_at`, `updated_at`) VALUES ('130', 'Howard', 'Hand', 'harber.carolanne@example.net', 1, '2013-08-24 05:49:33', '2015-09-16 14:04:45');
INSERT INTO `users` (`id`, `first_name`, `last_name`, `email`, `phone`, `created_at`, `updated_at`) VALUES ('131', 'Brooke', 'Lebsack', 'lebsack.caterina@example.net', 524930, '2019-01-16 02:59:28', '2014-09-22 18:55:48');
INSERT INTO `users` (`id`, `first_name`, `last_name`, `email`, `phone`, `created_at`, `updated_at`) VALUES ('132', 'Enos', 'Haley', 'rstanton@example.org', 70, '2010-12-24 02:33:50', '2016-04-22 05:00:55');
INSERT INTO `users` (`id`, `first_name`, `last_name`, `email`, `phone`, `created_at`, `updated_at`) VALUES ('133', 'Andy', 'Abbott', 'edwina.greenfelder@example.net', 799729, '2014-05-15 06:31:58', '2014-03-31 21:49:30');
INSERT INTO `users` (`id`, `first_name`, `last_name`, `email`, `phone`, `created_at`, `updated_at`) VALUES ('134', 'Eladio', 'Shanahan', 'kreiger.raoul@example.com', 744083, '2014-04-06 16:11:36', '2014-01-31 09:42:56');
INSERT INTO `users` (`id`, `first_name`, `last_name`, `email`, `phone`, `created_at`, `updated_at`) VALUES ('135', 'Lavonne', 'O\'Hara', 'o\'reilly.naomi@example.net', 589265, '2014-07-13 16:37:11', '2018-08-10 10:26:00');
INSERT INTO `users` (`id`, `first_name`, `last_name`, `email`, `phone`, `created_at`, `updated_at`) VALUES ('136', 'Payton', 'Kunze', 'pagac.laurence@example.org', 1, '2019-11-29 11:55:21', '2013-10-01 00:57:00');
INSERT INTO `users` (`id`, `first_name`, `last_name`, `email`, `phone`, `created_at`, `updated_at`) VALUES ('137', 'Hailey', 'Hessel', 'preston.olson@example.net', 0, '2015-03-04 03:25:01', '2012-05-09 19:43:27');
INSERT INTO `users` (`id`, `first_name`, `last_name`, `email`, `phone`, `created_at`, `updated_at`) VALUES ('138', 'Hassie', 'Zemlak', 'haag.edwin@example.net', 0, '2019-08-27 18:34:18', '2012-09-11 11:41:33');
INSERT INTO `users` (`id`, `first_name`, `last_name`, `email`, `phone`, `created_at`, `updated_at`) VALUES ('139', 'Junior', 'Carroll', 'ehowell@example.org', 1, '2012-07-24 07:12:41', '2018-03-23 16:25:41');
INSERT INTO `users` (`id`, `first_name`, `last_name`, `email`, `phone`, `created_at`, `updated_at`) VALUES ('140', 'Abdullah', 'Fadel', 'kamren28@example.net', 522, '2017-03-15 22:27:58', '2010-09-14 06:57:43');
INSERT INTO `users` (`id`, `first_name`, `last_name`, `email`, `phone`, `created_at`, `updated_at`) VALUES ('141', 'Tito', 'Brakus', 'skylar38@example.net', 1, '2019-03-28 13:08:03', '2011-06-02 18:42:43');
INSERT INTO `users` (`id`, `first_name`, `last_name`, `email`, `phone`, `created_at`, `updated_at`) VALUES ('142', 'Jameson', 'Reichert', 'ruthe.anderson@example.com', 2147483647, '2014-11-01 05:27:59', '2019-10-14 12:52:37');
INSERT INTO `users` (`id`, `first_name`, `last_name`, `email`, `phone`, `created_at`, `updated_at`) VALUES ('143', 'Flo', 'Abernathy', 'mclaughlin.dewitt@example.org', 589, '2020-03-04 20:28:00', '2018-04-30 00:57:12');
INSERT INTO `users` (`id`, `first_name`, `last_name`, `email`, `phone`, `created_at`, `updated_at`) VALUES ('144', 'Stewart', 'Lesch', 'anderson.libbie@example.org', 668, '2015-04-17 22:11:36', '2014-08-23 01:14:47');
INSERT INTO `users` (`id`, `first_name`, `last_name`, `email`, `phone`, `created_at`, `updated_at`) VALUES ('145', 'Marcelo', 'Kling', 'selina.pouros@example.com', 613, '2019-09-02 21:37:41', '2016-03-26 22:16:24');
INSERT INTO `users` (`id`, `first_name`, `last_name`, `email`, `phone`, `created_at`, `updated_at`) VALUES ('146', 'Clifton', 'Dicki', 'vlittle@example.net', 25, '2011-03-23 01:07:06', '2014-02-03 11:52:24');
INSERT INTO `users` (`id`, `first_name`, `last_name`, `email`, `phone`, `created_at`, `updated_at`) VALUES ('147', 'Gina', 'Kunde', 'rosalyn.stark@example.com', 397191, '2012-10-01 17:35:24', '2014-09-21 21:14:34');
INSERT INTO `users` (`id`, `first_name`, `last_name`, `email`, `phone`, `created_at`, `updated_at`) VALUES ('148', 'Sister', 'Deckow', 'braulio.ziemann@example.com', 493840, '2016-10-12 11:29:19', '2014-10-27 14:47:56');
INSERT INTO `users` (`id`, `first_name`, `last_name`, `email`, `phone`, `created_at`, `updated_at`) VALUES ('149', 'Mae', 'Runolfsson', 'fay.maegan@example.com', 1, '2013-09-01 16:40:33', '2010-11-03 06:15:29');
INSERT INTO `users` (`id`, `first_name`, `last_name`, `email`, `phone`, `created_at`, `updated_at`) VALUES ('150', 'Etha', 'Simonis', 'aron.stoltenberg@example.com', 461, '2015-12-05 06:01:52', '2012-06-12 16:57:31');

#
# TABLE STRUCTURE FOR: facilities
#


INSERT INTO `facilities` (`id`, `private_parking`, `swimming_pool`, `free_WI_FI`, `pet_friendly`, `non_smoking_rooms`, `restaurant`, `spa`, `fitness`, `for_disabled_guests`, `created_at`, `updated_at`) VALUES ('1', 0, 0, 1, 0, 1, 1, 0, 0, 1, '2015-07-21 08:33:11', '1982-01-25 13:15:11');
INSERT INTO `facilities` (`id`, `private_parking`, `swimming_pool`, `free_WI_FI`, `pet_friendly`, `non_smoking_rooms`, `restaurant`, `spa`, `fitness`, `for_disabled_guests`, `created_at`, `updated_at`) VALUES ('2', 0, 1, 1, 1, 0, 0, 1, 1, 0, '1984-03-15 16:06:21', '2006-07-01 23:09:39');
INSERT INTO `facilities` (`id`, `private_parking`, `swimming_pool`, `free_WI_FI`, `pet_friendly`, `non_smoking_rooms`, `restaurant`, `spa`, `fitness`, `for_disabled_guests`, `created_at`, `updated_at`) VALUES ('3', 0, 0, 1, 0, 1, 0, 0, 0, 0, '1990-02-07 03:45:26', '1978-10-24 01:27:01');
INSERT INTO `facilities` (`id`, `private_parking`, `swimming_pool`, `free_WI_FI`, `pet_friendly`, `non_smoking_rooms`, `restaurant`, `spa`, `fitness`, `for_disabled_guests`, `created_at`, `updated_at`) VALUES ('4', 1, 1, 0, 1, 0, 0, 1, 1, 0, '1975-12-16 11:49:26', '1971-02-16 11:27:53');
INSERT INTO `facilities` (`id`, `private_parking`, `swimming_pool`, `free_WI_FI`, `pet_friendly`, `non_smoking_rooms`, `restaurant`, `spa`, `fitness`, `for_disabled_guests`, `created_at`, `updated_at`) VALUES ('5', 0, 0, 0, 0, 0, 0, 0, 1, 0, '2011-04-15 07:56:02', '2020-02-16 08:14:45');
INSERT INTO `facilities` (`id`, `private_parking`, `swimming_pool`, `free_WI_FI`, `pet_friendly`, `non_smoking_rooms`, `restaurant`, `spa`, `fitness`, `for_disabled_guests`, `created_at`, `updated_at`) VALUES ('6', 0, 0, 0, 1, 0, 1, 0, 1, 0, '1977-03-20 20:48:59', '2010-05-13 19:23:38');
INSERT INTO `facilities` (`id`, `private_parking`, `swimming_pool`, `free_WI_FI`, `pet_friendly`, `non_smoking_rooms`, `restaurant`, `spa`, `fitness`, `for_disabled_guests`, `created_at`, `updated_at`) VALUES ('7', 0, 1, 0, 0, 1, 1, 0, 1, 1, '1982-08-21 18:49:04', '1991-09-30 11:27:22');
INSERT INTO `facilities` (`id`, `private_parking`, `swimming_pool`, `free_WI_FI`, `pet_friendly`, `non_smoking_rooms`, `restaurant`, `spa`, `fitness`, `for_disabled_guests`, `created_at`, `updated_at`) VALUES ('8', 0, 1, 0, 1, 1, 0, 0, 0, 0, '2019-05-21 07:34:53', '1975-04-16 10:24:19');
INSERT INTO `facilities` (`id`, `private_parking`, `swimming_pool`, `free_WI_FI`, `pet_friendly`, `non_smoking_rooms`, `restaurant`, `spa`, `fitness`, `for_disabled_guests`, `created_at`, `updated_at`) VALUES ('9', 1, 0, 0, 1, 0, 1, 0, 1, 1, '1999-02-28 17:37:59', '1994-01-04 08:12:06');
INSERT INTO `facilities` (`id`, `private_parking`, `swimming_pool`, `free_WI_FI`, `pet_friendly`, `non_smoking_rooms`, `restaurant`, `spa`, `fitness`, `for_disabled_guests`, `created_at`, `updated_at`) VALUES ('10', 0, 1, 1, 1, 0, 0, 1, 1, 1, '2010-04-13 20:57:35', '1991-08-22 00:45:22');
INSERT INTO `facilities` (`id`, `private_parking`, `swimming_pool`, `free_WI_FI`, `pet_friendly`, `non_smoking_rooms`, `restaurant`, `spa`, `fitness`, `for_disabled_guests`, `created_at`, `updated_at`) VALUES ('11', 1, 0, 0, 0, 1, 0, 0, 0, 0, '1995-06-02 21:31:33', '2004-09-07 19:04:34');
INSERT INTO `facilities` (`id`, `private_parking`, `swimming_pool`, `free_WI_FI`, `pet_friendly`, `non_smoking_rooms`, `restaurant`, `spa`, `fitness`, `for_disabled_guests`, `created_at`, `updated_at`) VALUES ('12', 0, 1, 0, 0, 0, 1, 0, 1, 0, '1994-04-12 18:08:47', '1994-09-18 16:00:16');
INSERT INTO `facilities` (`id`, `private_parking`, `swimming_pool`, `free_WI_FI`, `pet_friendly`, `non_smoking_rooms`, `restaurant`, `spa`, `fitness`, `for_disabled_guests`, `created_at`, `updated_at`) VALUES ('13', 1, 1, 0, 0, 0, 1, 0, 0, 1, '2004-12-22 11:05:15', '1982-12-07 13:50:49');
INSERT INTO `facilities` (`id`, `private_parking`, `swimming_pool`, `free_WI_FI`, `pet_friendly`, `non_smoking_rooms`, `restaurant`, `spa`, `fitness`, `for_disabled_guests`, `created_at`, `updated_at`) VALUES ('14', 0, 1, 1, 0, 0, 0, 1, 1, 0, '1980-04-12 15:38:08', '2002-12-26 12:06:01');
INSERT INTO `facilities` (`id`, `private_parking`, `swimming_pool`, `free_WI_FI`, `pet_friendly`, `non_smoking_rooms`, `restaurant`, `spa`, `fitness`, `for_disabled_guests`, `created_at`, `updated_at`) VALUES ('15', 0, 0, 1, 0, 0, 1, 1, 1, 1, '1988-01-03 06:12:59', '1972-09-27 02:26:49');
INSERT INTO `facilities` (`id`, `private_parking`, `swimming_pool`, `free_WI_FI`, `pet_friendly`, `non_smoking_rooms`, `restaurant`, `spa`, `fitness`, `for_disabled_guests`, `created_at`, `updated_at`) VALUES ('16', 0, 1, 1, 1, 0, 1, 0, 0, 1, '2012-04-02 17:30:21', '1992-01-07 22:58:44');
INSERT INTO `facilities` (`id`, `private_parking`, `swimming_pool`, `free_WI_FI`, `pet_friendly`, `non_smoking_rooms`, `restaurant`, `spa`, `fitness`, `for_disabled_guests`, `created_at`, `updated_at`) VALUES ('17', 1, 1, 0, 0, 0, 0, 0, 0, 1, '1975-03-20 19:47:58', '1985-10-10 10:50:11');
INSERT INTO `facilities` (`id`, `private_parking`, `swimming_pool`, `free_WI_FI`, `pet_friendly`, `non_smoking_rooms`, `restaurant`, `spa`, `fitness`, `for_disabled_guests`, `created_at`, `updated_at`) VALUES ('18', 0, 0, 0, 0, 1, 1, 1, 1, 0, '1984-05-16 14:58:55', '2014-12-03 23:20:20');
INSERT INTO `facilities` (`id`, `private_parking`, `swimming_pool`, `free_WI_FI`, `pet_friendly`, `non_smoking_rooms`, `restaurant`, `spa`, `fitness`, `for_disabled_guests`, `created_at`, `updated_at`) VALUES ('19', 0, 1, 0, 1, 0, 0, 0, 1, 0, '2003-12-04 00:46:22', '1999-05-10 12:54:33');
INSERT INTO `facilities` (`id`, `private_parking`, `swimming_pool`, `free_WI_FI`, `pet_friendly`, `non_smoking_rooms`, `restaurant`, `spa`, `fitness`, `for_disabled_guests`, `created_at`, `updated_at`) VALUES ('20', 1, 0, 0, 0, 1, 1, 1, 1, 1, '1972-06-22 19:16:10', '1992-11-18 13:27:51');
INSERT INTO `facilities` (`id`, `private_parking`, `swimming_pool`, `free_WI_FI`, `pet_friendly`, `non_smoking_rooms`, `restaurant`, `spa`, `fitness`, `for_disabled_guests`, `created_at`, `updated_at`) VALUES ('21', 0, 1, 1, 0, 1, 0, 0, 0, 1, '2000-04-04 02:25:44', '1979-05-18 19:37:35');
INSERT INTO `facilities` (`id`, `private_parking`, `swimming_pool`, `free_WI_FI`, `pet_friendly`, `non_smoking_rooms`, `restaurant`, `spa`, `fitness`, `for_disabled_guests`, `created_at`, `updated_at`) VALUES ('22', 0, 0, 0, 0, 1, 0, 1, 1, 1, '1977-04-16 04:47:11', '2006-01-19 19:18:03');
INSERT INTO `facilities` (`id`, `private_parking`, `swimming_pool`, `free_WI_FI`, `pet_friendly`, `non_smoking_rooms`, `restaurant`, `spa`, `fitness`, `for_disabled_guests`, `created_at`, `updated_at`) VALUES ('23', 1, 0, 0, 1, 0, 1, 0, 0, 1, '1987-12-28 17:11:54', '2014-12-28 12:52:34');
INSERT INTO `facilities` (`id`, `private_parking`, `swimming_pool`, `free_WI_FI`, `pet_friendly`, `non_smoking_rooms`, `restaurant`, `spa`, `fitness`, `for_disabled_guests`, `created_at`, `updated_at`) VALUES ('24', 1, 1, 1, 1, 1, 1, 0, 0, 1, '1974-10-13 07:48:05', '1997-10-02 15:23:40');
INSERT INTO `facilities` (`id`, `private_parking`, `swimming_pool`, `free_WI_FI`, `pet_friendly`, `non_smoking_rooms`, `restaurant`, `spa`, `fitness`, `for_disabled_guests`, `created_at`, `updated_at`) VALUES ('25', 0, 0, 1, 1, 1, 1, 0, 0, 1, '2019-04-16 12:05:35', '1975-08-22 08:14:09');
INSERT INTO `facilities` (`id`, `private_parking`, `swimming_pool`, `free_WI_FI`, `pet_friendly`, `non_smoking_rooms`, `restaurant`, `spa`, `fitness`, `for_disabled_guests`, `created_at`, `updated_at`) VALUES ('26', 1, 1, 1, 0, 1, 0, 0, 0, 0, '1974-11-17 19:48:21', '1971-03-22 16:40:31');
INSERT INTO `facilities` (`id`, `private_parking`, `swimming_pool`, `free_WI_FI`, `pet_friendly`, `non_smoking_rooms`, `restaurant`, `spa`, `fitness`, `for_disabled_guests`, `created_at`, `updated_at`) VALUES ('27', 0, 0, 0, 1, 1, 0, 0, 0, 0, '2008-06-10 13:44:31', '1999-05-14 15:52:41');
INSERT INTO `facilities` (`id`, `private_parking`, `swimming_pool`, `free_WI_FI`, `pet_friendly`, `non_smoking_rooms`, `restaurant`, `spa`, `fitness`, `for_disabled_guests`, `created_at`, `updated_at`) VALUES ('28', 1, 1, 0, 1, 0, 0, 1, 0, 0, '1993-08-01 14:33:34', '1985-03-08 15:45:31');
INSERT INTO `facilities` (`id`, `private_parking`, `swimming_pool`, `free_WI_FI`, `pet_friendly`, `non_smoking_rooms`, `restaurant`, `spa`, `fitness`, `for_disabled_guests`, `created_at`, `updated_at`) VALUES ('29', 1, 0, 1, 0, 0, 1, 0, 1, 1, '2009-09-12 14:20:22', '1981-01-19 17:57:36');
INSERT INTO `facilities` (`id`, `private_parking`, `swimming_pool`, `free_WI_FI`, `pet_friendly`, `non_smoking_rooms`, `restaurant`, `spa`, `fitness`, `for_disabled_guests`, `created_at`, `updated_at`) VALUES ('30', 0, 1, 0, 0, 0, 0, 0, 0, 0, '1970-12-17 18:28:53', '1972-01-25 14:36:45');
INSERT INTO `facilities` (`id`, `private_parking`, `swimming_pool`, `free_WI_FI`, `pet_friendly`, `non_smoking_rooms`, `restaurant`, `spa`, `fitness`, `for_disabled_guests`, `created_at`, `updated_at`) VALUES ('31', 1, 0, 0, 1, 0, 0, 0, 1, 1, '1970-01-04 13:43:00', '2004-03-22 22:37:31');
INSERT INTO `facilities` (`id`, `private_parking`, `swimming_pool`, `free_WI_FI`, `pet_friendly`, `non_smoking_rooms`, `restaurant`, `spa`, `fitness`, `for_disabled_guests`, `created_at`, `updated_at`) VALUES ('32', 1, 0, 0, 0, 1, 1, 1, 1, 0, '1998-12-17 00:18:17', '1975-11-06 07:03:40');
INSERT INTO `facilities` (`id`, `private_parking`, `swimming_pool`, `free_WI_FI`, `pet_friendly`, `non_smoking_rooms`, `restaurant`, `spa`, `fitness`, `for_disabled_guests`, `created_at`, `updated_at`) VALUES ('33', 1, 0, 1, 0, 1, 1, 1, 1, 0, '2013-12-20 08:14:05', '1984-03-03 15:19:27');
INSERT INTO `facilities` (`id`, `private_parking`, `swimming_pool`, `free_WI_FI`, `pet_friendly`, `non_smoking_rooms`, `restaurant`, `spa`, `fitness`, `for_disabled_guests`, `created_at`, `updated_at`) VALUES ('34', 1, 0, 0, 0, 0, 1, 1, 1, 0, '1972-08-27 15:43:20', '2011-06-29 06:06:29');
INSERT INTO `facilities` (`id`, `private_parking`, `swimming_pool`, `free_WI_FI`, `pet_friendly`, `non_smoking_rooms`, `restaurant`, `spa`, `fitness`, `for_disabled_guests`, `created_at`, `updated_at`) VALUES ('35', 0, 0, 0, 0, 0, 1, 0, 0, 1, '1971-02-17 07:33:52', '1979-10-20 07:48:07');
INSERT INTO `facilities` (`id`, `private_parking`, `swimming_pool`, `free_WI_FI`, `pet_friendly`, `non_smoking_rooms`, `restaurant`, `spa`, `fitness`, `for_disabled_guests`, `created_at`, `updated_at`) VALUES ('36', 0, 0, 1, 1, 1, 1, 0, 0, 0, '1974-02-17 03:56:38', '1987-07-11 19:31:34');
INSERT INTO `facilities` (`id`, `private_parking`, `swimming_pool`, `free_WI_FI`, `pet_friendly`, `non_smoking_rooms`, `restaurant`, `spa`, `fitness`, `for_disabled_guests`, `created_at`, `updated_at`) VALUES ('37', 1, 1, 1, 1, 0, 1, 1, 1, 0, '1974-10-25 01:54:33', '1973-07-14 02:52:14');
INSERT INTO `facilities` (`id`, `private_parking`, `swimming_pool`, `free_WI_FI`, `pet_friendly`, `non_smoking_rooms`, `restaurant`, `spa`, `fitness`, `for_disabled_guests`, `created_at`, `updated_at`) VALUES ('38', 0, 0, 1, 1, 1, 1, 0, 0, 0, '1998-03-03 23:44:13', '2012-11-20 17:58:03');
INSERT INTO `facilities` (`id`, `private_parking`, `swimming_pool`, `free_WI_FI`, `pet_friendly`, `non_smoking_rooms`, `restaurant`, `spa`, `fitness`, `for_disabled_guests`, `created_at`, `updated_at`) VALUES ('39', 1, 0, 1, 1, 1, 0, 1, 0, 0, '2005-11-07 06:48:31', '2015-02-17 03:45:56');
INSERT INTO `facilities` (`id`, `private_parking`, `swimming_pool`, `free_WI_FI`, `pet_friendly`, `non_smoking_rooms`, `restaurant`, `spa`, `fitness`, `for_disabled_guests`, `created_at`, `updated_at`) VALUES ('40', 1, 1, 0, 0, 1, 0, 0, 0, 1, '2019-04-16 06:31:42', '2017-03-17 03:24:40');
INSERT INTO `facilities` (`id`, `private_parking`, `swimming_pool`, `free_WI_FI`, `pet_friendly`, `non_smoking_rooms`, `restaurant`, `spa`, `fitness`, `for_disabled_guests`, `created_at`, `updated_at`) VALUES ('41', 1, 1, 0, 0, 1, 1, 0, 1, 1, '1972-02-11 17:41:24', '1971-07-24 18:51:18');
INSERT INTO `facilities` (`id`, `private_parking`, `swimming_pool`, `free_WI_FI`, `pet_friendly`, `non_smoking_rooms`, `restaurant`, `spa`, `fitness`, `for_disabled_guests`, `created_at`, `updated_at`) VALUES ('42', 1, 0, 1, 1, 0, 1, 1, 0, 1, '1999-04-21 13:10:52', '2012-03-27 01:32:18');
INSERT INTO `facilities` (`id`, `private_parking`, `swimming_pool`, `free_WI_FI`, `pet_friendly`, `non_smoking_rooms`, `restaurant`, `spa`, `fitness`, `for_disabled_guests`, `created_at`, `updated_at`) VALUES ('43', 0, 1, 0, 0, 0, 1, 0, 1, 0, '1997-05-09 20:45:49', '2018-03-07 16:11:20');
INSERT INTO `facilities` (`id`, `private_parking`, `swimming_pool`, `free_WI_FI`, `pet_friendly`, `non_smoking_rooms`, `restaurant`, `spa`, `fitness`, `for_disabled_guests`, `created_at`, `updated_at`) VALUES ('44', 1, 1, 1, 0, 0, 1, 1, 0, 1, '1976-03-07 07:23:35', '1983-07-19 09:29:51');
INSERT INTO `facilities` (`id`, `private_parking`, `swimming_pool`, `free_WI_FI`, `pet_friendly`, `non_smoking_rooms`, `restaurant`, `spa`, `fitness`, `for_disabled_guests`, `created_at`, `updated_at`) VALUES ('45', 0, 0, 1, 1, 0, 1, 1, 0, 0, '2011-11-03 17:08:46', '1993-06-12 15:25:12');
INSERT INTO `facilities` (`id`, `private_parking`, `swimming_pool`, `free_WI_FI`, `pet_friendly`, `non_smoking_rooms`, `restaurant`, `spa`, `fitness`, `for_disabled_guests`, `created_at`, `updated_at`) VALUES ('46', 0, 1, 1, 1, 0, 0, 1, 0, 0, '1986-04-08 23:10:46', '2007-02-28 01:09:02');
INSERT INTO `facilities` (`id`, `private_parking`, `swimming_pool`, `free_WI_FI`, `pet_friendly`, `non_smoking_rooms`, `restaurant`, `spa`, `fitness`, `for_disabled_guests`, `created_at`, `updated_at`) VALUES ('47', 1, 1, 0, 1, 0, 1, 0, 1, 0, '1999-05-09 21:25:45', '1984-05-11 04:48:31');
INSERT INTO `facilities` (`id`, `private_parking`, `swimming_pool`, `free_WI_FI`, `pet_friendly`, `non_smoking_rooms`, `restaurant`, `spa`, `fitness`, `for_disabled_guests`, `created_at`, `updated_at`) VALUES ('48', 1, 1, 1, 1, 1, 0, 1, 1, 1, '1974-11-07 23:01:37', '1995-03-24 12:21:36');
INSERT INTO `facilities` (`id`, `private_parking`, `swimming_pool`, `free_WI_FI`, `pet_friendly`, `non_smoking_rooms`, `restaurant`, `spa`, `fitness`, `for_disabled_guests`, `created_at`, `updated_at`) VALUES ('49', 0, 1, 1, 1, 1, 1, 1, 1, 1, '2003-01-15 02:01:49', '1977-12-30 19:08:37');
INSERT INTO `facilities` (`id`, `private_parking`, `swimming_pool`, `free_WI_FI`, `pet_friendly`, `non_smoking_rooms`, `restaurant`, `spa`, `fitness`, `for_disabled_guests`, `created_at`, `updated_at`) VALUES ('50', 0, 1, 0, 1, 0, 0, 0, 1, 0, '1980-08-08 22:06:03', '2012-12-21 16:56:25');
INSERT INTO `facilities` (`id`, `private_parking`, `swimming_pool`, `free_WI_FI`, `pet_friendly`, `non_smoking_rooms`, `restaurant`, `spa`, `fitness`, `for_disabled_guests`, `created_at`, `updated_at`) VALUES ('51', 0, 1, 0, 1, 1, 0, 0, 0, 0, '1982-02-01 06:34:30', '1989-10-20 15:02:30');
INSERT INTO `facilities` (`id`, `private_parking`, `swimming_pool`, `free_WI_FI`, `pet_friendly`, `non_smoking_rooms`, `restaurant`, `spa`, `fitness`, `for_disabled_guests`, `created_at`, `updated_at`) VALUES ('52', 0, 0, 0, 1, 0, 0, 1, 1, 0, '1988-10-11 22:53:19', '1991-12-20 22:52:55');
INSERT INTO `facilities` (`id`, `private_parking`, `swimming_pool`, `free_WI_FI`, `pet_friendly`, `non_smoking_rooms`, `restaurant`, `spa`, `fitness`, `for_disabled_guests`, `created_at`, `updated_at`) VALUES ('53', 1, 0, 0, 1, 1, 0, 0, 1, 0, '1985-01-23 22:16:53', '1993-06-08 04:41:45');
INSERT INTO `facilities` (`id`, `private_parking`, `swimming_pool`, `free_WI_FI`, `pet_friendly`, `non_smoking_rooms`, `restaurant`, `spa`, `fitness`, `for_disabled_guests`, `created_at`, `updated_at`) VALUES ('54', 0, 0, 1, 1, 1, 0, 0, 1, 1, '1992-04-28 22:00:28', '1997-03-09 13:40:59');
INSERT INTO `facilities` (`id`, `private_parking`, `swimming_pool`, `free_WI_FI`, `pet_friendly`, `non_smoking_rooms`, `restaurant`, `spa`, `fitness`, `for_disabled_guests`, `created_at`, `updated_at`) VALUES ('55', 0, 1, 0, 0, 0, 0, 1, 0, 1, '1972-09-04 16:39:00', '2006-06-06 19:40:39');
INSERT INTO `facilities` (`id`, `private_parking`, `swimming_pool`, `free_WI_FI`, `pet_friendly`, `non_smoking_rooms`, `restaurant`, `spa`, `fitness`, `for_disabled_guests`, `created_at`, `updated_at`) VALUES ('56', 0, 1, 1, 1, 1, 0, 1, 0, 0, '1991-05-19 23:51:46', '1998-08-15 05:00:49');
INSERT INTO `facilities` (`id`, `private_parking`, `swimming_pool`, `free_WI_FI`, `pet_friendly`, `non_smoking_rooms`, `restaurant`, `spa`, `fitness`, `for_disabled_guests`, `created_at`, `updated_at`) VALUES ('57', 1, 0, 0, 0, 0, 0, 1, 1, 0, '2012-11-10 00:14:01', '2011-05-15 23:28:32');
INSERT INTO `facilities` (`id`, `private_parking`, `swimming_pool`, `free_WI_FI`, `pet_friendly`, `non_smoking_rooms`, `restaurant`, `spa`, `fitness`, `for_disabled_guests`, `created_at`, `updated_at`) VALUES ('58', 1, 1, 1, 0, 1, 1, 1, 1, 1, '2008-09-19 19:11:16', '1990-11-29 09:36:00');
INSERT INTO `facilities` (`id`, `private_parking`, `swimming_pool`, `free_WI_FI`, `pet_friendly`, `non_smoking_rooms`, `restaurant`, `spa`, `fitness`, `for_disabled_guests`, `created_at`, `updated_at`) VALUES ('59', 0, 1, 0, 1, 1, 0, 1, 0, 0, '1980-07-15 13:39:44', '1992-09-30 02:35:57');
INSERT INTO `facilities` (`id`, `private_parking`, `swimming_pool`, `free_WI_FI`, `pet_friendly`, `non_smoking_rooms`, `restaurant`, `spa`, `fitness`, `for_disabled_guests`, `created_at`, `updated_at`) VALUES ('60', 1, 0, 1, 1, 0, 0, 0, 0, 1, '2003-03-11 05:51:20', '2003-01-19 23:07:35');
INSERT INTO `facilities` (`id`, `private_parking`, `swimming_pool`, `free_WI_FI`, `pet_friendly`, `non_smoking_rooms`, `restaurant`, `spa`, `fitness`, `for_disabled_guests`, `created_at`, `updated_at`) VALUES ('61', 0, 1, 1, 1, 0, 0, 0, 1, 1, '1975-09-13 08:13:34', '2015-11-09 10:15:33');
INSERT INTO `facilities` (`id`, `private_parking`, `swimming_pool`, `free_WI_FI`, `pet_friendly`, `non_smoking_rooms`, `restaurant`, `spa`, `fitness`, `for_disabled_guests`, `created_at`, `updated_at`) VALUES ('62', 0, 0, 0, 0, 1, 0, 0, 1, 1, '1970-11-07 14:27:00', '2008-07-29 05:42:04');
INSERT INTO `facilities` (`id`, `private_parking`, `swimming_pool`, `free_WI_FI`, `pet_friendly`, `non_smoking_rooms`, `restaurant`, `spa`, `fitness`, `for_disabled_guests`, `created_at`, `updated_at`) VALUES ('63', 1, 1, 1, 0, 1, 0, 0, 1, 0, '1991-12-05 16:33:19', '2015-10-23 15:24:23');
INSERT INTO `facilities` (`id`, `private_parking`, `swimming_pool`, `free_WI_FI`, `pet_friendly`, `non_smoking_rooms`, `restaurant`, `spa`, `fitness`, `for_disabled_guests`, `created_at`, `updated_at`) VALUES ('64', 1, 1, 0, 0, 0, 1, 0, 1, 1, '2001-01-03 00:30:45', '1999-11-15 00:34:24');
INSERT INTO `facilities` (`id`, `private_parking`, `swimming_pool`, `free_WI_FI`, `pet_friendly`, `non_smoking_rooms`, `restaurant`, `spa`, `fitness`, `for_disabled_guests`, `created_at`, `updated_at`) VALUES ('65', 1, 1, 1, 0, 0, 0, 0, 0, 0, '2004-02-21 17:37:39', '2010-08-23 14:40:14');
INSERT INTO `facilities` (`id`, `private_parking`, `swimming_pool`, `free_WI_FI`, `pet_friendly`, `non_smoking_rooms`, `restaurant`, `spa`, `fitness`, `for_disabled_guests`, `created_at`, `updated_at`) VALUES ('66', 0, 0, 0, 0, 0, 1, 1, 0, 0, '1991-10-10 15:18:14', '1993-03-18 13:43:25');
INSERT INTO `facilities` (`id`, `private_parking`, `swimming_pool`, `free_WI_FI`, `pet_friendly`, `non_smoking_rooms`, `restaurant`, `spa`, `fitness`, `for_disabled_guests`, `created_at`, `updated_at`) VALUES ('67', 1, 0, 1, 0, 0, 1, 0, 0, 1, '2012-04-20 07:39:53', '1979-09-06 23:20:55');
INSERT INTO `facilities` (`id`, `private_parking`, `swimming_pool`, `free_WI_FI`, `pet_friendly`, `non_smoking_rooms`, `restaurant`, `spa`, `fitness`, `for_disabled_guests`, `created_at`, `updated_at`) VALUES ('68', 1, 1, 0, 0, 0, 1, 1, 0, 0, '2008-02-19 03:14:50', '1970-04-27 15:44:25');
INSERT INTO `facilities` (`id`, `private_parking`, `swimming_pool`, `free_WI_FI`, `pet_friendly`, `non_smoking_rooms`, `restaurant`, `spa`, `fitness`, `for_disabled_guests`, `created_at`, `updated_at`) VALUES ('69', 0, 1, 1, 0, 0, 1, 0, 1, 1, '1990-09-12 10:37:54', '1994-07-15 14:31:08');
INSERT INTO `facilities` (`id`, `private_parking`, `swimming_pool`, `free_WI_FI`, `pet_friendly`, `non_smoking_rooms`, `restaurant`, `spa`, `fitness`, `for_disabled_guests`, `created_at`, `updated_at`) VALUES ('70', 0, 0, 1, 0, 0, 0, 1, 0, 1, '2016-03-20 11:15:23', '1982-09-03 15:05:46');
INSERT INTO `facilities` (`id`, `private_parking`, `swimming_pool`, `free_WI_FI`, `pet_friendly`, `non_smoking_rooms`, `restaurant`, `spa`, `fitness`, `for_disabled_guests`, `created_at`, `updated_at`) VALUES ('71', 1, 0, 1, 0, 0, 0, 1, 1, 0, '1994-03-26 20:50:22', '2016-03-28 18:12:42');
INSERT INTO `facilities` (`id`, `private_parking`, `swimming_pool`, `free_WI_FI`, `pet_friendly`, `non_smoking_rooms`, `restaurant`, `spa`, `fitness`, `for_disabled_guests`, `created_at`, `updated_at`) VALUES ('72', 1, 1, 1, 1, 0, 0, 0, 0, 0, '2014-03-14 18:08:37', '1976-05-09 14:53:56');
INSERT INTO `facilities` (`id`, `private_parking`, `swimming_pool`, `free_WI_FI`, `pet_friendly`, `non_smoking_rooms`, `restaurant`, `spa`, `fitness`, `for_disabled_guests`, `created_at`, `updated_at`) VALUES ('73', 1, 1, 1, 1, 0, 1, 1, 0, 1, '2005-06-16 21:36:34', '1996-08-26 16:03:53');
INSERT INTO `facilities` (`id`, `private_parking`, `swimming_pool`, `free_WI_FI`, `pet_friendly`, `non_smoking_rooms`, `restaurant`, `spa`, `fitness`, `for_disabled_guests`, `created_at`, `updated_at`) VALUES ('74', 1, 0, 0, 0, 1, 1, 1, 1, 0, '2001-06-26 07:26:21', '1983-08-21 01:33:27');
INSERT INTO `facilities` (`id`, `private_parking`, `swimming_pool`, `free_WI_FI`, `pet_friendly`, `non_smoking_rooms`, `restaurant`, `spa`, `fitness`, `for_disabled_guests`, `created_at`, `updated_at`) VALUES ('75', 1, 0, 0, 0, 1, 0, 0, 1, 1, '2010-12-05 10:48:45', '2013-06-08 13:12:32');
INSERT INTO `facilities` (`id`, `private_parking`, `swimming_pool`, `free_WI_FI`, `pet_friendly`, `non_smoking_rooms`, `restaurant`, `spa`, `fitness`, `for_disabled_guests`, `created_at`, `updated_at`) VALUES ('76', 0, 1, 0, 1, 1, 0, 0, 0, 0, '2009-03-29 09:17:26', '1974-07-12 04:11:12');
INSERT INTO `facilities` (`id`, `private_parking`, `swimming_pool`, `free_WI_FI`, `pet_friendly`, `non_smoking_rooms`, `restaurant`, `spa`, `fitness`, `for_disabled_guests`, `created_at`, `updated_at`) VALUES ('77', 1, 1, 1, 0, 1, 1, 0, 1, 1, '2008-01-08 15:10:52', '2019-03-31 09:32:32');
INSERT INTO `facilities` (`id`, `private_parking`, `swimming_pool`, `free_WI_FI`, `pet_friendly`, `non_smoking_rooms`, `restaurant`, `spa`, `fitness`, `for_disabled_guests`, `created_at`, `updated_at`) VALUES ('78', 0, 0, 1, 0, 0, 1, 0, 1, 0, '2009-12-05 07:01:45', '1985-05-17 06:01:33');
INSERT INTO `facilities` (`id`, `private_parking`, `swimming_pool`, `free_WI_FI`, `pet_friendly`, `non_smoking_rooms`, `restaurant`, `spa`, `fitness`, `for_disabled_guests`, `created_at`, `updated_at`) VALUES ('79', 1, 0, 1, 0, 0, 1, 1, 0, 0, '1979-09-05 12:16:59', '2018-03-30 16:39:53');
INSERT INTO `facilities` (`id`, `private_parking`, `swimming_pool`, `free_WI_FI`, `pet_friendly`, `non_smoking_rooms`, `restaurant`, `spa`, `fitness`, `for_disabled_guests`, `created_at`, `updated_at`) VALUES ('80', 0, 0, 0, 1, 0, 1, 1, 1, 1, '2004-02-05 06:34:46', '1980-05-29 21:02:46');
INSERT INTO `facilities` (`id`, `private_parking`, `swimming_pool`, `free_WI_FI`, `pet_friendly`, `non_smoking_rooms`, `restaurant`, `spa`, `fitness`, `for_disabled_guests`, `created_at`, `updated_at`) VALUES ('81', 1, 1, 0, 1, 0, 0, 1, 0, 0, '2001-08-25 00:00:46', '2001-01-02 11:29:02');
INSERT INTO `facilities` (`id`, `private_parking`, `swimming_pool`, `free_WI_FI`, `pet_friendly`, `non_smoking_rooms`, `restaurant`, `spa`, `fitness`, `for_disabled_guests`, `created_at`, `updated_at`) VALUES ('82', 1, 0, 1, 1, 0, 1, 1, 0, 0, '1973-01-20 20:14:44', '1972-01-09 17:02:40');
INSERT INTO `facilities` (`id`, `private_parking`, `swimming_pool`, `free_WI_FI`, `pet_friendly`, `non_smoking_rooms`, `restaurant`, `spa`, `fitness`, `for_disabled_guests`, `created_at`, `updated_at`) VALUES ('83', 0, 0, 1, 0, 0, 1, 0, 0, 1, '2014-05-08 13:12:00', '1995-03-18 08:01:12');
INSERT INTO `facilities` (`id`, `private_parking`, `swimming_pool`, `free_WI_FI`, `pet_friendly`, `non_smoking_rooms`, `restaurant`, `spa`, `fitness`, `for_disabled_guests`, `created_at`, `updated_at`) VALUES ('84', 1, 1, 0, 0, 0, 1, 1, 1, 0, '1970-08-09 20:37:47', '1995-04-20 03:10:14');
INSERT INTO `facilities` (`id`, `private_parking`, `swimming_pool`, `free_WI_FI`, `pet_friendly`, `non_smoking_rooms`, `restaurant`, `spa`, `fitness`, `for_disabled_guests`, `created_at`, `updated_at`) VALUES ('85', 1, 0, 0, 1, 1, 1, 1, 0, 0, '1993-07-03 22:26:47', '1980-09-10 16:43:06');
INSERT INTO `facilities` (`id`, `private_parking`, `swimming_pool`, `free_WI_FI`, `pet_friendly`, `non_smoking_rooms`, `restaurant`, `spa`, `fitness`, `for_disabled_guests`, `created_at`, `updated_at`) VALUES ('86', 0, 0, 1, 0, 1, 1, 0, 0, 1, '2019-12-04 00:52:36', '1978-06-27 17:39:12');
INSERT INTO `facilities` (`id`, `private_parking`, `swimming_pool`, `free_WI_FI`, `pet_friendly`, `non_smoking_rooms`, `restaurant`, `spa`, `fitness`, `for_disabled_guests`, `created_at`, `updated_at`) VALUES ('87', 1, 0, 1, 1, 1, 0, 1, 1, 0, '1997-08-11 18:48:02', '1990-01-05 04:24:30');
INSERT INTO `facilities` (`id`, `private_parking`, `swimming_pool`, `free_WI_FI`, `pet_friendly`, `non_smoking_rooms`, `restaurant`, `spa`, `fitness`, `for_disabled_guests`, `created_at`, `updated_at`) VALUES ('88', 1, 0, 1, 0, 1, 0, 0, 1, 0, '2005-10-23 21:40:39', '2005-11-18 13:30:27');
INSERT INTO `facilities` (`id`, `private_parking`, `swimming_pool`, `free_WI_FI`, `pet_friendly`, `non_smoking_rooms`, `restaurant`, `spa`, `fitness`, `for_disabled_guests`, `created_at`, `updated_at`) VALUES ('89', 0, 1, 0, 1, 0, 0, 0, 0, 1, '1999-06-04 01:55:04', '1989-09-10 01:22:33');
INSERT INTO `facilities` (`id`, `private_parking`, `swimming_pool`, `free_WI_FI`, `pet_friendly`, `non_smoking_rooms`, `restaurant`, `spa`, `fitness`, `for_disabled_guests`, `created_at`, `updated_at`) VALUES ('90', 0, 1, 1, 1, 0, 0, 0, 0, 1, '1978-03-17 04:16:51', '2003-01-29 12:02:32');
INSERT INTO `facilities` (`id`, `private_parking`, `swimming_pool`, `free_WI_FI`, `pet_friendly`, `non_smoking_rooms`, `restaurant`, `spa`, `fitness`, `for_disabled_guests`, `created_at`, `updated_at`) VALUES ('91', 1, 0, 1, 1, 1, 0, 0, 1, 1, '2005-08-20 21:23:13', '1996-07-26 16:20:06');
INSERT INTO `facilities` (`id`, `private_parking`, `swimming_pool`, `free_WI_FI`, `pet_friendly`, `non_smoking_rooms`, `restaurant`, `spa`, `fitness`, `for_disabled_guests`, `created_at`, `updated_at`) VALUES ('92', 1, 0, 0, 1, 0, 0, 1, 0, 0, '2009-04-29 01:21:59', '2016-07-10 15:45:29');
INSERT INTO `facilities` (`id`, `private_parking`, `swimming_pool`, `free_WI_FI`, `pet_friendly`, `non_smoking_rooms`, `restaurant`, `spa`, `fitness`, `for_disabled_guests`, `created_at`, `updated_at`) VALUES ('93', 1, 1, 1, 1, 0, 0, 0, 1, 0, '1979-05-23 16:43:56', '2008-04-15 12:00:22');
INSERT INTO `facilities` (`id`, `private_parking`, `swimming_pool`, `free_WI_FI`, `pet_friendly`, `non_smoking_rooms`, `restaurant`, `spa`, `fitness`, `for_disabled_guests`, `created_at`, `updated_at`) VALUES ('94', 1, 0, 0, 0, 0, 1, 0, 0, 1, '2008-09-21 09:11:16', '2007-06-02 11:44:51');
INSERT INTO `facilities` (`id`, `private_parking`, `swimming_pool`, `free_WI_FI`, `pet_friendly`, `non_smoking_rooms`, `restaurant`, `spa`, `fitness`, `for_disabled_guests`, `created_at`, `updated_at`) VALUES ('95', 1, 1, 0, 0, 1, 0, 1, 0, 0, '1978-02-14 20:04:35', '1970-05-04 19:31:57');
INSERT INTO `facilities` (`id`, `private_parking`, `swimming_pool`, `free_WI_FI`, `pet_friendly`, `non_smoking_rooms`, `restaurant`, `spa`, `fitness`, `for_disabled_guests`, `created_at`, `updated_at`) VALUES ('96', 0, 1, 1, 0, 1, 1, 0, 1, 1, '1987-11-18 01:37:12', '1994-08-23 21:32:48');
INSERT INTO `facilities` (`id`, `private_parking`, `swimming_pool`, `free_WI_FI`, `pet_friendly`, `non_smoking_rooms`, `restaurant`, `spa`, `fitness`, `for_disabled_guests`, `created_at`, `updated_at`) VALUES ('97', 0, 1, 0, 1, 0, 1, 1, 1, 1, '2020-03-20 07:41:22', '1981-09-24 02:09:03');
INSERT INTO `facilities` (`id`, `private_parking`, `swimming_pool`, `free_WI_FI`, `pet_friendly`, `non_smoking_rooms`, `restaurant`, `spa`, `fitness`, `for_disabled_guests`, `created_at`, `updated_at`) VALUES ('98', 1, 0, 0, 0, 0, 0, 1, 1, 0, '1979-04-25 11:22:51', '2015-05-31 15:28:30');
INSERT INTO `facilities` (`id`, `private_parking`, `swimming_pool`, `free_WI_FI`, `pet_friendly`, `non_smoking_rooms`, `restaurant`, `spa`, `fitness`, `for_disabled_guests`, `created_at`, `updated_at`) VALUES ('99', 0, 0, 1, 0, 1, 0, 0, 0, 1, '1979-09-07 01:23:56', '1993-04-12 05:28:59');
INSERT INTO `facilities` (`id`, `private_parking`, `swimming_pool`, `free_WI_FI`, `pet_friendly`, `non_smoking_rooms`, `restaurant`, `spa`, `fitness`, `for_disabled_guests`, `created_at`, `updated_at`) VALUES ('100', 1, 0, 1, 0, 1, 1, 1, 1, 1, '2001-08-27 10:53:02', '1987-09-13 16:07:38');

#
# TABLE STRUCTURE FOR: room_facilities
#

INSERT INTO `room_facilities` (`id`, `kitchen`, `bathtub_or_shower`, `sofa`, `towels`, `cleaning_products`, `TV`, `refrigerator`, `telephone`, `microwave`, `hairdryer`, `safe`, `wake_up_service`, `toilet_paper`, `desk`, `dining_table`, `created_at`, `updated_at`) VALUES ('1', 0, 0, 0, 1, 1, 0, 0, 0, 1, 1, 0, 0, 0, 1, 0, '2013-01-04 01:40:20', '2017-08-13 18:57:24');
INSERT INTO `room_facilities` (`id`, `kitchen`, `bathtub_or_shower`, `sofa`, `towels`, `cleaning_products`, `TV`, `refrigerator`, `telephone`, `microwave`, `hairdryer`, `safe`, `wake_up_service`, `toilet_paper`, `desk`, `dining_table`, `created_at`, `updated_at`) VALUES ('2', 1, 1, 0, 0, 0, 1, 0, 1, 0, 1, 1, 0, 1, 1, 0, '2016-10-11 04:12:29', '2019-05-14 00:08:20');
INSERT INTO `room_facilities` (`id`, `kitchen`, `bathtub_or_shower`, `sofa`, `towels`, `cleaning_products`, `TV`, `refrigerator`, `telephone`, `microwave`, `hairdryer`, `safe`, `wake_up_service`, `toilet_paper`, `desk`, `dining_table`, `created_at`, `updated_at`) VALUES ('3', 0, 1, 1, 0, 0, 1, 1, 0, 1, 0, 0, 0, 1, 1, 0, '2012-10-04 07:48:35', '2014-09-28 22:48:23');
INSERT INTO `room_facilities` (`id`, `kitchen`, `bathtub_or_shower`, `sofa`, `towels`, `cleaning_products`, `TV`, `refrigerator`, `telephone`, `microwave`, `hairdryer`, `safe`, `wake_up_service`, `toilet_paper`, `desk`, `dining_table`, `created_at`, `updated_at`) VALUES ('4', 1, 0, 0, 1, 0, 1, 1, 1, 0, 1, 0, 0, 1, 0, 1, '2019-09-29 01:56:10', '2011-08-11 23:47:26');
INSERT INTO `room_facilities` (`id`, `kitchen`, `bathtub_or_shower`, `sofa`, `towels`, `cleaning_products`, `TV`, `refrigerator`, `telephone`, `microwave`, `hairdryer`, `safe`, `wake_up_service`, `toilet_paper`, `desk`, `dining_table`, `created_at`, `updated_at`) VALUES ('5', 0, 1, 0, 0, 0, 0, 1, 0, 1, 1, 1, 1, 0, 0, 1, '2014-04-09 05:31:25', '2015-08-23 18:44:58');
INSERT INTO `room_facilities` (`id`, `kitchen`, `bathtub_or_shower`, `sofa`, `towels`, `cleaning_products`, `TV`, `refrigerator`, `telephone`, `microwave`, `hairdryer`, `safe`, `wake_up_service`, `toilet_paper`, `desk`, `dining_table`, `created_at`, `updated_at`) VALUES ('6', 1, 1, 1, 1, 1, 1, 0, 1, 1, 1, 1, 1, 0, 0, 0, '2015-08-06 02:07:19', '2018-10-18 23:12:39');
INSERT INTO `room_facilities` (`id`, `kitchen`, `bathtub_or_shower`, `sofa`, `towels`, `cleaning_products`, `TV`, `refrigerator`, `telephone`, `microwave`, `hairdryer`, `safe`, `wake_up_service`, `toilet_paper`, `desk`, `dining_table`, `created_at`, `updated_at`) VALUES ('7', 0, 0, 1, 1, 1, 0, 1, 1, 1, 0, 1, 1, 0, 0, 0, '2011-02-25 12:37:40', '2014-11-22 05:23:21');
INSERT INTO `room_facilities` (`id`, `kitchen`, `bathtub_or_shower`, `sofa`, `towels`, `cleaning_products`, `TV`, `refrigerator`, `telephone`, `microwave`, `hairdryer`, `safe`, `wake_up_service`, `toilet_paper`, `desk`, `dining_table`, `created_at`, `updated_at`) VALUES ('8', 0, 1, 0, 1, 1, 1, 0, 1, 1, 0, 0, 1, 1, 0, 0, '2014-09-23 02:14:30', '2015-12-10 21:20:45');
INSERT INTO `room_facilities` (`id`, `kitchen`, `bathtub_or_shower`, `sofa`, `towels`, `cleaning_products`, `TV`, `refrigerator`, `telephone`, `microwave`, `hairdryer`, `safe`, `wake_up_service`, `toilet_paper`, `desk`, `dining_table`, `created_at`, `updated_at`) VALUES ('9', 0, 0, 1, 0, 1, 1, 0, 0, 1, 1, 0, 0, 1, 0, 1, '2012-09-09 00:59:03', '2011-12-30 09:13:07');
INSERT INTO `room_facilities` (`id`, `kitchen`, `bathtub_or_shower`, `sofa`, `towels`, `cleaning_products`, `TV`, `refrigerator`, `telephone`, `microwave`, `hairdryer`, `safe`, `wake_up_service`, `toilet_paper`, `desk`, `dining_table`, `created_at`, `updated_at`) VALUES ('10', 1, 1, 0, 0, 1, 1, 0, 0, 0, 0, 0, 1, 1, 0, 1, '2019-10-11 07:45:27', '2010-12-25 06:19:42');
INSERT INTO `room_facilities` (`id`, `kitchen`, `bathtub_or_shower`, `sofa`, `towels`, `cleaning_products`, `TV`, `refrigerator`, `telephone`, `microwave`, `hairdryer`, `safe`, `wake_up_service`, `toilet_paper`, `desk`, `dining_table`, `created_at`, `updated_at`) VALUES ('11', 1, 1, 0, 1, 1, 1, 1, 1, 1, 1, 1, 1, 1, 0, 1, '2012-10-12 12:10:46', '2016-05-08 00:19:55');
INSERT INTO `room_facilities` (`id`, `kitchen`, `bathtub_or_shower`, `sofa`, `towels`, `cleaning_products`, `TV`, `refrigerator`, `telephone`, `microwave`, `hairdryer`, `safe`, `wake_up_service`, `toilet_paper`, `desk`, `dining_table`, `created_at`, `updated_at`) VALUES ('12', 1, 0, 0, 1, 0, 0, 0, 0, 1, 0, 0, 1, 0, 0, 0, '2013-03-31 14:17:19', '2013-10-16 11:39:16');
INSERT INTO `room_facilities` (`id`, `kitchen`, `bathtub_or_shower`, `sofa`, `towels`, `cleaning_products`, `TV`, `refrigerator`, `telephone`, `microwave`, `hairdryer`, `safe`, `wake_up_service`, `toilet_paper`, `desk`, `dining_table`, `created_at`, `updated_at`) VALUES ('13', 1, 1, 0, 0, 0, 0, 0, 0, 0, 1, 0, 1, 0, 0, 1, '2012-06-01 20:26:21', '2018-05-25 19:01:49');
INSERT INTO `room_facilities` (`id`, `kitchen`, `bathtub_or_shower`, `sofa`, `towels`, `cleaning_products`, `TV`, `refrigerator`, `telephone`, `microwave`, `hairdryer`, `safe`, `wake_up_service`, `toilet_paper`, `desk`, `dining_table`, `created_at`, `updated_at`) VALUES ('14', 0, 0, 1, 1, 0, 0, 0, 1, 0, 0, 0, 0, 1, 1, 0, '2014-08-18 18:51:23', '2013-04-16 19:51:13');
INSERT INTO `room_facilities` (`id`, `kitchen`, `bathtub_or_shower`, `sofa`, `towels`, `cleaning_products`, `TV`, `refrigerator`, `telephone`, `microwave`, `hairdryer`, `safe`, `wake_up_service`, `toilet_paper`, `desk`, `dining_table`, `created_at`, `updated_at`) VALUES ('15', 1, 0, 0, 1, 1, 0, 0, 1, 1, 1, 0, 0, 1, 0, 0, '2015-12-26 13:14:40', '2013-12-27 13:03:22');
INSERT INTO `room_facilities` (`id`, `kitchen`, `bathtub_or_shower`, `sofa`, `towels`, `cleaning_products`, `TV`, `refrigerator`, `telephone`, `microwave`, `hairdryer`, `safe`, `wake_up_service`, `toilet_paper`, `desk`, `dining_table`, `created_at`, `updated_at`) VALUES ('16', 0, 0, 0, 1, 0, 1, 0, 1, 0, 1, 1, 0, 1, 0, 0, '2014-10-23 06:22:26', '2017-11-11 21:10:36');
INSERT INTO `room_facilities` (`id`, `kitchen`, `bathtub_or_shower`, `sofa`, `towels`, `cleaning_products`, `TV`, `refrigerator`, `telephone`, `microwave`, `hairdryer`, `safe`, `wake_up_service`, `toilet_paper`, `desk`, `dining_table`, `created_at`, `updated_at`) VALUES ('17', 1, 1, 1, 0, 1, 0, 0, 1, 0, 1, 1, 0, 0, 1, 0, '2011-10-21 01:29:41', '2016-08-06 14:45:56');
INSERT INTO `room_facilities` (`id`, `kitchen`, `bathtub_or_shower`, `sofa`, `towels`, `cleaning_products`, `TV`, `refrigerator`, `telephone`, `microwave`, `hairdryer`, `safe`, `wake_up_service`, `toilet_paper`, `desk`, `dining_table`, `created_at`, `updated_at`) VALUES ('18', 0, 0, 1, 0, 1, 1, 0, 1, 1, 0, 1, 0, 1, 1, 1, '2015-08-07 05:25:29', '2015-02-21 10:58:42');
INSERT INTO `room_facilities` (`id`, `kitchen`, `bathtub_or_shower`, `sofa`, `towels`, `cleaning_products`, `TV`, `refrigerator`, `telephone`, `microwave`, `hairdryer`, `safe`, `wake_up_service`, `toilet_paper`, `desk`, `dining_table`, `created_at`, `updated_at`) VALUES ('19', 1, 1, 0, 1, 1, 0, 0, 1, 0, 0, 0, 1, 1, 1, 1, '2018-12-20 22:35:45', '2019-02-02 09:58:41');
INSERT INTO `room_facilities` (`id`, `kitchen`, `bathtub_or_shower`, `sofa`, `towels`, `cleaning_products`, `TV`, `refrigerator`, `telephone`, `microwave`, `hairdryer`, `safe`, `wake_up_service`, `toilet_paper`, `desk`, `dining_table`, `created_at`, `updated_at`) VALUES ('20', 0, 1, 1, 0, 0, 0, 1, 1, 1, 0, 0, 0, 1, 1, 1, '2017-11-06 17:50:04', '2017-10-14 20:39:31');
INSERT INTO `room_facilities` (`id`, `kitchen`, `bathtub_or_shower`, `sofa`, `towels`, `cleaning_products`, `TV`, `refrigerator`, `telephone`, `microwave`, `hairdryer`, `safe`, `wake_up_service`, `toilet_paper`, `desk`, `dining_table`, `created_at`, `updated_at`) VALUES ('21', 1, 1, 0, 1, 1, 1, 1, 1, 0, 0, 0, 1, 1, 0, 1, '2015-06-22 02:20:31', '2014-04-25 12:18:09');
INSERT INTO `room_facilities` (`id`, `kitchen`, `bathtub_or_shower`, `sofa`, `towels`, `cleaning_products`, `TV`, `refrigerator`, `telephone`, `microwave`, `hairdryer`, `safe`, `wake_up_service`, `toilet_paper`, `desk`, `dining_table`, `created_at`, `updated_at`) VALUES ('22', 1, 0, 0, 0, 1, 1, 0, 0, 0, 1, 0, 1, 1, 1, 1, '2019-02-12 04:54:49', '2011-08-24 04:59:45');
INSERT INTO `room_facilities` (`id`, `kitchen`, `bathtub_or_shower`, `sofa`, `towels`, `cleaning_products`, `TV`, `refrigerator`, `telephone`, `microwave`, `hairdryer`, `safe`, `wake_up_service`, `toilet_paper`, `desk`, `dining_table`, `created_at`, `updated_at`) VALUES ('23', 1, 0, 0, 1, 1, 0, 1, 0, 1, 1, 1, 1, 1, 1, 1, '2013-12-04 16:18:29', '2019-09-27 04:00:01');
INSERT INTO `room_facilities` (`id`, `kitchen`, `bathtub_or_shower`, `sofa`, `towels`, `cleaning_products`, `TV`, `refrigerator`, `telephone`, `microwave`, `hairdryer`, `safe`, `wake_up_service`, `toilet_paper`, `desk`, `dining_table`, `created_at`, `updated_at`) VALUES ('24', 0, 1, 0, 0, 1, 0, 0, 1, 1, 0, 1, 0, 1, 0, 1, '2012-03-16 15:04:35', '2010-09-16 05:54:15');
INSERT INTO `room_facilities` (`id`, `kitchen`, `bathtub_or_shower`, `sofa`, `towels`, `cleaning_products`, `TV`, `refrigerator`, `telephone`, `microwave`, `hairdryer`, `safe`, `wake_up_service`, `toilet_paper`, `desk`, `dining_table`, `created_at`, `updated_at`) VALUES ('25', 0, 0, 0, 1, 1, 1, 1, 1, 0, 1, 0, 0, 1, 1, 1, '2015-10-02 10:33:06', '2020-04-08 13:20:01');
INSERT INTO `room_facilities` (`id`, `kitchen`, `bathtub_or_shower`, `sofa`, `towels`, `cleaning_products`, `TV`, `refrigerator`, `telephone`, `microwave`, `hairdryer`, `safe`, `wake_up_service`, `toilet_paper`, `desk`, `dining_table`, `created_at`, `updated_at`) VALUES ('26', 0, 0, 1, 0, 0, 1, 1, 1, 1, 0, 0, 1, 0, 0, 0, '2020-06-28 01:51:35', '2011-07-24 11:23:39');
INSERT INTO `room_facilities` (`id`, `kitchen`, `bathtub_or_shower`, `sofa`, `towels`, `cleaning_products`, `TV`, `refrigerator`, `telephone`, `microwave`, `hairdryer`, `safe`, `wake_up_service`, `toilet_paper`, `desk`, `dining_table`, `created_at`, `updated_at`) VALUES ('27', 1, 1, 1, 1, 1, 1, 1, 0, 1, 0, 0, 0, 0, 1, 1, '2019-08-02 04:55:57', '2018-10-03 13:33:27');
INSERT INTO `room_facilities` (`id`, `kitchen`, `bathtub_or_shower`, `sofa`, `towels`, `cleaning_products`, `TV`, `refrigerator`, `telephone`, `microwave`, `hairdryer`, `safe`, `wake_up_service`, `toilet_paper`, `desk`, `dining_table`, `created_at`, `updated_at`) VALUES ('28', 0, 1, 0, 1, 1, 0, 1, 1, 1, 0, 0, 0, 1, 0, 0, '2013-09-01 08:00:36', '2016-09-11 15:23:31');
INSERT INTO `room_facilities` (`id`, `kitchen`, `bathtub_or_shower`, `sofa`, `towels`, `cleaning_products`, `TV`, `refrigerator`, `telephone`, `microwave`, `hairdryer`, `safe`, `wake_up_service`, `toilet_paper`, `desk`, `dining_table`, `created_at`, `updated_at`) VALUES ('29', 0, 0, 1, 1, 1, 1, 0, 0, 1, 0, 1, 1, 0, 0, 0, '2018-03-14 04:08:11', '2014-03-22 12:03:06');
INSERT INTO `room_facilities` (`id`, `kitchen`, `bathtub_or_shower`, `sofa`, `towels`, `cleaning_products`, `TV`, `refrigerator`, `telephone`, `microwave`, `hairdryer`, `safe`, `wake_up_service`, `toilet_paper`, `desk`, `dining_table`, `created_at`, `updated_at`) VALUES ('30', 0, 0, 1, 0, 1, 0, 0, 1, 1, 1, 0, 1, 0, 1, 0, '2018-04-22 04:56:22', '2011-07-25 06:21:03');
INSERT INTO `room_facilities` (`id`, `kitchen`, `bathtub_or_shower`, `sofa`, `towels`, `cleaning_products`, `TV`, `refrigerator`, `telephone`, `microwave`, `hairdryer`, `safe`, `wake_up_service`, `toilet_paper`, `desk`, `dining_table`, `created_at`, `updated_at`) VALUES ('31', 1, 1, 1, 0, 1, 1, 0, 0, 1, 1, 1, 1, 0, 0, 1, '2017-10-03 03:59:46', '2016-10-01 15:18:33');
INSERT INTO `room_facilities` (`id`, `kitchen`, `bathtub_or_shower`, `sofa`, `towels`, `cleaning_products`, `TV`, `refrigerator`, `telephone`, `microwave`, `hairdryer`, `safe`, `wake_up_service`, `toilet_paper`, `desk`, `dining_table`, `created_at`, `updated_at`) VALUES ('32', 0, 0, 1, 1, 1, 1, 1, 0, 0, 1, 1, 0, 0, 0, 0, '2014-10-08 13:25:40', '2013-11-17 05:37:20');
INSERT INTO `room_facilities` (`id`, `kitchen`, `bathtub_or_shower`, `sofa`, `towels`, `cleaning_products`, `TV`, `refrigerator`, `telephone`, `microwave`, `hairdryer`, `safe`, `wake_up_service`, `toilet_paper`, `desk`, `dining_table`, `created_at`, `updated_at`) VALUES ('33', 0, 0, 1, 0, 0, 1, 1, 0, 0, 1, 0, 0, 1, 1, 0, '2019-10-07 01:43:44', '2011-09-04 12:15:53');
INSERT INTO `room_facilities` (`id`, `kitchen`, `bathtub_or_shower`, `sofa`, `towels`, `cleaning_products`, `TV`, `refrigerator`, `telephone`, `microwave`, `hairdryer`, `safe`, `wake_up_service`, `toilet_paper`, `desk`, `dining_table`, `created_at`, `updated_at`) VALUES ('34', 0, 0, 0, 1, 0, 1, 0, 0, 1, 0, 0, 0, 1, 0, 0, '2012-08-07 02:02:44', '2013-09-16 18:18:32');
INSERT INTO `room_facilities` (`id`, `kitchen`, `bathtub_or_shower`, `sofa`, `towels`, `cleaning_products`, `TV`, `refrigerator`, `telephone`, `microwave`, `hairdryer`, `safe`, `wake_up_service`, `toilet_paper`, `desk`, `dining_table`, `created_at`, `updated_at`) VALUES ('35', 1, 1, 1, 0, 1, 1, 0, 1, 0, 0, 1, 0, 1, 1, 1, '2018-09-10 08:49:26', '2014-02-26 07:27:25');
INSERT INTO `room_facilities` (`id`, `kitchen`, `bathtub_or_shower`, `sofa`, `towels`, `cleaning_products`, `TV`, `refrigerator`, `telephone`, `microwave`, `hairdryer`, `safe`, `wake_up_service`, `toilet_paper`, `desk`, `dining_table`, `created_at`, `updated_at`) VALUES ('36', 1, 0, 0, 1, 1, 0, 0, 1, 0, 1, 0, 0, 0, 1, 0, '2017-05-18 08:08:02', '2018-09-26 08:08:45');
INSERT INTO `room_facilities` (`id`, `kitchen`, `bathtub_or_shower`, `sofa`, `towels`, `cleaning_products`, `TV`, `refrigerator`, `telephone`, `microwave`, `hairdryer`, `safe`, `wake_up_service`, `toilet_paper`, `desk`, `dining_table`, `created_at`, `updated_at`) VALUES ('37', 0, 0, 1, 0, 0, 1, 1, 1, 1, 1, 1, 1, 1, 0, 1, '2017-03-28 20:54:43', '2016-03-30 12:39:17');
INSERT INTO `room_facilities` (`id`, `kitchen`, `bathtub_or_shower`, `sofa`, `towels`, `cleaning_products`, `TV`, `refrigerator`, `telephone`, `microwave`, `hairdryer`, `safe`, `wake_up_service`, `toilet_paper`, `desk`, `dining_table`, `created_at`, `updated_at`) VALUES ('38', 1, 0, 1, 1, 0, 0, 1, 1, 1, 0, 0, 1, 1, 0, 0, '2014-10-21 17:44:45', '2017-05-09 09:15:05');
INSERT INTO `room_facilities` (`id`, `kitchen`, `bathtub_or_shower`, `sofa`, `towels`, `cleaning_products`, `TV`, `refrigerator`, `telephone`, `microwave`, `hairdryer`, `safe`, `wake_up_service`, `toilet_paper`, `desk`, `dining_table`, `created_at`, `updated_at`) VALUES ('39', 1, 0, 1, 0, 0, 1, 0, 1, 0, 0, 0, 0, 0, 0, 1, '2019-07-06 23:38:58', '2011-11-17 22:39:20');
INSERT INTO `room_facilities` (`id`, `kitchen`, `bathtub_or_shower`, `sofa`, `towels`, `cleaning_products`, `TV`, `refrigerator`, `telephone`, `microwave`, `hairdryer`, `safe`, `wake_up_service`, `toilet_paper`, `desk`, `dining_table`, `created_at`, `updated_at`) VALUES ('40', 1, 0, 0, 0, 1, 0, 0, 0, 1, 0, 0, 1, 0, 0, 0, '2015-03-30 01:18:30', '2015-11-06 04:42:13');
INSERT INTO `room_facilities` (`id`, `kitchen`, `bathtub_or_shower`, `sofa`, `towels`, `cleaning_products`, `TV`, `refrigerator`, `telephone`, `microwave`, `hairdryer`, `safe`, `wake_up_service`, `toilet_paper`, `desk`, `dining_table`, `created_at`, `updated_at`) VALUES ('41', 1, 1, 1, 1, 1, 0, 0, 1, 0, 0, 0, 1, 0, 0, 1, '2016-10-15 16:57:51', '2012-12-25 07:44:50');
INSERT INTO `room_facilities` (`id`, `kitchen`, `bathtub_or_shower`, `sofa`, `towels`, `cleaning_products`, `TV`, `refrigerator`, `telephone`, `microwave`, `hairdryer`, `safe`, `wake_up_service`, `toilet_paper`, `desk`, `dining_table`, `created_at`, `updated_at`) VALUES ('42', 1, 0, 0, 1, 1, 1, 0, 0, 1, 1, 0, 0, 0, 1, 1, '2017-09-20 05:35:08', '2019-01-23 11:37:57');
INSERT INTO `room_facilities` (`id`, `kitchen`, `bathtub_or_shower`, `sofa`, `towels`, `cleaning_products`, `TV`, `refrigerator`, `telephone`, `microwave`, `hairdryer`, `safe`, `wake_up_service`, `toilet_paper`, `desk`, `dining_table`, `created_at`, `updated_at`) VALUES ('43', 0, 0, 0, 0, 1, 1, 1, 1, 1, 1, 0, 1, 0, 1, 0, '2013-08-25 20:33:37', '2016-01-08 03:00:06');
INSERT INTO `room_facilities` (`id`, `kitchen`, `bathtub_or_shower`, `sofa`, `towels`, `cleaning_products`, `TV`, `refrigerator`, `telephone`, `microwave`, `hairdryer`, `safe`, `wake_up_service`, `toilet_paper`, `desk`, `dining_table`, `created_at`, `updated_at`) VALUES ('44', 0, 0, 1, 0, 1, 0, 0, 0, 1, 0, 1, 0, 1, 0, 0, '2012-11-07 09:05:39', '2018-03-31 12:12:16');
INSERT INTO `room_facilities` (`id`, `kitchen`, `bathtub_or_shower`, `sofa`, `towels`, `cleaning_products`, `TV`, `refrigerator`, `telephone`, `microwave`, `hairdryer`, `safe`, `wake_up_service`, `toilet_paper`, `desk`, `dining_table`, `created_at`, `updated_at`) VALUES ('45', 1, 1, 0, 1, 0, 0, 1, 0, 1, 1, 1, 1, 0, 1, 0, '2011-04-19 11:01:31', '2011-02-05 20:20:49');
INSERT INTO `room_facilities` (`id`, `kitchen`, `bathtub_or_shower`, `sofa`, `towels`, `cleaning_products`, `TV`, `refrigerator`, `telephone`, `microwave`, `hairdryer`, `safe`, `wake_up_service`, `toilet_paper`, `desk`, `dining_table`, `created_at`, `updated_at`) VALUES ('46', 0, 0, 0, 0, 1, 0, 0, 0, 1, 0, 0, 0, 1, 1, 1, '2016-08-21 22:07:59', '2019-06-25 09:11:22');
INSERT INTO `room_facilities` (`id`, `kitchen`, `bathtub_or_shower`, `sofa`, `towels`, `cleaning_products`, `TV`, `refrigerator`, `telephone`, `microwave`, `hairdryer`, `safe`, `wake_up_service`, `toilet_paper`, `desk`, `dining_table`, `created_at`, `updated_at`) VALUES ('47', 0, 1, 1, 0, 0, 1, 1, 0, 0, 0, 0, 0, 1, 1, 0, '2012-08-22 02:48:51', '2010-11-26 15:38:48');
INSERT INTO `room_facilities` (`id`, `kitchen`, `bathtub_or_shower`, `sofa`, `towels`, `cleaning_products`, `TV`, `refrigerator`, `telephone`, `microwave`, `hairdryer`, `safe`, `wake_up_service`, `toilet_paper`, `desk`, `dining_table`, `created_at`, `updated_at`) VALUES ('48', 0, 1, 0, 0, 1, 0, 0, 1, 0, 1, 0, 1, 0, 0, 1, '2013-11-24 19:32:15', '2012-02-18 02:08:12');
INSERT INTO `room_facilities` (`id`, `kitchen`, `bathtub_or_shower`, `sofa`, `towels`, `cleaning_products`, `TV`, `refrigerator`, `telephone`, `microwave`, `hairdryer`, `safe`, `wake_up_service`, `toilet_paper`, `desk`, `dining_table`, `created_at`, `updated_at`) VALUES ('49', 0, 1, 1, 1, 0, 1, 0, 0, 0, 0, 1, 0, 1, 1, 1, '2013-04-12 23:19:17', '2012-04-05 01:04:46');
INSERT INTO `room_facilities` (`id`, `kitchen`, `bathtub_or_shower`, `sofa`, `towels`, `cleaning_products`, `TV`, `refrigerator`, `telephone`, `microwave`, `hairdryer`, `safe`, `wake_up_service`, `toilet_paper`, `desk`, `dining_table`, `created_at`, `updated_at`) VALUES ('50', 1, 0, 1, 0, 1, 0, 0, 0, 0, 1, 1, 0, 0, 1, 1, '2012-10-21 22:20:17', '2018-10-28 06:03:58');
INSERT INTO `room_facilities` (`id`, `kitchen`, `bathtub_or_shower`, `sofa`, `towels`, `cleaning_products`, `TV`, `refrigerator`, `telephone`, `microwave`, `hairdryer`, `safe`, `wake_up_service`, `toilet_paper`, `desk`, `dining_table`, `created_at`, `updated_at`) VALUES ('51', 0, 0, 1, 0, 0, 0, 0, 0, 0, 0, 1, 1, 0, 0, 1, '2016-03-09 10:28:13', '2012-03-14 19:55:41');
INSERT INTO `room_facilities` (`id`, `kitchen`, `bathtub_or_shower`, `sofa`, `towels`, `cleaning_products`, `TV`, `refrigerator`, `telephone`, `microwave`, `hairdryer`, `safe`, `wake_up_service`, `toilet_paper`, `desk`, `dining_table`, `created_at`, `updated_at`) VALUES ('52', 0, 1, 0, 0, 0, 0, 1, 0, 0, 1, 0, 1, 1, 0, 0, '2011-12-16 13:07:51', '2016-11-11 11:52:58');
INSERT INTO `room_facilities` (`id`, `kitchen`, `bathtub_or_shower`, `sofa`, `towels`, `cleaning_products`, `TV`, `refrigerator`, `telephone`, `microwave`, `hairdryer`, `safe`, `wake_up_service`, `toilet_paper`, `desk`, `dining_table`, `created_at`, `updated_at`) VALUES ('53', 0, 1, 0, 0, 1, 1, 0, 1, 1, 1, 1, 1, 0, 0, 1, '2014-05-17 05:11:55', '2012-10-20 04:04:56');
INSERT INTO `room_facilities` (`id`, `kitchen`, `bathtub_or_shower`, `sofa`, `towels`, `cleaning_products`, `TV`, `refrigerator`, `telephone`, `microwave`, `hairdryer`, `safe`, `wake_up_service`, `toilet_paper`, `desk`, `dining_table`, `created_at`, `updated_at`) VALUES ('54', 1, 0, 1, 0, 1, 1, 0, 1, 1, 1, 1, 0, 1, 1, 0, '2017-12-06 10:56:34', '2020-04-25 07:51:02');
INSERT INTO `room_facilities` (`id`, `kitchen`, `bathtub_or_shower`, `sofa`, `towels`, `cleaning_products`, `TV`, `refrigerator`, `telephone`, `microwave`, `hairdryer`, `safe`, `wake_up_service`, `toilet_paper`, `desk`, `dining_table`, `created_at`, `updated_at`) VALUES ('55', 1, 0, 1, 0, 1, 1, 1, 0, 0, 0, 1, 1, 0, 0, 0, '2017-12-08 11:28:51', '2015-11-21 02:59:26');
INSERT INTO `room_facilities` (`id`, `kitchen`, `bathtub_or_shower`, `sofa`, `towels`, `cleaning_products`, `TV`, `refrigerator`, `telephone`, `microwave`, `hairdryer`, `safe`, `wake_up_service`, `toilet_paper`, `desk`, `dining_table`, `created_at`, `updated_at`) VALUES ('56', 0, 0, 1, 0, 1, 1, 1, 0, 0, 0, 0, 1, 1, 1, 1, '2010-08-28 09:02:05', '2013-11-18 18:16:11');
INSERT INTO `room_facilities` (`id`, `kitchen`, `bathtub_or_shower`, `sofa`, `towels`, `cleaning_products`, `TV`, `refrigerator`, `telephone`, `microwave`, `hairdryer`, `safe`, `wake_up_service`, `toilet_paper`, `desk`, `dining_table`, `created_at`, `updated_at`) VALUES ('57', 1, 0, 0, 0, 0, 1, 1, 0, 0, 0, 0, 0, 0, 0, 0, '2017-07-03 12:52:19', '2013-06-09 19:24:07');
INSERT INTO `room_facilities` (`id`, `kitchen`, `bathtub_or_shower`, `sofa`, `towels`, `cleaning_products`, `TV`, `refrigerator`, `telephone`, `microwave`, `hairdryer`, `safe`, `wake_up_service`, `toilet_paper`, `desk`, `dining_table`, `created_at`, `updated_at`) VALUES ('58', 1, 1, 0, 1, 1, 1, 0, 1, 0, 1, 0, 0, 0, 0, 0, '2018-04-25 00:54:13', '2016-10-06 10:27:47');
INSERT INTO `room_facilities` (`id`, `kitchen`, `bathtub_or_shower`, `sofa`, `towels`, `cleaning_products`, `TV`, `refrigerator`, `telephone`, `microwave`, `hairdryer`, `safe`, `wake_up_service`, `toilet_paper`, `desk`, `dining_table`, `created_at`, `updated_at`) VALUES ('59', 0, 0, 1, 1, 1, 0, 0, 0, 1, 0, 1, 0, 1, 0, 0, '2010-12-13 17:20:35', '2018-04-09 01:39:33');
INSERT INTO `room_facilities` (`id`, `kitchen`, `bathtub_or_shower`, `sofa`, `towels`, `cleaning_products`, `TV`, `refrigerator`, `telephone`, `microwave`, `hairdryer`, `safe`, `wake_up_service`, `toilet_paper`, `desk`, `dining_table`, `created_at`, `updated_at`) VALUES ('60', 1, 1, 1, 1, 0, 0, 1, 0, 1, 0, 0, 0, 1, 0, 1, '2019-02-10 17:21:42', '2019-08-31 17:17:45');
INSERT INTO `room_facilities` (`id`, `kitchen`, `bathtub_or_shower`, `sofa`, `towels`, `cleaning_products`, `TV`, `refrigerator`, `telephone`, `microwave`, `hairdryer`, `safe`, `wake_up_service`, `toilet_paper`, `desk`, `dining_table`, `created_at`, `updated_at`) VALUES ('61', 1, 0, 1, 0, 0, 1, 1, 0, 0, 0, 0, 1, 0, 0, 0, '2016-10-13 18:29:50', '2015-08-10 22:20:42');
INSERT INTO `room_facilities` (`id`, `kitchen`, `bathtub_or_shower`, `sofa`, `towels`, `cleaning_products`, `TV`, `refrigerator`, `telephone`, `microwave`, `hairdryer`, `safe`, `wake_up_service`, `toilet_paper`, `desk`, `dining_table`, `created_at`, `updated_at`) VALUES ('62', 1, 1, 0, 1, 1, 1, 1, 0, 1, 0, 0, 1, 0, 1, 1, '2017-10-21 14:45:24', '2011-01-29 06:32:36');
INSERT INTO `room_facilities` (`id`, `kitchen`, `bathtub_or_shower`, `sofa`, `towels`, `cleaning_products`, `TV`, `refrigerator`, `telephone`, `microwave`, `hairdryer`, `safe`, `wake_up_service`, `toilet_paper`, `desk`, `dining_table`, `created_at`, `updated_at`) VALUES ('63', 1, 0, 0, 0, 0, 0, 0, 0, 0, 1, 1, 0, 1, 1, 1, '2017-02-01 07:53:00', '2011-07-28 10:46:57');
INSERT INTO `room_facilities` (`id`, `kitchen`, `bathtub_or_shower`, `sofa`, `towels`, `cleaning_products`, `TV`, `refrigerator`, `telephone`, `microwave`, `hairdryer`, `safe`, `wake_up_service`, `toilet_paper`, `desk`, `dining_table`, `created_at`, `updated_at`) VALUES ('64', 0, 0, 1, 0, 1, 1, 1, 1, 0, 0, 0, 0, 0, 1, 1, '2013-05-24 04:18:33', '2014-01-25 18:08:05');
INSERT INTO `room_facilities` (`id`, `kitchen`, `bathtub_or_shower`, `sofa`, `towels`, `cleaning_products`, `TV`, `refrigerator`, `telephone`, `microwave`, `hairdryer`, `safe`, `wake_up_service`, `toilet_paper`, `desk`, `dining_table`, `created_at`, `updated_at`) VALUES ('65', 0, 0, 1, 0, 1, 0, 1, 0, 0, 0, 1, 1, 1, 1, 1, '2017-08-09 15:23:54', '2016-12-05 13:39:58');
INSERT INTO `room_facilities` (`id`, `kitchen`, `bathtub_or_shower`, `sofa`, `towels`, `cleaning_products`, `TV`, `refrigerator`, `telephone`, `microwave`, `hairdryer`, `safe`, `wake_up_service`, `toilet_paper`, `desk`, `dining_table`, `created_at`, `updated_at`) VALUES ('66', 0, 0, 0, 0, 0, 0, 0, 1, 1, 1, 0, 1, 0, 1, 0, '2013-10-21 15:52:12', '2012-06-01 18:09:47');
INSERT INTO `room_facilities` (`id`, `kitchen`, `bathtub_or_shower`, `sofa`, `towels`, `cleaning_products`, `TV`, `refrigerator`, `telephone`, `microwave`, `hairdryer`, `safe`, `wake_up_service`, `toilet_paper`, `desk`, `dining_table`, `created_at`, `updated_at`) VALUES ('67', 0, 1, 1, 1, 0, 0, 1, 0, 1, 1, 0, 1, 1, 0, 0, '2019-03-13 12:28:18', '2016-04-02 00:48:59');
INSERT INTO `room_facilities` (`id`, `kitchen`, `bathtub_or_shower`, `sofa`, `towels`, `cleaning_products`, `TV`, `refrigerator`, `telephone`, `microwave`, `hairdryer`, `safe`, `wake_up_service`, `toilet_paper`, `desk`, `dining_table`, `created_at`, `updated_at`) VALUES ('68', 1, 1, 0, 0, 0, 0, 0, 0, 1, 1, 1, 1, 1, 0, 1, '2020-04-06 05:03:24', '2013-06-13 17:48:09');
INSERT INTO `room_facilities` (`id`, `kitchen`, `bathtub_or_shower`, `sofa`, `towels`, `cleaning_products`, `TV`, `refrigerator`, `telephone`, `microwave`, `hairdryer`, `safe`, `wake_up_service`, `toilet_paper`, `desk`, `dining_table`, `created_at`, `updated_at`) VALUES ('69', 0, 0, 0, 0, 1, 1, 0, 0, 0, 0, 1, 0, 0, 1, 0, '2011-02-01 10:29:52', '2011-10-22 22:32:38');
INSERT INTO `room_facilities` (`id`, `kitchen`, `bathtub_or_shower`, `sofa`, `towels`, `cleaning_products`, `TV`, `refrigerator`, `telephone`, `microwave`, `hairdryer`, `safe`, `wake_up_service`, `toilet_paper`, `desk`, `dining_table`, `created_at`, `updated_at`) VALUES ('70', 1, 1, 1, 0, 0, 0, 0, 0, 1, 0, 0, 1, 1, 0, 1, '2019-12-17 13:32:00', '2015-05-27 05:44:03');
INSERT INTO `room_facilities` (`id`, `kitchen`, `bathtub_or_shower`, `sofa`, `towels`, `cleaning_products`, `TV`, `refrigerator`, `telephone`, `microwave`, `hairdryer`, `safe`, `wake_up_service`, `toilet_paper`, `desk`, `dining_table`, `created_at`, `updated_at`) VALUES ('71', 0, 1, 1, 1, 1, 0, 0, 1, 1, 0, 1, 1, 0, 0, 0, '2011-07-20 10:40:52', '2019-09-07 00:19:41');
INSERT INTO `room_facilities` (`id`, `kitchen`, `bathtub_or_shower`, `sofa`, `towels`, `cleaning_products`, `TV`, `refrigerator`, `telephone`, `microwave`, `hairdryer`, `safe`, `wake_up_service`, `toilet_paper`, `desk`, `dining_table`, `created_at`, `updated_at`) VALUES ('72', 0, 0, 0, 1, 1, 0, 0, 1, 0, 1, 0, 1, 0, 1, 1, '2018-06-26 09:04:31', '2017-06-12 05:24:04');
INSERT INTO `room_facilities` (`id`, `kitchen`, `bathtub_or_shower`, `sofa`, `towels`, `cleaning_products`, `TV`, `refrigerator`, `telephone`, `microwave`, `hairdryer`, `safe`, `wake_up_service`, `toilet_paper`, `desk`, `dining_table`, `created_at`, `updated_at`) VALUES ('73', 1, 1, 0, 0, 1, 1, 1, 0, 0, 0, 1, 0, 0, 1, 1, '2018-06-04 17:50:31', '2014-02-16 08:51:53');
INSERT INTO `room_facilities` (`id`, `kitchen`, `bathtub_or_shower`, `sofa`, `towels`, `cleaning_products`, `TV`, `refrigerator`, `telephone`, `microwave`, `hairdryer`, `safe`, `wake_up_service`, `toilet_paper`, `desk`, `dining_table`, `created_at`, `updated_at`) VALUES ('74', 0, 0, 1, 0, 0, 0, 0, 1, 0, 0, 0, 1, 0, 0, 0, '2012-11-03 13:48:59', '2012-12-14 06:12:55');
INSERT INTO `room_facilities` (`id`, `kitchen`, `bathtub_or_shower`, `sofa`, `towels`, `cleaning_products`, `TV`, `refrigerator`, `telephone`, `microwave`, `hairdryer`, `safe`, `wake_up_service`, `toilet_paper`, `desk`, `dining_table`, `created_at`, `updated_at`) VALUES ('75', 1, 1, 0, 0, 0, 0, 1, 1, 1, 0, 0, 0, 0, 0, 0, '2010-09-14 23:31:23', '2018-01-11 21:32:31');
INSERT INTO `room_facilities` (`id`, `kitchen`, `bathtub_or_shower`, `sofa`, `towels`, `cleaning_products`, `TV`, `refrigerator`, `telephone`, `microwave`, `hairdryer`, `safe`, `wake_up_service`, `toilet_paper`, `desk`, `dining_table`, `created_at`, `updated_at`) VALUES ('76', 1, 1, 0, 0, 1, 1, 1, 1, 1, 1, 1, 1, 1, 0, 1, '2014-04-07 23:38:08', '2017-06-18 01:36:02');
INSERT INTO `room_facilities` (`id`, `kitchen`, `bathtub_or_shower`, `sofa`, `towels`, `cleaning_products`, `TV`, `refrigerator`, `telephone`, `microwave`, `hairdryer`, `safe`, `wake_up_service`, `toilet_paper`, `desk`, `dining_table`, `created_at`, `updated_at`) VALUES ('77', 1, 1, 0, 0, 1, 0, 0, 0, 1, 0, 0, 1, 0, 1, 0, '2013-03-16 06:42:03', '2014-04-01 13:07:47');
INSERT INTO `room_facilities` (`id`, `kitchen`, `bathtub_or_shower`, `sofa`, `towels`, `cleaning_products`, `TV`, `refrigerator`, `telephone`, `microwave`, `hairdryer`, `safe`, `wake_up_service`, `toilet_paper`, `desk`, `dining_table`, `created_at`, `updated_at`) VALUES ('78', 0, 0, 1, 1, 1, 1, 0, 1, 1, 0, 0, 1, 1, 0, 0, '2013-11-01 00:51:52', '2016-02-20 07:25:55');
INSERT INTO `room_facilities` (`id`, `kitchen`, `bathtub_or_shower`, `sofa`, `towels`, `cleaning_products`, `TV`, `refrigerator`, `telephone`, `microwave`, `hairdryer`, `safe`, `wake_up_service`, `toilet_paper`, `desk`, `dining_table`, `created_at`, `updated_at`) VALUES ('79', 0, 1, 1, 1, 0, 0, 1, 1, 0, 0, 1, 1, 0, 0, 1, '2012-06-28 23:40:20', '2014-10-04 02:04:32');
INSERT INTO `room_facilities` (`id`, `kitchen`, `bathtub_or_shower`, `sofa`, `towels`, `cleaning_products`, `TV`, `refrigerator`, `telephone`, `microwave`, `hairdryer`, `safe`, `wake_up_service`, `toilet_paper`, `desk`, `dining_table`, `created_at`, `updated_at`) VALUES ('80', 1, 1, 0, 0, 0, 1, 0, 0, 1, 0, 0, 1, 1, 0, 1, '2018-10-08 01:35:38', '2018-08-28 17:26:56');
INSERT INTO `room_facilities` (`id`, `kitchen`, `bathtub_or_shower`, `sofa`, `towels`, `cleaning_products`, `TV`, `refrigerator`, `telephone`, `microwave`, `hairdryer`, `safe`, `wake_up_service`, `toilet_paper`, `desk`, `dining_table`, `created_at`, `updated_at`) VALUES ('81', 1, 0, 0, 1, 0, 1, 0, 0, 1, 1, 0, 0, 0, 0, 1, '2018-06-19 14:25:42', '2019-06-08 11:02:03');
INSERT INTO `room_facilities` (`id`, `kitchen`, `bathtub_or_shower`, `sofa`, `towels`, `cleaning_products`, `TV`, `refrigerator`, `telephone`, `microwave`, `hairdryer`, `safe`, `wake_up_service`, `toilet_paper`, `desk`, `dining_table`, `created_at`, `updated_at`) VALUES ('82', 1, 0, 0, 1, 1, 1, 1, 0, 0, 0, 1, 1, 1, 0, 1, '2013-05-29 11:28:39', '2018-12-14 19:13:11');
INSERT INTO `room_facilities` (`id`, `kitchen`, `bathtub_or_shower`, `sofa`, `towels`, `cleaning_products`, `TV`, `refrigerator`, `telephone`, `microwave`, `hairdryer`, `safe`, `wake_up_service`, `toilet_paper`, `desk`, `dining_table`, `created_at`, `updated_at`) VALUES ('83', 1, 0, 0, 1, 0, 0, 1, 1, 1, 1, 0, 0, 0, 0, 0, '2018-11-02 02:24:55', '2011-02-09 12:15:52');
INSERT INTO `room_facilities` (`id`, `kitchen`, `bathtub_or_shower`, `sofa`, `towels`, `cleaning_products`, `TV`, `refrigerator`, `telephone`, `microwave`, `hairdryer`, `safe`, `wake_up_service`, `toilet_paper`, `desk`, `dining_table`, `created_at`, `updated_at`) VALUES ('84', 1, 0, 0, 0, 1, 1, 1, 0, 1, 1, 1, 0, 0, 0, 1, '2015-07-29 13:08:04', '2020-05-16 11:01:00');
INSERT INTO `room_facilities` (`id`, `kitchen`, `bathtub_or_shower`, `sofa`, `towels`, `cleaning_products`, `TV`, `refrigerator`, `telephone`, `microwave`, `hairdryer`, `safe`, `wake_up_service`, `toilet_paper`, `desk`, `dining_table`, `created_at`, `updated_at`) VALUES ('85', 1, 0, 1, 0, 1, 1, 1, 1, 1, 0, 1, 1, 1, 0, 1, '2011-09-03 23:52:54', '2011-12-28 05:23:34');
INSERT INTO `room_facilities` (`id`, `kitchen`, `bathtub_or_shower`, `sofa`, `towels`, `cleaning_products`, `TV`, `refrigerator`, `telephone`, `microwave`, `hairdryer`, `safe`, `wake_up_service`, `toilet_paper`, `desk`, `dining_table`, `created_at`, `updated_at`) VALUES ('86', 1, 0, 0, 1, 0, 1, 1, 0, 0, 1, 0, 1, 1, 1, 0, '2018-01-02 04:01:21', '2012-12-10 11:00:41');
INSERT INTO `room_facilities` (`id`, `kitchen`, `bathtub_or_shower`, `sofa`, `towels`, `cleaning_products`, `TV`, `refrigerator`, `telephone`, `microwave`, `hairdryer`, `safe`, `wake_up_service`, `toilet_paper`, `desk`, `dining_table`, `created_at`, `updated_at`) VALUES ('87', 0, 1, 1, 1, 1, 0, 1, 0, 1, 0, 1, 0, 1, 1, 0, '2014-03-26 00:08:18', '2012-11-04 14:29:21');
INSERT INTO `room_facilities` (`id`, `kitchen`, `bathtub_or_shower`, `sofa`, `towels`, `cleaning_products`, `TV`, `refrigerator`, `telephone`, `microwave`, `hairdryer`, `safe`, `wake_up_service`, `toilet_paper`, `desk`, `dining_table`, `created_at`, `updated_at`) VALUES ('88', 0, 1, 0, 0, 0, 1, 1, 1, 0, 0, 1, 1, 0, 1, 1, '2017-05-23 06:22:10', '2010-09-10 02:26:49');
INSERT INTO `room_facilities` (`id`, `kitchen`, `bathtub_or_shower`, `sofa`, `towels`, `cleaning_products`, `TV`, `refrigerator`, `telephone`, `microwave`, `hairdryer`, `safe`, `wake_up_service`, `toilet_paper`, `desk`, `dining_table`, `created_at`, `updated_at`) VALUES ('89', 1, 0, 1, 0, 0, 1, 1, 1, 1, 0, 1, 0, 0, 1, 0, '2018-09-10 07:53:20', '2017-05-02 03:38:28');
INSERT INTO `room_facilities` (`id`, `kitchen`, `bathtub_or_shower`, `sofa`, `towels`, `cleaning_products`, `TV`, `refrigerator`, `telephone`, `microwave`, `hairdryer`, `safe`, `wake_up_service`, `toilet_paper`, `desk`, `dining_table`, `created_at`, `updated_at`) VALUES ('90', 1, 0, 1, 0, 0, 1, 0, 0, 1, 1, 0, 0, 1, 0, 1, '2014-08-02 02:08:02', '2012-07-20 20:57:36');
INSERT INTO `room_facilities` (`id`, `kitchen`, `bathtub_or_shower`, `sofa`, `towels`, `cleaning_products`, `TV`, `refrigerator`, `telephone`, `microwave`, `hairdryer`, `safe`, `wake_up_service`, `toilet_paper`, `desk`, `dining_table`, `created_at`, `updated_at`) VALUES ('91', 0, 1, 0, 1, 1, 0, 1, 0, 1, 1, 1, 0, 0, 1, 0, '2017-06-12 03:33:10', '2013-05-28 10:24:51');
INSERT INTO `room_facilities` (`id`, `kitchen`, `bathtub_or_shower`, `sofa`, `towels`, `cleaning_products`, `TV`, `refrigerator`, `telephone`, `microwave`, `hairdryer`, `safe`, `wake_up_service`, `toilet_paper`, `desk`, `dining_table`, `created_at`, `updated_at`) VALUES ('92', 0, 1, 1, 1, 1, 1, 0, 1, 0, 1, 0, 0, 0, 0, 0, '2015-11-04 07:26:45', '2015-12-18 17:12:57');
INSERT INTO `room_facilities` (`id`, `kitchen`, `bathtub_or_shower`, `sofa`, `towels`, `cleaning_products`, `TV`, `refrigerator`, `telephone`, `microwave`, `hairdryer`, `safe`, `wake_up_service`, `toilet_paper`, `desk`, `dining_table`, `created_at`, `updated_at`) VALUES ('93', 0, 0, 1, 0, 0, 0, 0, 1, 1, 1, 0, 0, 1, 0, 0, '2012-08-30 07:59:11', '2011-03-25 17:45:35');
INSERT INTO `room_facilities` (`id`, `kitchen`, `bathtub_or_shower`, `sofa`, `towels`, `cleaning_products`, `TV`, `refrigerator`, `telephone`, `microwave`, `hairdryer`, `safe`, `wake_up_service`, `toilet_paper`, `desk`, `dining_table`, `created_at`, `updated_at`) VALUES ('94', 0, 0, 1, 0, 1, 1, 0, 1, 0, 0, 1, 0, 0, 0, 1, '2016-11-21 23:33:56', '2012-04-06 21:41:46');
INSERT INTO `room_facilities` (`id`, `kitchen`, `bathtub_or_shower`, `sofa`, `towels`, `cleaning_products`, `TV`, `refrigerator`, `telephone`, `microwave`, `hairdryer`, `safe`, `wake_up_service`, `toilet_paper`, `desk`, `dining_table`, `created_at`, `updated_at`) VALUES ('95', 1, 0, 0, 0, 1, 1, 1, 1, 0, 0, 1, 1, 0, 1, 0, '2015-09-21 08:35:55', '2018-03-13 16:19:18');
INSERT INTO `room_facilities` (`id`, `kitchen`, `bathtub_or_shower`, `sofa`, `towels`, `cleaning_products`, `TV`, `refrigerator`, `telephone`, `microwave`, `hairdryer`, `safe`, `wake_up_service`, `toilet_paper`, `desk`, `dining_table`, `created_at`, `updated_at`) VALUES ('96', 0, 1, 1, 0, 0, 1, 1, 1, 0, 1, 1, 1, 0, 1, 0, '2015-05-31 04:35:41', '2019-06-03 11:08:17');
INSERT INTO `room_facilities` (`id`, `kitchen`, `bathtub_or_shower`, `sofa`, `towels`, `cleaning_products`, `TV`, `refrigerator`, `telephone`, `microwave`, `hairdryer`, `safe`, `wake_up_service`, `toilet_paper`, `desk`, `dining_table`, `created_at`, `updated_at`) VALUES ('97', 1, 1, 0, 1, 0, 0, 0, 0, 0, 1, 0, 1, 1, 1, 0, '2017-02-04 19:19:03', '2014-11-17 02:04:50');
INSERT INTO `room_facilities` (`id`, `kitchen`, `bathtub_or_shower`, `sofa`, `towels`, `cleaning_products`, `TV`, `refrigerator`, `telephone`, `microwave`, `hairdryer`, `safe`, `wake_up_service`, `toilet_paper`, `desk`, `dining_table`, `created_at`, `updated_at`) VALUES ('98', 1, 0, 0, 1, 1, 0, 1, 1, 0, 0, 1, 1, 0, 1, 0, '2015-09-22 19:54:33', '2012-11-09 06:50:41');
INSERT INTO `room_facilities` (`id`, `kitchen`, `bathtub_or_shower`, `sofa`, `towels`, `cleaning_products`, `TV`, `refrigerator`, `telephone`, `microwave`, `hairdryer`, `safe`, `wake_up_service`, `toilet_paper`, `desk`, `dining_table`, `created_at`, `updated_at`) VALUES ('99', 1, 1, 0, 0, 1, 1, 1, 1, 0, 1, 0, 1, 0, 0, 1, '2013-07-03 19:09:34', '2018-11-11 09:36:03');
INSERT INTO `room_facilities` (`id`, `kitchen`, `bathtub_or_shower`, `sofa`, `towels`, `cleaning_products`, `TV`, `refrigerator`, `telephone`, `microwave`, `hairdryer`, `safe`, `wake_up_service`, `toilet_paper`, `desk`, `dining_table`, `created_at`, `updated_at`) VALUES ('100', 0, 0, 0, 0, 1, 0, 1, 1, 1, 1, 0, 0, 1, 1, 0, '2016-10-31 07:23:21', '2011-01-28 12:49:18');
INSERT INTO `room_facilities` (`id`, `kitchen`, `bathtub_or_shower`, `sofa`, `towels`, `cleaning_products`, `TV`, `refrigerator`, `telephone`, `microwave`, `hairdryer`, `safe`, `wake_up_service`, `toilet_paper`, `desk`, `dining_table`, `created_at`, `updated_at`) VALUES ('101', 1, 1, 0, 1, 0, 0, 1, 1, 1, 0, 0, 1, 0, 0, 1, '2019-07-13 08:02:40', '2011-08-30 12:56:49');
INSERT INTO `room_facilities` (`id`, `kitchen`, `bathtub_or_shower`, `sofa`, `towels`, `cleaning_products`, `TV`, `refrigerator`, `telephone`, `microwave`, `hairdryer`, `safe`, `wake_up_service`, `toilet_paper`, `desk`, `dining_table`, `created_at`, `updated_at`) VALUES ('102', 0, 1, 1, 0, 1, 0, 0, 1, 0, 1, 1, 0, 0, 0, 0, '2012-11-05 04:00:19', '2012-06-21 12:50:00');
INSERT INTO `room_facilities` (`id`, `kitchen`, `bathtub_or_shower`, `sofa`, `towels`, `cleaning_products`, `TV`, `refrigerator`, `telephone`, `microwave`, `hairdryer`, `safe`, `wake_up_service`, `toilet_paper`, `desk`, `dining_table`, `created_at`, `updated_at`) VALUES ('103', 1, 1, 1, 0, 1, 1, 0, 0, 1, 0, 1, 0, 0, 1, 0, '2013-01-24 10:02:20', '2011-07-11 19:56:23');
INSERT INTO `room_facilities` (`id`, `kitchen`, `bathtub_or_shower`, `sofa`, `towels`, `cleaning_products`, `TV`, `refrigerator`, `telephone`, `microwave`, `hairdryer`, `safe`, `wake_up_service`, `toilet_paper`, `desk`, `dining_table`, `created_at`, `updated_at`) VALUES ('104', 0, 0, 0, 0, 0, 0, 1, 0, 1, 0, 0, 1, 1, 0, 0, '2014-05-14 17:42:48', '2012-09-23 20:06:59');
INSERT INTO `room_facilities` (`id`, `kitchen`, `bathtub_or_shower`, `sofa`, `towels`, `cleaning_products`, `TV`, `refrigerator`, `telephone`, `microwave`, `hairdryer`, `safe`, `wake_up_service`, `toilet_paper`, `desk`, `dining_table`, `created_at`, `updated_at`) VALUES ('105', 0, 0, 0, 0, 0, 0, 0, 0, 0, 0, 0, 1, 0, 0, 1, '2020-03-15 17:52:22', '2011-03-30 23:24:36');
INSERT INTO `room_facilities` (`id`, `kitchen`, `bathtub_or_shower`, `sofa`, `towels`, `cleaning_products`, `TV`, `refrigerator`, `telephone`, `microwave`, `hairdryer`, `safe`, `wake_up_service`, `toilet_paper`, `desk`, `dining_table`, `created_at`, `updated_at`) VALUES ('106', 1, 1, 1, 0, 1, 1, 0, 1, 1, 1, 1, 1, 0, 0, 1, '2020-01-13 12:22:52', '2013-04-09 21:44:24');
INSERT INTO `room_facilities` (`id`, `kitchen`, `bathtub_or_shower`, `sofa`, `towels`, `cleaning_products`, `TV`, `refrigerator`, `telephone`, `microwave`, `hairdryer`, `safe`, `wake_up_service`, `toilet_paper`, `desk`, `dining_table`, `created_at`, `updated_at`) VALUES ('107', 0, 1, 0, 1, 1, 0, 1, 0, 0, 1, 1, 1, 0, 0, 0, '2014-02-14 08:31:02', '2011-02-01 19:03:14');
INSERT INTO `room_facilities` (`id`, `kitchen`, `bathtub_or_shower`, `sofa`, `towels`, `cleaning_products`, `TV`, `refrigerator`, `telephone`, `microwave`, `hairdryer`, `safe`, `wake_up_service`, `toilet_paper`, `desk`, `dining_table`, `created_at`, `updated_at`) VALUES ('108', 0, 1, 1, 1, 0, 1, 0, 0, 1, 0, 0, 1, 0, 1, 0, '2016-08-28 02:25:00', '2011-10-19 04:56:10');
INSERT INTO `room_facilities` (`id`, `kitchen`, `bathtub_or_shower`, `sofa`, `towels`, `cleaning_products`, `TV`, `refrigerator`, `telephone`, `microwave`, `hairdryer`, `safe`, `wake_up_service`, `toilet_paper`, `desk`, `dining_table`, `created_at`, `updated_at`) VALUES ('109', 1, 1, 1, 0, 0, 0, 1, 0, 0, 1, 1, 0, 1, 1, 0, '2018-07-13 11:29:09', '2013-11-29 02:56:01');
INSERT INTO `room_facilities` (`id`, `kitchen`, `bathtub_or_shower`, `sofa`, `towels`, `cleaning_products`, `TV`, `refrigerator`, `telephone`, `microwave`, `hairdryer`, `safe`, `wake_up_service`, `toilet_paper`, `desk`, `dining_table`, `created_at`, `updated_at`) VALUES ('110', 1, 1, 0, 0, 0, 0, 0, 0, 0, 0, 1, 1, 1, 0, 1, '2015-06-13 23:55:10', '2018-05-02 05:02:44');
INSERT INTO `room_facilities` (`id`, `kitchen`, `bathtub_or_shower`, `sofa`, `towels`, `cleaning_products`, `TV`, `refrigerator`, `telephone`, `microwave`, `hairdryer`, `safe`, `wake_up_service`, `toilet_paper`, `desk`, `dining_table`, `created_at`, `updated_at`) VALUES ('111', 1, 0, 0, 1, 0, 0, 1, 1, 0, 1, 1, 0, 0, 1, 0, '2017-03-10 09:06:35', '2012-01-15 15:02:56');
INSERT INTO `room_facilities` (`id`, `kitchen`, `bathtub_or_shower`, `sofa`, `towels`, `cleaning_products`, `TV`, `refrigerator`, `telephone`, `microwave`, `hairdryer`, `safe`, `wake_up_service`, `toilet_paper`, `desk`, `dining_table`, `created_at`, `updated_at`) VALUES ('112', 0, 0, 1, 0, 1, 1, 0, 0, 1, 1, 0, 0, 0, 1, 1, '2016-09-28 08:44:09', '2017-06-11 04:48:38');
INSERT INTO `room_facilities` (`id`, `kitchen`, `bathtub_or_shower`, `sofa`, `towels`, `cleaning_products`, `TV`, `refrigerator`, `telephone`, `microwave`, `hairdryer`, `safe`, `wake_up_service`, `toilet_paper`, `desk`, `dining_table`, `created_at`, `updated_at`) VALUES ('113', 0, 0, 0, 0, 0, 1, 1, 1, 1, 1, 0, 1, 1, 0, 1, '2016-05-02 21:35:41', '2015-10-26 08:57:15');
INSERT INTO `room_facilities` (`id`, `kitchen`, `bathtub_or_shower`, `sofa`, `towels`, `cleaning_products`, `TV`, `refrigerator`, `telephone`, `microwave`, `hairdryer`, `safe`, `wake_up_service`, `toilet_paper`, `desk`, `dining_table`, `created_at`, `updated_at`) VALUES ('114', 1, 1, 1, 0, 1, 0, 1, 0, 0, 0, 1, 0, 0, 1, 0, '2013-07-27 20:07:00', '2014-05-29 06:48:50');
INSERT INTO `room_facilities` (`id`, `kitchen`, `bathtub_or_shower`, `sofa`, `towels`, `cleaning_products`, `TV`, `refrigerator`, `telephone`, `microwave`, `hairdryer`, `safe`, `wake_up_service`, `toilet_paper`, `desk`, `dining_table`, `created_at`, `updated_at`) VALUES ('115', 0, 1, 0, 0, 1, 0, 1, 0, 0, 0, 0, 0, 1, 1, 1, '2012-09-15 08:07:17', '2010-11-06 18:55:08');
INSERT INTO `room_facilities` (`id`, `kitchen`, `bathtub_or_shower`, `sofa`, `towels`, `cleaning_products`, `TV`, `refrigerator`, `telephone`, `microwave`, `hairdryer`, `safe`, `wake_up_service`, `toilet_paper`, `desk`, `dining_table`, `created_at`, `updated_at`) VALUES ('116', 1, 1, 1, 0, 0, 0, 1, 0, 0, 1, 1, 1, 0, 0, 0, '2019-03-22 23:21:48', '2017-02-25 10:11:13');
INSERT INTO `room_facilities` (`id`, `kitchen`, `bathtub_or_shower`, `sofa`, `towels`, `cleaning_products`, `TV`, `refrigerator`, `telephone`, `microwave`, `hairdryer`, `safe`, `wake_up_service`, `toilet_paper`, `desk`, `dining_table`, `created_at`, `updated_at`) VALUES ('117', 0, 0, 0, 0, 1, 1, 1, 0, 0, 1, 0, 1, 0, 0, 0, '2010-10-07 08:09:11', '2011-04-03 07:01:12');
INSERT INTO `room_facilities` (`id`, `kitchen`, `bathtub_or_shower`, `sofa`, `towels`, `cleaning_products`, `TV`, `refrigerator`, `telephone`, `microwave`, `hairdryer`, `safe`, `wake_up_service`, `toilet_paper`, `desk`, `dining_table`, `created_at`, `updated_at`) VALUES ('118', 0, 1, 1, 1, 1, 1, 1, 0, 1, 1, 0, 1, 0, 0, 0, '2012-12-10 22:30:09', '2017-04-19 07:12:13');
INSERT INTO `room_facilities` (`id`, `kitchen`, `bathtub_or_shower`, `sofa`, `towels`, `cleaning_products`, `TV`, `refrigerator`, `telephone`, `microwave`, `hairdryer`, `safe`, `wake_up_service`, `toilet_paper`, `desk`, `dining_table`, `created_at`, `updated_at`) VALUES ('119', 1, 0, 1, 1, 0, 0, 1, 0, 0, 0, 0, 1, 1, 1, 1, '2011-09-19 17:01:08', '2014-12-10 13:38:37');
INSERT INTO `room_facilities` (`id`, `kitchen`, `bathtub_or_shower`, `sofa`, `towels`, `cleaning_products`, `TV`, `refrigerator`, `telephone`, `microwave`, `hairdryer`, `safe`, `wake_up_service`, `toilet_paper`, `desk`, `dining_table`, `created_at`, `updated_at`) VALUES ('120', 1, 0, 0, 1, 0, 1, 0, 0, 1, 1, 1, 1, 0, 1, 1, '2012-12-15 07:08:18', '2014-01-03 00:12:02');
INSERT INTO `room_facilities` (`id`, `kitchen`, `bathtub_or_shower`, `sofa`, `towels`, `cleaning_products`, `TV`, `refrigerator`, `telephone`, `microwave`, `hairdryer`, `safe`, `wake_up_service`, `toilet_paper`, `desk`, `dining_table`, `created_at`, `updated_at`) VALUES ('121', 0, 1, 1, 0, 0, 0, 1, 1, 1, 0, 1, 1, 1, 1, 0, '2019-01-14 03:55:09', '2012-11-11 20:05:07');
INSERT INTO `room_facilities` (`id`, `kitchen`, `bathtub_or_shower`, `sofa`, `towels`, `cleaning_products`, `TV`, `refrigerator`, `telephone`, `microwave`, `hairdryer`, `safe`, `wake_up_service`, `toilet_paper`, `desk`, `dining_table`, `created_at`, `updated_at`) VALUES ('122', 1, 1, 0, 1, 0, 1, 0, 0, 0, 1, 0, 0, 1, 1, 0, '2017-05-10 16:59:57', '2019-12-14 09:16:30');
INSERT INTO `room_facilities` (`id`, `kitchen`, `bathtub_or_shower`, `sofa`, `towels`, `cleaning_products`, `TV`, `refrigerator`, `telephone`, `microwave`, `hairdryer`, `safe`, `wake_up_service`, `toilet_paper`, `desk`, `dining_table`, `created_at`, `updated_at`) VALUES ('123', 1, 1, 1, 0, 0, 0, 0, 0, 1, 1, 1, 1, 0, 0, 0, '2019-11-30 09:47:02', '2012-03-01 21:52:32');
INSERT INTO `room_facilities` (`id`, `kitchen`, `bathtub_or_shower`, `sofa`, `towels`, `cleaning_products`, `TV`, `refrigerator`, `telephone`, `microwave`, `hairdryer`, `safe`, `wake_up_service`, `toilet_paper`, `desk`, `dining_table`, `created_at`, `updated_at`) VALUES ('124', 0, 1, 1, 1, 1, 1, 1, 1, 1, 0, 0, 1, 0, 1, 1, '2014-07-31 02:40:47', '2017-12-11 16:45:48');
INSERT INTO `room_facilities` (`id`, `kitchen`, `bathtub_or_shower`, `sofa`, `towels`, `cleaning_products`, `TV`, `refrigerator`, `telephone`, `microwave`, `hairdryer`, `safe`, `wake_up_service`, `toilet_paper`, `desk`, `dining_table`, `created_at`, `updated_at`) VALUES ('125', 1, 0, 1, 0, 1, 1, 0, 0, 1, 0, 0, 0, 0, 0, 1, '2011-02-03 13:39:40', '2020-01-08 03:12:52');
INSERT INTO `room_facilities` (`id`, `kitchen`, `bathtub_or_shower`, `sofa`, `towels`, `cleaning_products`, `TV`, `refrigerator`, `telephone`, `microwave`, `hairdryer`, `safe`, `wake_up_service`, `toilet_paper`, `desk`, `dining_table`, `created_at`, `updated_at`) VALUES ('126', 0, 0, 1, 1, 0, 1, 1, 0, 0, 0, 1, 1, 0, 0, 1, '2018-01-29 21:44:23', '2012-10-22 07:05:26');
INSERT INTO `room_facilities` (`id`, `kitchen`, `bathtub_or_shower`, `sofa`, `towels`, `cleaning_products`, `TV`, `refrigerator`, `telephone`, `microwave`, `hairdryer`, `safe`, `wake_up_service`, `toilet_paper`, `desk`, `dining_table`, `created_at`, `updated_at`) VALUES ('127', 1, 1, 1, 1, 1, 1, 1, 1, 1, 1, 1, 0, 1, 1, 0, '2015-06-01 16:31:29', '2014-04-11 00:11:43');
INSERT INTO `room_facilities` (`id`, `kitchen`, `bathtub_or_shower`, `sofa`, `towels`, `cleaning_products`, `TV`, `refrigerator`, `telephone`, `microwave`, `hairdryer`, `safe`, `wake_up_service`, `toilet_paper`, `desk`, `dining_table`, `created_at`, `updated_at`) VALUES ('128', 1, 0, 1, 0, 1, 1, 0, 0, 1, 0, 1, 1, 0, 1, 0, '2013-10-19 12:01:39', '2017-08-17 23:58:26');
INSERT INTO `room_facilities` (`id`, `kitchen`, `bathtub_or_shower`, `sofa`, `towels`, `cleaning_products`, `TV`, `refrigerator`, `telephone`, `microwave`, `hairdryer`, `safe`, `wake_up_service`, `toilet_paper`, `desk`, `dining_table`, `created_at`, `updated_at`) VALUES ('129', 1, 1, 0, 1, 0, 0, 1, 0, 1, 1, 0, 0, 0, 1, 0, '2015-10-20 11:31:36', '2018-08-10 08:47:07');
INSERT INTO `room_facilities` (`id`, `kitchen`, `bathtub_or_shower`, `sofa`, `towels`, `cleaning_products`, `TV`, `refrigerator`, `telephone`, `microwave`, `hairdryer`, `safe`, `wake_up_service`, `toilet_paper`, `desk`, `dining_table`, `created_at`, `updated_at`) VALUES ('130', 1, 1, 1, 0, 1, 1, 1, 0, 1, 0, 0, 0, 0, 1, 1, '2016-01-15 18:36:41', '2011-06-16 09:20:59');
INSERT INTO `room_facilities` (`id`, `kitchen`, `bathtub_or_shower`, `sofa`, `towels`, `cleaning_products`, `TV`, `refrigerator`, `telephone`, `microwave`, `hairdryer`, `safe`, `wake_up_service`, `toilet_paper`, `desk`, `dining_table`, `created_at`, `updated_at`) VALUES ('131', 1, 0, 1, 0, 0, 1, 0, 0, 1, 0, 0, 0, 1, 0, 1, '2016-05-18 21:56:39', '2017-12-27 04:07:33');
INSERT INTO `room_facilities` (`id`, `kitchen`, `bathtub_or_shower`, `sofa`, `towels`, `cleaning_products`, `TV`, `refrigerator`, `telephone`, `microwave`, `hairdryer`, `safe`, `wake_up_service`, `toilet_paper`, `desk`, `dining_table`, `created_at`, `updated_at`) VALUES ('132', 1, 1, 1, 1, 0, 1, 0, 0, 0, 0, 0, 1, 1, 1, 1, '2014-08-14 14:04:42', '2013-10-29 05:47:21');
INSERT INTO `room_facilities` (`id`, `kitchen`, `bathtub_or_shower`, `sofa`, `towels`, `cleaning_products`, `TV`, `refrigerator`, `telephone`, `microwave`, `hairdryer`, `safe`, `wake_up_service`, `toilet_paper`, `desk`, `dining_table`, `created_at`, `updated_at`) VALUES ('133', 0, 0, 1, 0, 1, 1, 1, 0, 0, 1, 1, 1, 0, 1, 0, '2014-07-21 00:23:19', '2016-04-05 09:22:41');
INSERT INTO `room_facilities` (`id`, `kitchen`, `bathtub_or_shower`, `sofa`, `towels`, `cleaning_products`, `TV`, `refrigerator`, `telephone`, `microwave`, `hairdryer`, `safe`, `wake_up_service`, `toilet_paper`, `desk`, `dining_table`, `created_at`, `updated_at`) VALUES ('134', 1, 0, 0, 0, 0, 0, 0, 1, 1, 1, 0, 0, 0, 1, 1, '2012-11-13 01:56:05', '2011-08-01 18:39:17');
INSERT INTO `room_facilities` (`id`, `kitchen`, `bathtub_or_shower`, `sofa`, `towels`, `cleaning_products`, `TV`, `refrigerator`, `telephone`, `microwave`, `hairdryer`, `safe`, `wake_up_service`, `toilet_paper`, `desk`, `dining_table`, `created_at`, `updated_at`) VALUES ('135', 1, 0, 1, 1, 1, 1, 0, 1, 1, 1, 0, 0, 0, 1, 0, '2015-02-23 22:02:40', '2016-10-12 16:38:38');
INSERT INTO `room_facilities` (`id`, `kitchen`, `bathtub_or_shower`, `sofa`, `towels`, `cleaning_products`, `TV`, `refrigerator`, `telephone`, `microwave`, `hairdryer`, `safe`, `wake_up_service`, `toilet_paper`, `desk`, `dining_table`, `created_at`, `updated_at`) VALUES ('136', 1, 0, 1, 1, 0, 0, 0, 0, 1, 1, 0, 1, 1, 1, 0, '2020-06-02 11:16:56', '2016-04-22 18:34:24');
INSERT INTO `room_facilities` (`id`, `kitchen`, `bathtub_or_shower`, `sofa`, `towels`, `cleaning_products`, `TV`, `refrigerator`, `telephone`, `microwave`, `hairdryer`, `safe`, `wake_up_service`, `toilet_paper`, `desk`, `dining_table`, `created_at`, `updated_at`) VALUES ('137', 1, 0, 0, 1, 0, 0, 0, 1, 0, 1, 1, 1, 0, 0, 0, '2012-02-07 16:53:02', '2017-01-24 03:55:08');
INSERT INTO `room_facilities` (`id`, `kitchen`, `bathtub_or_shower`, `sofa`, `towels`, `cleaning_products`, `TV`, `refrigerator`, `telephone`, `microwave`, `hairdryer`, `safe`, `wake_up_service`, `toilet_paper`, `desk`, `dining_table`, `created_at`, `updated_at`) VALUES ('138', 1, 1, 0, 1, 0, 0, 1, 1, 0, 1, 0, 0, 1, 1, 0, '2010-12-25 17:42:41', '2012-07-24 07:12:32');
INSERT INTO `room_facilities` (`id`, `kitchen`, `bathtub_or_shower`, `sofa`, `towels`, `cleaning_products`, `TV`, `refrigerator`, `telephone`, `microwave`, `hairdryer`, `safe`, `wake_up_service`, `toilet_paper`, `desk`, `dining_table`, `created_at`, `updated_at`) VALUES ('139', 0, 0, 0, 1, 1, 1, 0, 0, 1, 1, 0, 0, 0, 1, 1, '2015-12-12 17:16:26', '2017-07-05 12:48:11');
INSERT INTO `room_facilities` (`id`, `kitchen`, `bathtub_or_shower`, `sofa`, `towels`, `cleaning_products`, `TV`, `refrigerator`, `telephone`, `microwave`, `hairdryer`, `safe`, `wake_up_service`, `toilet_paper`, `desk`, `dining_table`, `created_at`, `updated_at`) VALUES ('140', 1, 0, 0, 0, 1, 0, 0, 1, 0, 0, 0, 1, 1, 1, 1, '2018-02-16 10:08:45', '2017-07-10 23:15:20');
INSERT INTO `room_facilities` (`id`, `kitchen`, `bathtub_or_shower`, `sofa`, `towels`, `cleaning_products`, `TV`, `refrigerator`, `telephone`, `microwave`, `hairdryer`, `safe`, `wake_up_service`, `toilet_paper`, `desk`, `dining_table`, `created_at`, `updated_at`) VALUES ('141', 0, 0, 1, 1, 1, 0, 0, 0, 1, 1, 1, 1, 0, 1, 0, '2018-10-18 20:52:51', '2014-12-18 17:22:41');
INSERT INTO `room_facilities` (`id`, `kitchen`, `bathtub_or_shower`, `sofa`, `towels`, `cleaning_products`, `TV`, `refrigerator`, `telephone`, `microwave`, `hairdryer`, `safe`, `wake_up_service`, `toilet_paper`, `desk`, `dining_table`, `created_at`, `updated_at`) VALUES ('142', 1, 0, 0, 0, 1, 1, 0, 0, 1, 1, 0, 0, 1, 0, 0, '2013-05-09 18:01:40', '2013-12-14 16:54:46');
INSERT INTO `room_facilities` (`id`, `kitchen`, `bathtub_or_shower`, `sofa`, `towels`, `cleaning_products`, `TV`, `refrigerator`, `telephone`, `microwave`, `hairdryer`, `safe`, `wake_up_service`, `toilet_paper`, `desk`, `dining_table`, `created_at`, `updated_at`) VALUES ('143', 0, 0, 0, 0, 1, 0, 0, 1, 1, 0, 1, 1, 1, 1, 0, '2012-05-30 17:38:19', '2010-09-26 03:02:35');
INSERT INTO `room_facilities` (`id`, `kitchen`, `bathtub_or_shower`, `sofa`, `towels`, `cleaning_products`, `TV`, `refrigerator`, `telephone`, `microwave`, `hairdryer`, `safe`, `wake_up_service`, `toilet_paper`, `desk`, `dining_table`, `created_at`, `updated_at`) VALUES ('144', 0, 0, 1, 0, 1, 0, 1, 0, 1, 1, 1, 0, 0, 1, 0, '2017-07-13 21:52:12', '2015-01-11 06:40:08');
INSERT INTO `room_facilities` (`id`, `kitchen`, `bathtub_or_shower`, `sofa`, `towels`, `cleaning_products`, `TV`, `refrigerator`, `telephone`, `microwave`, `hairdryer`, `safe`, `wake_up_service`, `toilet_paper`, `desk`, `dining_table`, `created_at`, `updated_at`) VALUES ('145', 0, 1, 0, 0, 0, 0, 1, 1, 0, 0, 0, 0, 0, 1, 1, '2013-02-09 13:35:49', '2020-07-08 18:32:34');
INSERT INTO `room_facilities` (`id`, `kitchen`, `bathtub_or_shower`, `sofa`, `towels`, `cleaning_products`, `TV`, `refrigerator`, `telephone`, `microwave`, `hairdryer`, `safe`, `wake_up_service`, `toilet_paper`, `desk`, `dining_table`, `created_at`, `updated_at`) VALUES ('146', 0, 0, 1, 0, 0, 1, 0, 0, 0, 0, 1, 0, 0, 1, 1, '2016-10-26 12:50:26', '2014-01-19 22:40:24');
INSERT INTO `room_facilities` (`id`, `kitchen`, `bathtub_or_shower`, `sofa`, `towels`, `cleaning_products`, `TV`, `refrigerator`, `telephone`, `microwave`, `hairdryer`, `safe`, `wake_up_service`, `toilet_paper`, `desk`, `dining_table`, `created_at`, `updated_at`) VALUES ('147', 0, 1, 0, 0, 0, 0, 1, 1, 0, 1, 0, 1, 1, 1, 1, '2019-10-04 04:54:12', '2016-04-25 19:04:21');
INSERT INTO `room_facilities` (`id`, `kitchen`, `bathtub_or_shower`, `sofa`, `towels`, `cleaning_products`, `TV`, `refrigerator`, `telephone`, `microwave`, `hairdryer`, `safe`, `wake_up_service`, `toilet_paper`, `desk`, `dining_table`, `created_at`, `updated_at`) VALUES ('148', 0, 1, 0, 1, 0, 1, 1, 1, 1, 0, 1, 1, 1, 1, 1, '2016-09-01 08:57:31', '2017-12-17 13:55:01');
INSERT INTO `room_facilities` (`id`, `kitchen`, `bathtub_or_shower`, `sofa`, `towels`, `cleaning_products`, `TV`, `refrigerator`, `telephone`, `microwave`, `hairdryer`, `safe`, `wake_up_service`, `toilet_paper`, `desk`, `dining_table`, `created_at`, `updated_at`) VALUES ('149', 1, 1, 1, 1, 1, 1, 0, 1, 0, 0, 1, 0, 1, 0, 0, '2016-06-19 09:41:21', '2016-06-07 00:30:58');
INSERT INTO `room_facilities` (`id`, `kitchen`, `bathtub_or_shower`, `sofa`, `towels`, `cleaning_products`, `TV`, `refrigerator`, `telephone`, `microwave`, `hairdryer`, `safe`, `wake_up_service`, `toilet_paper`, `desk`, `dining_table`, `created_at`, `updated_at`) VALUES ('150', 0, 1, 1, 0, 1, 0, 0, 1, 1, 0, 0, 0, 0, 0, 0, '2012-06-24 11:54:48', '2016-07-10 01:51:15');
INSERT INTO `room_facilities` (`id`, `kitchen`, `bathtub_or_shower`, `sofa`, `towels`, `cleaning_products`, `TV`, `refrigerator`, `telephone`, `microwave`, `hairdryer`, `safe`, `wake_up_service`, `toilet_paper`, `desk`, `dining_table`, `created_at`, `updated_at`) VALUES ('151', 0, 1, 0, 0, 0, 1, 1, 0, 1, 1, 1, 1, 0, 0, 1, '2020-08-16 06:42:19', '2015-01-14 14:27:36');
INSERT INTO `room_facilities` (`id`, `kitchen`, `bathtub_or_shower`, `sofa`, `towels`, `cleaning_products`, `TV`, `refrigerator`, `telephone`, `microwave`, `hairdryer`, `safe`, `wake_up_service`, `toilet_paper`, `desk`, `dining_table`, `created_at`, `updated_at`) VALUES ('152', 0, 1, 1, 0, 0, 0, 0, 1, 0, 0, 0, 0, 0, 0, 1, '2012-05-28 09:24:53', '2019-08-23 21:51:09');
INSERT INTO `room_facilities` (`id`, `kitchen`, `bathtub_or_shower`, `sofa`, `towels`, `cleaning_products`, `TV`, `refrigerator`, `telephone`, `microwave`, `hairdryer`, `safe`, `wake_up_service`, `toilet_paper`, `desk`, `dining_table`, `created_at`, `updated_at`) VALUES ('153', 0, 0, 1, 1, 1, 0, 0, 0, 0, 0, 1, 1, 0, 1, 0, '2020-06-27 03:24:38', '2011-07-07 07:22:30');
INSERT INTO `room_facilities` (`id`, `kitchen`, `bathtub_or_shower`, `sofa`, `towels`, `cleaning_products`, `TV`, `refrigerator`, `telephone`, `microwave`, `hairdryer`, `safe`, `wake_up_service`, `toilet_paper`, `desk`, `dining_table`, `created_at`, `updated_at`) VALUES ('154', 1, 0, 1, 1, 0, 1, 0, 1, 1, 0, 0, 0, 0, 1, 0, '2018-01-10 23:29:53', '2018-09-02 05:29:19');
INSERT INTO `room_facilities` (`id`, `kitchen`, `bathtub_or_shower`, `sofa`, `towels`, `cleaning_products`, `TV`, `refrigerator`, `telephone`, `microwave`, `hairdryer`, `safe`, `wake_up_service`, `toilet_paper`, `desk`, `dining_table`, `created_at`, `updated_at`) VALUES ('155', 0, 0, 0, 0, 1, 1, 1, 1, 0, 0, 0, 1, 0, 1, 0, '2010-11-22 13:03:50', '2013-11-08 02:10:22');
INSERT INTO `room_facilities` (`id`, `kitchen`, `bathtub_or_shower`, `sofa`, `towels`, `cleaning_products`, `TV`, `refrigerator`, `telephone`, `microwave`, `hairdryer`, `safe`, `wake_up_service`, `toilet_paper`, `desk`, `dining_table`, `created_at`, `updated_at`) VALUES ('156', 0, 0, 1, 1, 0, 0, 0, 1, 1, 1, 1, 1, 0, 0, 0, '2014-08-20 06:26:25', '2018-12-18 22:18:37');
INSERT INTO `room_facilities` (`id`, `kitchen`, `bathtub_or_shower`, `sofa`, `towels`, `cleaning_products`, `TV`, `refrigerator`, `telephone`, `microwave`, `hairdryer`, `safe`, `wake_up_service`, `toilet_paper`, `desk`, `dining_table`, `created_at`, `updated_at`) VALUES ('157', 0, 1, 1, 0, 1, 0, 0, 1, 1, 0, 0, 1, 0, 1, 0, '2015-12-28 19:08:47', '2020-08-23 03:02:51');
INSERT INTO `room_facilities` (`id`, `kitchen`, `bathtub_or_shower`, `sofa`, `towels`, `cleaning_products`, `TV`, `refrigerator`, `telephone`, `microwave`, `hairdryer`, `safe`, `wake_up_service`, `toilet_paper`, `desk`, `dining_table`, `created_at`, `updated_at`) VALUES ('158', 1, 0, 0, 0, 0, 0, 0, 0, 0, 0, 1, 0, 0, 0, 0, '2014-03-09 15:57:55', '2018-05-12 02:32:09');
INSERT INTO `room_facilities` (`id`, `kitchen`, `bathtub_or_shower`, `sofa`, `towels`, `cleaning_products`, `TV`, `refrigerator`, `telephone`, `microwave`, `hairdryer`, `safe`, `wake_up_service`, `toilet_paper`, `desk`, `dining_table`, `created_at`, `updated_at`) VALUES ('159', 1, 0, 0, 0, 1, 0, 1, 0, 1, 0, 1, 1, 1, 0, 0, '2010-10-15 12:51:39', '2014-08-13 09:59:22');
INSERT INTO `room_facilities` (`id`, `kitchen`, `bathtub_or_shower`, `sofa`, `towels`, `cleaning_products`, `TV`, `refrigerator`, `telephone`, `microwave`, `hairdryer`, `safe`, `wake_up_service`, `toilet_paper`, `desk`, `dining_table`, `created_at`, `updated_at`) VALUES ('160', 0, 1, 0, 0, 1, 0, 1, 0, 0, 0, 1, 0, 1, 1, 1, '2016-06-28 16:48:17', '2012-12-06 15:34:06');
INSERT INTO `room_facilities` (`id`, `kitchen`, `bathtub_or_shower`, `sofa`, `towels`, `cleaning_products`, `TV`, `refrigerator`, `telephone`, `microwave`, `hairdryer`, `safe`, `wake_up_service`, `toilet_paper`, `desk`, `dining_table`, `created_at`, `updated_at`) VALUES ('161', 0, 1, 0, 1, 1, 0, 0, 1, 0, 1, 0, 1, 1, 1, 1, '2016-04-04 16:52:14', '2018-03-26 18:34:04');
INSERT INTO `room_facilities` (`id`, `kitchen`, `bathtub_or_shower`, `sofa`, `towels`, `cleaning_products`, `TV`, `refrigerator`, `telephone`, `microwave`, `hairdryer`, `safe`, `wake_up_service`, `toilet_paper`, `desk`, `dining_table`, `created_at`, `updated_at`) VALUES ('162', 1, 0, 0, 0, 0, 1, 1, 1, 0, 1, 0, 0, 0, 1, 0, '2017-03-20 01:38:28', '2011-02-12 21:05:35');
INSERT INTO `room_facilities` (`id`, `kitchen`, `bathtub_or_shower`, `sofa`, `towels`, `cleaning_products`, `TV`, `refrigerator`, `telephone`, `microwave`, `hairdryer`, `safe`, `wake_up_service`, `toilet_paper`, `desk`, `dining_table`, `created_at`, `updated_at`) VALUES ('163', 1, 1, 1, 1, 1, 1, 0, 0, 0, 0, 1, 1, 0, 1, 1, '2014-01-03 01:05:26', '2015-07-30 20:28:02');
INSERT INTO `room_facilities` (`id`, `kitchen`, `bathtub_or_shower`, `sofa`, `towels`, `cleaning_products`, `TV`, `refrigerator`, `telephone`, `microwave`, `hairdryer`, `safe`, `wake_up_service`, `toilet_paper`, `desk`, `dining_table`, `created_at`, `updated_at`) VALUES ('164', 0, 0, 1, 0, 1, 1, 1, 0, 1, 1, 1, 0, 0, 0, 0, '2017-12-09 23:29:39', '2016-03-01 16:11:45');
INSERT INTO `room_facilities` (`id`, `kitchen`, `bathtub_or_shower`, `sofa`, `towels`, `cleaning_products`, `TV`, `refrigerator`, `telephone`, `microwave`, `hairdryer`, `safe`, `wake_up_service`, `toilet_paper`, `desk`, `dining_table`, `created_at`, `updated_at`) VALUES ('165', 1, 1, 0, 0, 1, 1, 1, 0, 1, 1, 0, 1, 0, 0, 0, '2019-02-12 02:27:02', '2013-04-07 17:28:37');
INSERT INTO `room_facilities` (`id`, `kitchen`, `bathtub_or_shower`, `sofa`, `towels`, `cleaning_products`, `TV`, `refrigerator`, `telephone`, `microwave`, `hairdryer`, `safe`, `wake_up_service`, `toilet_paper`, `desk`, `dining_table`, `created_at`, `updated_at`) VALUES ('166', 0, 1, 0, 0, 1, 0, 1, 1, 1, 1, 0, 0, 1, 1, 1, '2020-08-02 12:54:52', '2020-08-22 02:08:51');
INSERT INTO `room_facilities` (`id`, `kitchen`, `bathtub_or_shower`, `sofa`, `towels`, `cleaning_products`, `TV`, `refrigerator`, `telephone`, `microwave`, `hairdryer`, `safe`, `wake_up_service`, `toilet_paper`, `desk`, `dining_table`, `created_at`, `updated_at`) VALUES ('167', 1, 1, 1, 0, 1, 0, 1, 1, 1, 1, 1, 0, 0, 1, 1, '2015-11-19 06:50:55', '2018-03-14 20:55:09');
INSERT INTO `room_facilities` (`id`, `kitchen`, `bathtub_or_shower`, `sofa`, `towels`, `cleaning_products`, `TV`, `refrigerator`, `telephone`, `microwave`, `hairdryer`, `safe`, `wake_up_service`, `toilet_paper`, `desk`, `dining_table`, `created_at`, `updated_at`) VALUES ('168', 1, 0, 0, 1, 1, 1, 0, 1, 1, 1, 0, 0, 0, 1, 0, '2013-05-20 06:08:56', '2011-05-19 15:19:58');
INSERT INTO `room_facilities` (`id`, `kitchen`, `bathtub_or_shower`, `sofa`, `towels`, `cleaning_products`, `TV`, `refrigerator`, `telephone`, `microwave`, `hairdryer`, `safe`, `wake_up_service`, `toilet_paper`, `desk`, `dining_table`, `created_at`, `updated_at`) VALUES ('169', 1, 0, 0, 1, 0, 1, 1, 1, 1, 1, 0, 0, 0, 0, 1, '2019-10-16 14:30:38', '2013-09-03 23:31:08');
INSERT INTO `room_facilities` (`id`, `kitchen`, `bathtub_or_shower`, `sofa`, `towels`, `cleaning_products`, `TV`, `refrigerator`, `telephone`, `microwave`, `hairdryer`, `safe`, `wake_up_service`, `toilet_paper`, `desk`, `dining_table`, `created_at`, `updated_at`) VALUES ('170', 0, 1, 1, 0, 0, 1, 0, 0, 0, 0, 0, 1, 0, 0, 0, '2011-03-24 10:05:44', '2015-10-06 01:04:17');
INSERT INTO `room_facilities` (`id`, `kitchen`, `bathtub_or_shower`, `sofa`, `towels`, `cleaning_products`, `TV`, `refrigerator`, `telephone`, `microwave`, `hairdryer`, `safe`, `wake_up_service`, `toilet_paper`, `desk`, `dining_table`, `created_at`, `updated_at`) VALUES ('171', 0, 0, 0, 0, 1, 0, 0, 0, 0, 0, 1, 1, 1, 0, 1, '2012-07-04 10:19:34', '2014-05-04 20:53:56');
INSERT INTO `room_facilities` (`id`, `kitchen`, `bathtub_or_shower`, `sofa`, `towels`, `cleaning_products`, `TV`, `refrigerator`, `telephone`, `microwave`, `hairdryer`, `safe`, `wake_up_service`, `toilet_paper`, `desk`, `dining_table`, `created_at`, `updated_at`) VALUES ('172', 0, 1, 1, 0, 1, 1, 1, 0, 1, 1, 0, 1, 1, 0, 1, '2011-10-09 07:38:27', '2018-11-29 06:14:21');
INSERT INTO `room_facilities` (`id`, `kitchen`, `bathtub_or_shower`, `sofa`, `towels`, `cleaning_products`, `TV`, `refrigerator`, `telephone`, `microwave`, `hairdryer`, `safe`, `wake_up_service`, `toilet_paper`, `desk`, `dining_table`, `created_at`, `updated_at`) VALUES ('173', 0, 1, 0, 1, 0, 0, 1, 1, 1, 1, 0, 0, 1, 0, 0, '2010-12-07 12:01:02', '2018-11-01 04:36:35');
INSERT INTO `room_facilities` (`id`, `kitchen`, `bathtub_or_shower`, `sofa`, `towels`, `cleaning_products`, `TV`, `refrigerator`, `telephone`, `microwave`, `hairdryer`, `safe`, `wake_up_service`, `toilet_paper`, `desk`, `dining_table`, `created_at`, `updated_at`) VALUES ('174', 1, 0, 1, 1, 1, 1, 0, 0, 0, 1, 0, 0, 1, 1, 0, '2012-05-02 16:51:05', '2016-10-03 20:02:03');
INSERT INTO `room_facilities` (`id`, `kitchen`, `bathtub_or_shower`, `sofa`, `towels`, `cleaning_products`, `TV`, `refrigerator`, `telephone`, `microwave`, `hairdryer`, `safe`, `wake_up_service`, `toilet_paper`, `desk`, `dining_table`, `created_at`, `updated_at`) VALUES ('175', 0, 1, 1, 1, 1, 0, 0, 1, 0, 1, 1, 0, 0, 1, 1, '2016-11-12 08:06:25', '2013-03-10 05:25:59');
INSERT INTO `room_facilities` (`id`, `kitchen`, `bathtub_or_shower`, `sofa`, `towels`, `cleaning_products`, `TV`, `refrigerator`, `telephone`, `microwave`, `hairdryer`, `safe`, `wake_up_service`, `toilet_paper`, `desk`, `dining_table`, `created_at`, `updated_at`) VALUES ('176', 1, 1, 0, 1, 0, 1, 1, 1, 1, 1, 1, 1, 1, 1, 1, '2014-03-02 20:26:23', '2018-07-29 14:12:24');
INSERT INTO `room_facilities` (`id`, `kitchen`, `bathtub_or_shower`, `sofa`, `towels`, `cleaning_products`, `TV`, `refrigerator`, `telephone`, `microwave`, `hairdryer`, `safe`, `wake_up_service`, `toilet_paper`, `desk`, `dining_table`, `created_at`, `updated_at`) VALUES ('177', 0, 1, 0, 0, 0, 1, 0, 1, 1, 0, 0, 0, 0, 1, 0, '2011-03-01 07:24:54', '2018-11-08 06:09:06');
INSERT INTO `room_facilities` (`id`, `kitchen`, `bathtub_or_shower`, `sofa`, `towels`, `cleaning_products`, `TV`, `refrigerator`, `telephone`, `microwave`, `hairdryer`, `safe`, `wake_up_service`, `toilet_paper`, `desk`, `dining_table`, `created_at`, `updated_at`) VALUES ('178', 0, 1, 1, 0, 0, 1, 1, 1, 1, 1, 1, 0, 0, 1, 0, '2016-11-15 16:17:16', '2016-07-20 00:20:38');
INSERT INTO `room_facilities` (`id`, `kitchen`, `bathtub_or_shower`, `sofa`, `towels`, `cleaning_products`, `TV`, `refrigerator`, `telephone`, `microwave`, `hairdryer`, `safe`, `wake_up_service`, `toilet_paper`, `desk`, `dining_table`, `created_at`, `updated_at`) VALUES ('179', 1, 1, 1, 1, 0, 0, 1, 0, 1, 0, 1, 0, 0, 1, 1, '2016-03-20 15:34:06', '2010-11-26 03:39:50');
INSERT INTO `room_facilities` (`id`, `kitchen`, `bathtub_or_shower`, `sofa`, `towels`, `cleaning_products`, `TV`, `refrigerator`, `telephone`, `microwave`, `hairdryer`, `safe`, `wake_up_service`, `toilet_paper`, `desk`, `dining_table`, `created_at`, `updated_at`) VALUES ('180', 0, 0, 1, 0, 1, 1, 1, 0, 1, 1, 1, 0, 1, 0, 1, '2011-12-27 12:11:50', '2012-12-26 14:06:17');
INSERT INTO `room_facilities` (`id`, `kitchen`, `bathtub_or_shower`, `sofa`, `towels`, `cleaning_products`, `TV`, `refrigerator`, `telephone`, `microwave`, `hairdryer`, `safe`, `wake_up_service`, `toilet_paper`, `desk`, `dining_table`, `created_at`, `updated_at`) VALUES ('181', 1, 0, 0, 0, 0, 1, 1, 0, 1, 0, 1, 0, 0, 0, 1, '2020-04-24 05:41:35', '2018-05-29 00:26:49');
INSERT INTO `room_facilities` (`id`, `kitchen`, `bathtub_or_shower`, `sofa`, `towels`, `cleaning_products`, `TV`, `refrigerator`, `telephone`, `microwave`, `hairdryer`, `safe`, `wake_up_service`, `toilet_paper`, `desk`, `dining_table`, `created_at`, `updated_at`) VALUES ('182', 0, 0, 1, 1, 0, 1, 0, 0, 1, 1, 1, 1, 1, 0, 0, '2011-10-28 15:04:32', '2016-11-03 08:29:09');
INSERT INTO `room_facilities` (`id`, `kitchen`, `bathtub_or_shower`, `sofa`, `towels`, `cleaning_products`, `TV`, `refrigerator`, `telephone`, `microwave`, `hairdryer`, `safe`, `wake_up_service`, `toilet_paper`, `desk`, `dining_table`, `created_at`, `updated_at`) VALUES ('183', 1, 0, 1, 1, 0, 1, 0, 0, 1, 1, 1, 1, 1, 0, 1, '2017-11-09 08:14:48', '2019-12-08 05:22:45');
INSERT INTO `room_facilities` (`id`, `kitchen`, `bathtub_or_shower`, `sofa`, `towels`, `cleaning_products`, `TV`, `refrigerator`, `telephone`, `microwave`, `hairdryer`, `safe`, `wake_up_service`, `toilet_paper`, `desk`, `dining_table`, `created_at`, `updated_at`) VALUES ('184', 0, 0, 1, 0, 0, 0, 1, 1, 0, 0, 0, 0, 0, 1, 0, '2016-02-26 07:35:13', '2017-12-07 08:39:13');
INSERT INTO `room_facilities` (`id`, `kitchen`, `bathtub_or_shower`, `sofa`, `towels`, `cleaning_products`, `TV`, `refrigerator`, `telephone`, `microwave`, `hairdryer`, `safe`, `wake_up_service`, `toilet_paper`, `desk`, `dining_table`, `created_at`, `updated_at`) VALUES ('185', 1, 0, 1, 0, 1, 0, 0, 1, 0, 1, 1, 0, 0, 0, 0, '2017-03-29 07:30:07', '2017-10-09 13:50:09');
INSERT INTO `room_facilities` (`id`, `kitchen`, `bathtub_or_shower`, `sofa`, `towels`, `cleaning_products`, `TV`, `refrigerator`, `telephone`, `microwave`, `hairdryer`, `safe`, `wake_up_service`, `toilet_paper`, `desk`, `dining_table`, `created_at`, `updated_at`) VALUES ('186', 0, 1, 1, 0, 1, 1, 1, 1, 0, 1, 0, 0, 1, 0, 0, '2015-08-23 18:15:20', '2015-06-30 18:54:02');
INSERT INTO `room_facilities` (`id`, `kitchen`, `bathtub_or_shower`, `sofa`, `towels`, `cleaning_products`, `TV`, `refrigerator`, `telephone`, `microwave`, `hairdryer`, `safe`, `wake_up_service`, `toilet_paper`, `desk`, `dining_table`, `created_at`, `updated_at`) VALUES ('187', 0, 0, 1, 1, 0, 0, 0, 0, 1, 0, 0, 1, 1, 0, 1, '2018-08-16 07:39:27', '2011-11-07 13:04:59');
INSERT INTO `room_facilities` (`id`, `kitchen`, `bathtub_or_shower`, `sofa`, `towels`, `cleaning_products`, `TV`, `refrigerator`, `telephone`, `microwave`, `hairdryer`, `safe`, `wake_up_service`, `toilet_paper`, `desk`, `dining_table`, `created_at`, `updated_at`) VALUES ('188', 1, 1, 0, 0, 1, 1, 0, 0, 1, 0, 0, 1, 0, 0, 1, '2018-09-16 17:40:21', '2018-07-14 09:49:26');
INSERT INTO `room_facilities` (`id`, `kitchen`, `bathtub_or_shower`, `sofa`, `towels`, `cleaning_products`, `TV`, `refrigerator`, `telephone`, `microwave`, `hairdryer`, `safe`, `wake_up_service`, `toilet_paper`, `desk`, `dining_table`, `created_at`, `updated_at`) VALUES ('189', 1, 1, 1, 0, 1, 0, 0, 1, 1, 1, 1, 0, 0, 1, 0, '2016-06-06 07:26:01', '2017-08-01 17:12:43');
INSERT INTO `room_facilities` (`id`, `kitchen`, `bathtub_or_shower`, `sofa`, `towels`, `cleaning_products`, `TV`, `refrigerator`, `telephone`, `microwave`, `hairdryer`, `safe`, `wake_up_service`, `toilet_paper`, `desk`, `dining_table`, `created_at`, `updated_at`) VALUES ('190', 0, 1, 1, 1, 0, 1, 0, 1, 0, 0, 1, 0, 0, 0, 1, '2011-06-05 05:52:06', '2017-08-22 20:12:58');
INSERT INTO `room_facilities` (`id`, `kitchen`, `bathtub_or_shower`, `sofa`, `towels`, `cleaning_products`, `TV`, `refrigerator`, `telephone`, `microwave`, `hairdryer`, `safe`, `wake_up_service`, `toilet_paper`, `desk`, `dining_table`, `created_at`, `updated_at`) VALUES ('191', 1, 0, 1, 1, 0, 1, 0, 0, 0, 1, 1, 0, 0, 1, 0, '2010-10-11 11:35:37', '2011-12-21 04:42:22');
INSERT INTO `room_facilities` (`id`, `kitchen`, `bathtub_or_shower`, `sofa`, `towels`, `cleaning_products`, `TV`, `refrigerator`, `telephone`, `microwave`, `hairdryer`, `safe`, `wake_up_service`, `toilet_paper`, `desk`, `dining_table`, `created_at`, `updated_at`) VALUES ('192', 0, 1, 0, 1, 0, 0, 1, 1, 0, 0, 0, 0, 1, 0, 0, '2019-03-29 18:39:37', '2013-09-03 21:37:07');
INSERT INTO `room_facilities` (`id`, `kitchen`, `bathtub_or_shower`, `sofa`, `towels`, `cleaning_products`, `TV`, `refrigerator`, `telephone`, `microwave`, `hairdryer`, `safe`, `wake_up_service`, `toilet_paper`, `desk`, `dining_table`, `created_at`, `updated_at`) VALUES ('193', 0, 0, 0, 1, 1, 1, 1, 0, 0, 0, 0, 1, 0, 0, 1, '2013-02-13 02:29:28', '2013-08-26 21:05:18');
INSERT INTO `room_facilities` (`id`, `kitchen`, `bathtub_or_shower`, `sofa`, `towels`, `cleaning_products`, `TV`, `refrigerator`, `telephone`, `microwave`, `hairdryer`, `safe`, `wake_up_service`, `toilet_paper`, `desk`, `dining_table`, `created_at`, `updated_at`) VALUES ('194', 0, 1, 1, 0, 0, 1, 1, 1, 1, 1, 1, 1, 0, 0, 1, '2019-09-11 18:34:41', '2019-12-02 06:31:59');
INSERT INTO `room_facilities` (`id`, `kitchen`, `bathtub_or_shower`, `sofa`, `towels`, `cleaning_products`, `TV`, `refrigerator`, `telephone`, `microwave`, `hairdryer`, `safe`, `wake_up_service`, `toilet_paper`, `desk`, `dining_table`, `created_at`, `updated_at`) VALUES ('195', 1, 0, 1, 1, 0, 0, 0, 1, 0, 1, 0, 0, 0, 1, 1, '2011-07-29 01:30:46', '2012-02-02 02:36:12');
INSERT INTO `room_facilities` (`id`, `kitchen`, `bathtub_or_shower`, `sofa`, `towels`, `cleaning_products`, `TV`, `refrigerator`, `telephone`, `microwave`, `hairdryer`, `safe`, `wake_up_service`, `toilet_paper`, `desk`, `dining_table`, `created_at`, `updated_at`) VALUES ('196', 1, 0, 1, 1, 0, 0, 0, 0, 1, 1, 1, 1, 1, 1, 1, '2019-06-06 18:54:44', '2018-01-13 05:15:25');
INSERT INTO `room_facilities` (`id`, `kitchen`, `bathtub_or_shower`, `sofa`, `towels`, `cleaning_products`, `TV`, `refrigerator`, `telephone`, `microwave`, `hairdryer`, `safe`, `wake_up_service`, `toilet_paper`, `desk`, `dining_table`, `created_at`, `updated_at`) VALUES ('197', 0, 0, 0, 1, 1, 1, 0, 0, 0, 0, 1, 0, 0, 0, 1, '2016-12-29 23:21:27', '2015-01-14 05:52:14');
INSERT INTO `room_facilities` (`id`, `kitchen`, `bathtub_or_shower`, `sofa`, `towels`, `cleaning_products`, `TV`, `refrigerator`, `telephone`, `microwave`, `hairdryer`, `safe`, `wake_up_service`, `toilet_paper`, `desk`, `dining_table`, `created_at`, `updated_at`) VALUES ('198', 1, 0, 0, 1, 0, 1, 1, 1, 1, 0, 0, 1, 0, 0, 0, '2012-10-04 02:49:20', '2019-01-03 23:34:35');
INSERT INTO `room_facilities` (`id`, `kitchen`, `bathtub_or_shower`, `sofa`, `towels`, `cleaning_products`, `TV`, `refrigerator`, `telephone`, `microwave`, `hairdryer`, `safe`, `wake_up_service`, `toilet_paper`, `desk`, `dining_table`, `created_at`, `updated_at`) VALUES ('199', 1, 1, 1, 0, 0, 1, 0, 1, 1, 1, 1, 0, 1, 1, 0, '2013-05-25 18:46:42', '2017-04-05 13:23:04');
INSERT INTO `room_facilities` (`id`, `kitchen`, `bathtub_or_shower`, `sofa`, `towels`, `cleaning_products`, `TV`, `refrigerator`, `telephone`, `microwave`, `hairdryer`, `safe`, `wake_up_service`, `toilet_paper`, `desk`, `dining_table`, `created_at`, `updated_at`) VALUES ('200', 1, 1, 0, 1, 0, 0, 0, 0, 1, 1, 0, 0, 1, 1, 0, '2013-02-07 15:58:59', '2018-04-03 22:48:17');

#
# TABLE STRUCTURE FOR: property_types
#

INSERT INTO `property_types` (`id`, `name`, `created_at`, `updated_at`) VALUES ('1', 'Apartments', '2012-01-18 05:42:49', '2014-10-14 15:36:36');
INSERT INTO `property_types` (`id`, `name`, `created_at`, `updated_at`) VALUES ('2', 'Guesthouses', '2013-12-20 17:24:36', '2011-03-12 23:23:27');
INSERT INTO `property_types` (`id`, `name`, `created_at`, `updated_at`) VALUES ('3', 'Hotels', '2018-02-27 11:05:55', '2019-01-21 12:38:30');
INSERT INTO `property_types` (`id`, `name`, `created_at`, `updated_at`) VALUES ('4', 'Hostels', '2011-01-31 00:09:58', '2011-08-26 11:41:22');
INSERT INTO `property_types` (`id`, `name`, `created_at`, `updated_at`) VALUES ('5', 'Motels', '2014-08-19 21:19:13', '2016-03-28 21:43:16');
INSERT INTO `property_types` (`id`, `name`, `created_at`, `updated_at`) VALUES ('6', 'Homestays', '2018-02-07 14:07:55', '2011-03-03 08:45:16');
INSERT INTO `property_types` (`id`, `name`, `created_at`, `updated_at`) VALUES ('7', 'Villas', '2015-06-11 10:50:56', '2017-12-08 04:32:57');
INSERT INTO `property_types` (`id`, `name`, `created_at`, `updated_at`) VALUES ('8', 'Health resorts', '2018-08-14 04:39:09', '2017-06-05 16:14:02');
INSERT INTO `property_types` (`id`, `name`, `created_at`, `updated_at`) VALUES ('9', 'Campgrounds', '2018-01-11 13:01:52', '2020-03-11 21:48:43');
INSERT INTO `property_types` (`id`, `name`, `created_at`, `updated_at`) VALUES ('10', 'Farm Stays', '2013-06-12 04:57:35', '2014-03-13 16:26:43');

#
# TABLE STRUCTURE FOR: stars
#

INSERT INTO `stars` (`id`, `name`) VALUES ('1', 1);
INSERT INTO `stars` (`id`, `name`) VALUES ('2', 2);
INSERT INTO `stars` (`id`, `name`) VALUES ('3', 3);
INSERT INTO `stars` (`id`, `name`) VALUES ('4', 4);
INSERT INTO `stars` (`id`, `name`) VALUES ('5', 5);
INSERT INTO `stars` (`id`, `name`) VALUES ('6', NULL);

#
# TABLE STRUCTURE FOR: objects
#

INSERT INTO `objects` (`id`, `cities_id`, `property_types_id`, `name`, `description`, `stars_id`, `address`, `facilities_id`, `created_at`, `updated_at`) VALUES ('1', 93, 2, 'Abshire', 'Voluptatem omnis qui non cupiditate nam labore non ducimus. Error dolorem unde soluta.', NULL, '26660 Wilkinson Villages', 28, '2010-12-28 16:59:04', '2016-09-10 06:05:37');
INSERT INTO `objects` (`id`, `cities_id`, `property_types_id`, `name`, `description`, `stars_id`, `address`, `facilities_id`, `created_at`, `updated_at`) VALUES ('2', 46, 4, 'Thiel', 'Officia aliquam repudiandae voluptatibus reiciendis. Molestias officia eaque possimus iusto. Reiciendis corporis illum maiores ipsa ut facere velit voluptate.', NULL, '894 Kub Brook Apt. 973', 86, '2015-06-21 12:45:01', '2016-12-12 21:03:00');
INSERT INTO `objects` (`id`, `cities_id`, `property_types_id`, `name`, `description`, `stars_id`, `address`, `facilities_id`, `created_at`, `updated_at`) VALUES ('3', 62, 1, 'Pagac', 'Aut quod est tenetur rem impedit architecto. Natus quia dignissimos fuga sit iure autem rerum. Aut sit nobis ut. Dolore iusto quia qui voluptas sit iure.', NULL, '55918 Adams Skyway Suite 157', 1, '2019-09-03 03:28:57', '2017-10-06 04:54:45');
INSERT INTO `objects` (`id`, `cities_id`, `property_types_id`, `name`, `description`, `stars_id`, `address`, `facilities_id`, `created_at`, `updated_at`) VALUES ('4', 23, 7, 'Hane', 'Tempore fugiat repudiandae exercitationem amet deleniti ut consequatur odit. Qui ut asperiores explicabo voluptas aspernatur repellendus maiores aspernatur. Sint voluptatem qui non necessitatibus laborum occaecati atque amet.', NULL, '2049 Davion Rapid', 56, '2010-12-04 14:14:26', '2011-12-11 07:48:04');
INSERT INTO `objects` (`id`, `cities_id`, `property_types_id`, `name`, `description`, `stars_id`, `address`, `facilities_id`, `created_at`, `updated_at`) VALUES ('5', 12, 6, 'Hauck', 'Nostrum modi laborum ab sed laudantium nam debitis. Quos et facere et odio et. Nihil aut minima porro magnam impedit quas in. Eum nesciunt non numquam veniam et tenetur impedit.', NULL, '76540 Hahn Mission', 47, '2017-06-21 01:41:32', '2017-12-27 01:03:38');
INSERT INTO `objects` (`id`, `cities_id`, `property_types_id`, `name`, `description`, `stars_id`, `address`, `facilities_id`, `created_at`, `updated_at`) VALUES ('6', 19, 1, 'Hessel', 'Et asperiores blanditiis rerum et officiis et ducimus. Magnam mollitia est maiores.', NULL, '366 Jaime Fort', 75, '2018-07-19 11:22:51', '2013-03-23 10:04:38');
INSERT INTO `objects` (`id`, `cities_id`, `property_types_id`, `name`, `description`, `stars_id`, `address`, `facilities_id`, `created_at`, `updated_at`) VALUES ('7', 57, 4, 'Emard', 'Ducimus et quisquam molestiae ut amet unde. Dolorum facere veritatis non ducimus ipsam nobis doloremque qui. Nulla aut et molestiae et aut voluptatibus.', NULL, '05665 Hans Corner Suite 677', 31, '2018-01-13 17:57:41', '2015-11-07 20:48:55');
INSERT INTO `objects` (`id`, `cities_id`, `property_types_id`, `name`, `description`, `stars_id`, `address`, `facilities_id`, `created_at`, `updated_at`) VALUES ('8', 23, 3, 'Lowe', 'Quasi a facere quis non. Eaque nam excepturi possimus hic et. Quia deserunt non quidem distinctio hic ea eligendi.', NULL, '606 Williamson Point Apt. 949', 81, '2018-01-05 23:51:23', '2020-07-19 16:20:22');
INSERT INTO `objects` (`id`, `cities_id`, `property_types_id`, `name`, `description`, `stars_id`, `address`, `facilities_id`, `created_at`, `updated_at`) VALUES ('9', 67, 10, 'Corwin', 'Delectus eligendi ut molestiae sed est ullam odio. Iste ut quo magnam quia. Doloribus dolorem voluptatem dolor commodi necessitatibus.', NULL, '7088 Greenholt Burgs Suite 049', 4, '2014-03-22 22:45:57', '2015-11-23 17:16:31');
INSERT INTO `objects` (`id`, `cities_id`, `property_types_id`, `name`, `description`, `stars_id`, `address`, `facilities_id`, `created_at`, `updated_at`) VALUES ('10', 76, 10, 'Jones', 'Non quia distinctio impedit vero nisi consequatur. Quidem pariatur nobis voluptate aliquid. Occaecati et ipsum est itaque quis nemo est eius.', NULL, '00332 Annette Village Apt. 395', 60, '2018-07-12 21:38:04', '2013-12-15 21:31:50');
INSERT INTO `objects` (`id`, `cities_id`, `property_types_id`, `name`, `description`, `stars_id`, `address`, `facilities_id`, `created_at`, `updated_at`) VALUES ('11', 26, 9, 'Jacobi', 'Laudantium saepe velit eligendi sunt. Delectus possimus tempora voluptatem. Ipsa tenetur et quaerat est mollitia ea aspernatur.', NULL, '486 Damion Neck Apt. 920', 74, '2014-11-05 07:50:10', '2017-04-24 06:07:25');
INSERT INTO `objects` (`id`, `cities_id`, `property_types_id`, `name`, `description`, `stars_id`, `address`, `facilities_id`, `created_at`, `updated_at`) VALUES ('12', 54, 4, 'Jakubowski', 'Quis rerum consequatur dolor sapiente. Qui at eveniet eveniet qui hic. Tenetur officia quo exercitationem possimus. Cupiditate cum ut corporis voluptas.', NULL, '36016 Witting Stravenue Apt. 447', 4, '2014-12-12 15:08:00', '2019-03-04 12:28:09');
INSERT INTO `objects` (`id`, `cities_id`, `property_types_id`, `name`, `description`, `stars_id`, `address`, `facilities_id`, `created_at`, `updated_at`) VALUES ('13', 39, 10, 'Thiel', 'Commodi ea earum dolores quis provident. Ut ratione eos earum dignissimos. Nostrum ab modi qui modi incidunt. Eos consectetur qui voluptas tempore eligendi.', NULL, '057 Kutch Light', 5, '2011-10-29 10:38:55', '2019-09-01 17:06:50');
INSERT INTO `objects` (`id`, `cities_id`, `property_types_id`, `name`, `description`, `stars_id`, `address`, `facilities_id`, `created_at`, `updated_at`) VALUES ('14', 40, 2, 'Goldner', 'Nemo nemo occaecati odio nihil enim et et. Quidem et nulla nam illo voluptatem. Soluta et et expedita deserunt reprehenderit odit. Dolorem quo quia laboriosam necessitatibus vel praesentium.', NULL, '81317 Satterfield Tunnel', 74, '2015-09-01 10:46:37', '2019-07-26 03:30:23');
INSERT INTO `objects` (`id`, `cities_id`, `property_types_id`, `name`, `description`, `stars_id`, `address`, `facilities_id`, `created_at`, `updated_at`) VALUES ('15', 95, 3, 'Smitham', 'Odio aliquam vel in totam atque consectetur consectetur. Debitis sit tenetur adipisci cupiditate iure iusto sed. Sint debitis dolorem enim facilis ea eaque.', NULL, '644 Altenwerth Neck Apt. 939', 30, '2017-11-04 12:25:42', '2015-10-17 06:51:22');
INSERT INTO `objects` (`id`, `cities_id`, `property_types_id`, `name`, `description`, `stars_id`, `address`, `facilities_id`, `created_at`, `updated_at`) VALUES ('16', 42, 5, 'Kemmer', 'Enim cupiditate ducimus ut vel facilis. Velit quasi temporibus rerum. Mollitia iusto reiciendis eos nihil ab et. Blanditiis aut in pariatur libero porro et aut.', NULL, '073 Kaitlin Valley', 33, '2017-03-30 12:06:21', '2018-06-07 16:16:48');
INSERT INTO `objects` (`id`, `cities_id`, `property_types_id`, `name`, `description`, `stars_id`, `address`, `facilities_id`, `created_at`, `updated_at`) VALUES ('17', 16, 1, 'Cartwright', 'Quia accusantium facere quod maiores in repellat. Commodi deserunt quasi praesentium nihil. Dolor odio et iusto inventore. Tenetur enim similique iusto.', NULL, '68785 Anderson Cape Suite 437', 66, '2018-02-19 05:29:50', '2019-08-07 10:05:43');
INSERT INTO `objects` (`id`, `cities_id`, `property_types_id`, `name`, `description`, `stars_id`, `address`, `facilities_id`, `created_at`, `updated_at`) VALUES ('18', 46, 3, 'Kuvalis', 'Occaecati quaerat odio ut qui qui ut cumque accusantium. Autem sed ducimus et omnis fugit. Nihil qui enim officia repellendus.', NULL, '63656 Watsica Pike Suite 110', 87, '2013-05-30 03:21:27', '2015-08-09 13:10:31');
INSERT INTO `objects` (`id`, `cities_id`, `property_types_id`, `name`, `description`, `stars_id`, `address`, `facilities_id`, `created_at`, `updated_at`) VALUES ('19', 27, 10, 'Dickinson', 'Nihil deleniti quos rerum qui dicta. Odit ipsum quis et aut ducimus iure. Rerum dolorem ut ea fugit fugiat. Officiis quia fugit ipsum suscipit.', NULL, '5267 Jess Stravenue', 85, '2016-10-16 12:46:04', '2019-02-12 11:18:38');
INSERT INTO `objects` (`id`, `cities_id`, `property_types_id`, `name`, `description`, `stars_id`, `address`, `facilities_id`, `created_at`, `updated_at`) VALUES ('20', 30, 7, 'Schulist', 'Reprehenderit ex repellat nemo. Suscipit dolorem et dicta vel quo voluptatibus consequatur. Voluptatibus eum inventore autem. Est ab ratione ut eos.', NULL, '762 D\'Amore Pines', 81, '2017-12-17 14:20:34', '2018-03-28 16:33:34');
INSERT INTO `objects` (`id`, `cities_id`, `property_types_id`, `name`, `description`, `stars_id`, `address`, `facilities_id`, `created_at`, `updated_at`) VALUES ('21', 90, 10, 'Hills', 'Exercitationem eveniet et est consequatur vitae unde. Id rerum rem nobis assumenda aliquid pariatur eos. Tenetur rem quia eos commodi repudiandae dolores sed.', NULL, '179 Ari Camp Suite 830', 68, '2013-05-09 05:08:48', '2015-01-01 10:34:47');
INSERT INTO `objects` (`id`, `cities_id`, `property_types_id`, `name`, `description`, `stars_id`, `address`, `facilities_id`, `created_at`, `updated_at`) VALUES ('22', 63, 5, 'Rau', 'Dicta deserunt velit natus est id voluptatem quo. Voluptatum modi veritatis consequatur officia vel. Cum veniam dolorum atque velit.', NULL, '282 Juwan Haven Suite 994', 2, '2015-05-05 03:45:06', '2018-02-28 13:48:34');
INSERT INTO `objects` (`id`, `cities_id`, `property_types_id`, `name`, `description`, `stars_id`, `address`, `facilities_id`, `created_at`, `updated_at`) VALUES ('23', 66, 9, 'Ebert', 'Sunt sunt adipisci aperiam et temporibus. Minima voluptatem quasi maiores inventore dolorem. Non officia pariatur eum laboriosam.', NULL, '4288 Koss Brooks', 97, '2011-04-11 14:14:46', '2012-01-19 20:24:52');
INSERT INTO `objects` (`id`, `cities_id`, `property_types_id`, `name`, `description`, `stars_id`, `address`, `facilities_id`, `created_at`, `updated_at`) VALUES ('24', 71, 3, 'Kuhlman', 'Accusamus delectus eos maiores repellendus maxime. At sed exercitationem id beatae quidem. Quisquam nisi recusandae quasi ipsum. Blanditiis natus ut in id sit.', NULL, '1389 Schneider Loaf Suite 915', 14, '2011-08-06 01:24:46', '2018-07-15 04:27:38');
INSERT INTO `objects` (`id`, `cities_id`, `property_types_id`, `name`, `description`, `stars_id`, `address`, `facilities_id`, `created_at`, `updated_at`) VALUES ('25', 45, 3, 'Crist', 'Qui perspiciatis nam labore pariatur sapiente dolores. Praesentium ipsa eum alias similique facilis maxime cupiditate. Laudantium repellendus dolorem expedita magnam.', NULL, '1943 Kody Lakes', 43, '2013-09-27 10:18:32', '2012-04-05 17:31:08');
INSERT INTO `objects` (`id`, `cities_id`, `property_types_id`, `name`, `description`, `stars_id`, `address`, `facilities_id`, `created_at`, `updated_at`) VALUES ('26', 74, 7, 'Hessel', 'Enim sapiente sed eos quibusdam commodi. Dolores totam dolor nobis. Nobis ad sequi consectetur quia non.', NULL, '87193 Bernardo Burgs', 91, '2019-12-27 15:20:40', '2014-07-29 20:14:42');
INSERT INTO `objects` (`id`, `cities_id`, `property_types_id`, `name`, `description`, `stars_id`, `address`, `facilities_id`, `created_at`, `updated_at`) VALUES ('27', 6, 8, 'Effertz', 'Molestiae sit rem laborum. Non quia quod id perspiciatis quia in reiciendis. Architecto id sed dolor.', NULL, '0512 Jaylon Freeway Suite 310', 96, '2015-07-08 21:08:35', '2016-08-25 07:50:00');
INSERT INTO `objects` (`id`, `cities_id`, `property_types_id`, `name`, `description`, `stars_id`, `address`, `facilities_id`, `created_at`, `updated_at`) VALUES ('28', 71, 3, 'Hilpert', 'Minima possimus eos ex. Laboriosam facere architecto facilis tempore ea. Libero non dolore ea repellat dolorum aut odit.', NULL, '257 Senger Mountain', 23, '2013-09-04 06:41:32', '2012-06-06 06:42:50');
INSERT INTO `objects` (`id`, `cities_id`, `property_types_id`, `name`, `description`, `stars_id`, `address`, `facilities_id`, `created_at`, `updated_at`) VALUES ('29', 58, 5, 'Lesch', 'Est ab perferendis nobis corrupti. Enim ut harum nam repudiandae. Laboriosam ut culpa ut autem sit et.', NULL, '16555 Arthur Viaduct', 17, '2020-05-29 07:57:12', '2015-03-17 09:26:17');
INSERT INTO `objects` (`id`, `cities_id`, `property_types_id`, `name`, `description`, `stars_id`, `address`, `facilities_id`, `created_at`, `updated_at`) VALUES ('30', 42, 8, 'Trantow', 'Debitis ut esse explicabo eius voluptas natus. Error ut consequatur ut ut totam mollitia nemo. Molestias nisi officia ea. Ut neque voluptatem voluptatibus magnam sed voluptates similique.', NULL, '5325 Talon Station', 87, '2013-05-13 19:49:23', '2013-10-21 03:13:53');
INSERT INTO `objects` (`id`, `cities_id`, `property_types_id`, `name`, `description`, `stars_id`, `address`, `facilities_id`, `created_at`, `updated_at`) VALUES ('31', 23, 7, 'VonRueden', 'Non illum suscipit consequuntur fuga. Omnis in ut voluptatibus perspiciatis ea iure. Neque omnis repudiandae a et sit enim voluptate. Tempore eaque recusandae deserunt ex veritatis in dolor.', NULL, '90715 Aurore Run Suite 830', 82, '2012-04-30 00:39:38', '2013-02-03 04:35:37');
INSERT INTO `objects` (`id`, `cities_id`, `property_types_id`, `name`, `description`, `stars_id`, `address`, `facilities_id`, `created_at`, `updated_at`) VALUES ('32', 91, 3, 'Monahan', 'Fugit ut rem possimus accusamus officia delectus. Molestias ut maxime aut perferendis. Ducimus iste autem veritatis qui error repellat ut enim. A sequi alias non iusto facilis aut occaecati voluptatem.', NULL, '11687 Keagan Rue', 30, '2015-12-01 05:39:27', '2012-09-09 02:30:11');
INSERT INTO `objects` (`id`, `cities_id`, `property_types_id`, `name`, `description`, `stars_id`, `address`, `facilities_id`, `created_at`, `updated_at`) VALUES ('33', 92, 10, 'Jast', 'Provident quis velit eum pariatur quod pariatur incidunt accusamus. Rem laborum enim accusamus veniam molestiae quis officiis illo. Possimus consequatur est dolor possimus. Voluptatem sed nesciunt est quia cupiditate.', NULL, '93871 Swift Village', 17, '2012-06-23 18:33:32', '2012-01-17 08:51:41');
INSERT INTO `objects` (`id`, `cities_id`, `property_types_id`, `name`, `description`, `stars_id`, `address`, `facilities_id`, `created_at`, `updated_at`) VALUES ('34', 88, 7, 'Sanford', 'Qui nemo qui esse ut aut aut. Illo quaerat commodi ducimus. Consequatur asperiores voluptates nihil vero consequatur id nam. Adipisci voluptatem saepe est cupiditate.', NULL, '66735 Trenton Groves', 44, '2019-03-02 01:13:04', '2020-08-03 20:11:25');
INSERT INTO `objects` (`id`, `cities_id`, `property_types_id`, `name`, `description`, `stars_id`, `address`, `facilities_id`, `created_at`, `updated_at`) VALUES ('35', 2, 2, 'Bayer', 'Aspernatur aut atque et ipsam voluptas saepe dolor. Rem quo inventore molestiae explicabo magni similique repellendus. Praesentium vel nemo veritatis vel. Explicabo consequuntur debitis sed similique qui rem qui voluptatem.', NULL, '2236 Kameron Fords Suite 179', 64, '2018-02-18 14:14:33', '2016-04-18 14:49:09');
INSERT INTO `objects` (`id`, `cities_id`, `property_types_id`, `name`, `description`, `stars_id`, `address`, `facilities_id`, `created_at`, `updated_at`) VALUES ('36', 44, 9, 'Ritchie', 'Tempora rerum a enim et. Similique quasi qui est magnam amet.', NULL, '0231 Franz Estate', 26, '2011-08-15 00:07:54', '2016-05-11 03:56:48');
INSERT INTO `objects` (`id`, `cities_id`, `property_types_id`, `name`, `description`, `stars_id`, `address`, `facilities_id`, `created_at`, `updated_at`) VALUES ('37', 35, 9, 'Flatley', 'Deserunt repellat nobis quia. Sed quia commodi dolores doloribus nemo eaque. Sunt sit praesentium suscipit deleniti saepe. Ipsa vel ducimus possimus fugit vel fugit qui pariatur. Debitis qui in blanditiis est.', NULL, '038 Dino Isle Suite 962', 4, '2020-05-29 04:49:06', '2018-03-09 02:50:03');
INSERT INTO `objects` (`id`, `cities_id`, `property_types_id`, `name`, `description`, `stars_id`, `address`, `facilities_id`, `created_at`, `updated_at`) VALUES ('38', 30, 6, 'Moen', 'Iure aut odit id vel nemo omnis. Assumenda est dignissimos alias labore maxime. Eaque quas odit similique sit voluptatibus repellat recusandae aut.', NULL, '0736 Hazel Place', 26, '2019-08-13 07:24:46', '2017-12-25 04:41:32');
INSERT INTO `objects` (`id`, `cities_id`, `property_types_id`, `name`, `description`, `stars_id`, `address`, `facilities_id`, `created_at`, `updated_at`) VALUES ('39', 53, 2, 'Muller', 'Quaerat sit similique soluta est enim et totam. Ut quis porro quia voluptatibus pariatur eos. Eaque animi odit quam aperiam assumenda accusantium. Corrupti dolores in cumque fugiat minus.', NULL, '1891 Tiara Lodge Apt. 540', 75, '2016-10-31 19:42:54', '2012-11-26 23:22:08');
INSERT INTO `objects` (`id`, `cities_id`, `property_types_id`, `name`, `description`, `stars_id`, `address`, `facilities_id`, `created_at`, `updated_at`) VALUES ('40', 69, 6, 'Hilpert', 'Cumque ut et totam quam. Ut explicabo blanditiis ipsa. Commodi ipsam omnis non sed iure dolorem eum quis. Quisquam rem ut impedit vel.', NULL, '22144 Delphia Village', 53, '2020-07-06 14:07:49', '2012-07-12 11:12:20');
INSERT INTO `objects` (`id`, `cities_id`, `property_types_id`, `name`, `description`, `stars_id`, `address`, `facilities_id`, `created_at`, `updated_at`) VALUES ('41', 56, 9, 'Reynolds', 'Qui ex accusantium facilis et qui doloremque commodi sit. Ut sit blanditiis nam possimus iure. Sed et sit voluptatem perferendis ipsum. Qui sit libero iusto repudiandae sint.', NULL, '368 Eileen Green Suite 642', 20, '2011-10-12 19:03:41', '2016-11-26 17:03:14');
INSERT INTO `objects` (`id`, `cities_id`, `property_types_id`, `name`, `description`, `stars_id`, `address`, `facilities_id`, `created_at`, `updated_at`) VALUES ('42', 37, 8, 'Crona', 'Itaque dolorem ipsam possimus consequatur. Aspernatur minima id sit magnam sint. Animi error quod quos aut molestiae aliquam.', NULL, '4832 Zieme Turnpike Suite 847', 49, '2012-02-01 01:51:45', '2020-02-01 18:20:23');
INSERT INTO `objects` (`id`, `cities_id`, `property_types_id`, `name`, `description`, `stars_id`, `address`, `facilities_id`, `created_at`, `updated_at`) VALUES ('43', 67, 7, 'Erdman', 'Rerum ut laborum eligendi sit neque. Eos quasi delectus eum quaerat enim quisquam. Ut distinctio aspernatur ut soluta. Explicabo soluta modi veritatis et et velit a.', NULL, '456 Lehner Estate', 45, '2013-11-26 16:02:21', '2012-01-22 22:27:42');
INSERT INTO `objects` (`id`, `cities_id`, `property_types_id`, `name`, `description`, `stars_id`, `address`, `facilities_id`, `created_at`, `updated_at`) VALUES ('44', 84, 6, 'Weber', 'Repudiandae nihil cum ex expedita est. Earum debitis reprehenderit eaque vel harum molestiae. Est aliquid provident reprehenderit id quia eaque sed. Et fuga rerum nihil eos et dignissimos.', NULL, '7382 Balistreri Mountains', 11, '2013-02-21 07:06:36', '2012-11-26 06:57:57');
INSERT INTO `objects` (`id`, `cities_id`, `property_types_id`, `name`, `description`, `stars_id`, `address`, `facilities_id`, `created_at`, `updated_at`) VALUES ('45', 27, 6, 'Abbott', 'Ut officia non occaecati. Consequatur rem expedita tempore nesciunt sed temporibus occaecati. Veritatis ratione autem veritatis amet saepe at eaque.', NULL, '19577 Flatley Throughway', 21, '2014-08-05 13:45:45', '2013-01-01 03:23:12');
INSERT INTO `objects` (`id`, `cities_id`, `property_types_id`, `name`, `description`, `stars_id`, `address`, `facilities_id`, `created_at`, `updated_at`) VALUES ('46', 91, 10, 'Prohaska', 'Aut molestiae nihil voluptas rerum eaque ex. Nemo sit deserunt ratione molestias quo. Velit asperiores autem illo iure.', NULL, '578 Ortiz Lock Suite 688', 4, '2012-01-25 05:12:20', '2020-02-24 22:24:20');
INSERT INTO `objects` (`id`, `cities_id`, `property_types_id`, `name`, `description`, `stars_id`, `address`, `facilities_id`, `created_at`, `updated_at`) VALUES ('47', 17, 3, 'Wilderman', 'Modi maiores dicta nam sit voluptas corporis facere dolor. Et quasi eum eum distinctio aut omnis. Exercitationem aliquam sunt esse cum et.', NULL, '216 Dessie Hill', 94, '2019-05-14 08:24:32', '2015-02-01 21:18:12');
INSERT INTO `objects` (`id`, `cities_id`, `property_types_id`, `name`, `description`, `stars_id`, `address`, `facilities_id`, `created_at`, `updated_at`) VALUES ('48', 20, 6, 'Little', 'Aut repellendus est ut aut. Doloremque esse officia voluptatibus natus rerum ducimus est modi.', NULL, '284 Nitzsche Lights Apt. 137', 53, '2019-10-09 19:48:38', '2011-07-05 14:38:37');
INSERT INTO `objects` (`id`, `cities_id`, `property_types_id`, `name`, `description`, `stars_id`, `address`, `facilities_id`, `created_at`, `updated_at`) VALUES ('49', 45, 2, 'Funk', 'Voluptatem autem dolor possimus omnis id soluta. Corporis sunt iste debitis aperiam quia impedit. Et eaque provident eos facere nihil omnis nulla. Dicta aut dignissimos ducimus maxime voluptatem quia.', NULL, '460 Jacobson Loop', 71, '2012-08-29 20:04:43', '2017-09-18 15:16:43');
INSERT INTO `objects` (`id`, `cities_id`, `property_types_id`, `name`, `description`, `stars_id`, `address`, `facilities_id`, `created_at`, `updated_at`) VALUES ('50', 19, 9, 'Beier', 'Quis maxime quaerat nisi numquam harum aut eveniet. Fuga consequuntur ea reprehenderit nulla. Cumque consequatur nulla adipisci nam eaque.', NULL, '90958 Jalyn Estates', 30, '2014-09-19 03:35:15', '2010-10-16 22:18:26');
INSERT INTO `objects` (`id`, `cities_id`, `property_types_id`, `name`, `description`, `stars_id`, `address`, `facilities_id`, `created_at`, `updated_at`) VALUES ('51', 71, 4, 'Conroy', 'Porro reprehenderit voluptas repudiandae accusantium architecto eos. Et sunt voluptatem impedit tempore sint et sunt. Ab ut voluptatem ut nesciunt iusto. Ipsam reprehenderit fugiat ut autem delectus. Sint qui sint optio cumque culpa error.', NULL, '8156 Ondricka Tunnel', 12, '2018-07-16 05:02:15', '2016-12-06 01:14:06');
INSERT INTO `objects` (`id`, `cities_id`, `property_types_id`, `name`, `description`, `stars_id`, `address`, `facilities_id`, `created_at`, `updated_at`) VALUES ('52', 91, 8, 'Romaguera', 'Deserunt maxime delectus ea in voluptas. Sed fugit id non rerum architecto. Beatae consequatur pariatur autem sed quasi labore. Dolor veritatis laboriosam aut necessitatibus.', NULL, '2442 Hyatt Brooks', 83, '2012-07-02 12:40:47', '2019-05-30 04:13:56');
INSERT INTO `objects` (`id`, `cities_id`, `property_types_id`, `name`, `description`, `stars_id`, `address`, `facilities_id`, `created_at`, `updated_at`) VALUES ('53', 40, 4, 'Fahey', 'Quasi ipsa aliquam asperiores itaque repudiandae. Quo et in et. Quaerat rem cumque natus temporibus vitae repudiandae. Vel magnam quis rerum id ipsum consectetur.', NULL, '36685 Cummings Brooks', 46, '2015-06-12 11:37:23', '2018-09-07 00:16:08');
INSERT INTO `objects` (`id`, `cities_id`, `property_types_id`, `name`, `description`, `stars_id`, `address`, `facilities_id`, `created_at`, `updated_at`) VALUES ('54', 84, 3, 'Rippin', 'Esse delectus voluptatem mollitia odio odit. Ea amet officiis unde explicabo dolores et laboriosam. Error repudiandae alias quia tempore saepe. Soluta doloremque praesentium et odit expedita earum aut.', NULL, '69726 Stanton Garden Apt. 098', 97, '2020-05-14 15:45:30', '2013-05-19 13:20:44');
INSERT INTO `objects` (`id`, `cities_id`, `property_types_id`, `name`, `description`, `stars_id`, `address`, `facilities_id`, `created_at`, `updated_at`) VALUES ('55', 95, 5, 'Legros', 'Voluptates voluptates fugit sed. Sed et nostrum molestiae. Modi vel quasi et doloremque illo eius. Ducimus adipisci quidem quaerat pariatur sunt soluta.', NULL, '30724 Stark Glen Suite 347', 48, '2017-06-16 03:29:31', '2017-01-20 13:58:25');
INSERT INTO `objects` (`id`, `cities_id`, `property_types_id`, `name`, `description`, `stars_id`, `address`, `facilities_id`, `created_at`, `updated_at`) VALUES ('56', 15, 4, 'Cruickshank', 'Eligendi omnis exercitationem officia debitis. Voluptatem odio sequi facere maxime. Sapiente provident repellat similique vitae. Numquam ratione eum dolorum aut veniam.', NULL, '3638 Hackett Centers Apt. 530', 44, '2013-07-13 13:13:32', '2013-06-26 13:21:51');
INSERT INTO `objects` (`id`, `cities_id`, `property_types_id`, `name`, `description`, `stars_id`, `address`, `facilities_id`, `created_at`, `updated_at`) VALUES ('57', 19, 6, 'Bailey', 'Provident omnis quis sed quo non eius maxime. Velit aut sint et iure totam.', NULL, '854 Anya Prairie', 73, '2018-01-23 19:11:11', '2011-04-04 10:16:54');
INSERT INTO `objects` (`id`, `cities_id`, `property_types_id`, `name`, `description`, `stars_id`, `address`, `facilities_id`, `created_at`, `updated_at`) VALUES ('58', 12, 8, 'Sawayn', 'Quia omnis illum quaerat repellendus odit quis. Rem consequatur eaque temporibus beatae. Quos fuga modi non totam natus et. Excepturi et deserunt quod ullam beatae.', NULL, '419 Gottlieb Trail', 33, '2013-09-22 05:55:02', '2014-01-29 23:34:05');
INSERT INTO `objects` (`id`, `cities_id`, `property_types_id`, `name`, `description`, `stars_id`, `address`, `facilities_id`, `created_at`, `updated_at`) VALUES ('59', 65, 2, 'Beahan', 'Sit repudiandae amet dolores quas et architecto et enim. Quasi et voluptas soluta sunt. Quasi accusantium aut id beatae. Repellat dolores nihil quasi consequatur qui.', NULL, '35348 Padberg Ridges', 44, '2014-07-30 02:46:04', '2011-07-18 16:39:24');
INSERT INTO `objects` (`id`, `cities_id`, `property_types_id`, `name`, `description`, `stars_id`, `address`, `facilities_id`, `created_at`, `updated_at`) VALUES ('60', 35, 4, 'Zemlak', 'Corporis occaecati et expedita ipsum voluptas est. Eligendi sed expedita quam rerum autem saepe. Quibusdam voluptas modi est non consequatur nesciunt. Consequuntur perspiciatis et doloribus eius omnis dolor ut.', NULL, '4359 Katheryn Road', 24, '2018-02-23 10:58:14', '2018-08-20 17:39:10');
INSERT INTO `objects` (`id`, `cities_id`, `property_types_id`, `name`, `description`, `stars_id`, `address`, `facilities_id`, `created_at`, `updated_at`) VALUES ('61', 65, 1, 'Murphy', 'Excepturi modi nostrum veritatis repellendus. Accusamus eveniet placeat quod voluptas quo. Id non fugiat possimus tempora.', NULL, '043 Maggio Parks Suite 680', 59, '2019-12-26 08:42:13', '2011-12-23 16:42:05');
INSERT INTO `objects` (`id`, `cities_id`, `property_types_id`, `name`, `description`, `stars_id`, `address`, `facilities_id`, `created_at`, `updated_at`) VALUES ('62', 77, 10, 'Block', 'Ea iste eum maxime dolorem. Libero quo delectus voluptas. Inventore reprehenderit magnam voluptatem aut quisquam. Aut beatae occaecati incidunt id dolorem sint.', NULL, '79768 Hills Circles Apt. 882', 31, '2019-11-20 05:39:10', '2014-05-30 10:48:01');
INSERT INTO `objects` (`id`, `cities_id`, `property_types_id`, `name`, `description`, `stars_id`, `address`, `facilities_id`, `created_at`, `updated_at`) VALUES ('63', 60, 4, 'Kirlin', 'Aspernatur molestiae quos numquam. Et sequi sit ipsum eum adipisci enim. Provident totam numquam sapiente accusantium non sed commodi.', NULL, '09582 Berry Squares', 70, '2018-05-11 22:56:25', '2017-09-08 09:30:36');
INSERT INTO `objects` (`id`, `cities_id`, `property_types_id`, `name`, `description`, `stars_id`, `address`, `facilities_id`, `created_at`, `updated_at`) VALUES ('64', 5, 3, 'Swaniawski', 'Hic laboriosam non nihil quam rerum et voluptatum voluptates. Aut deserunt dolorum ratione voluptatem facilis. Consequatur quisquam recusandae veritatis quo. Modi officia sint voluptatum ut.', NULL, '6200 Carissa Points', 91, '2019-05-07 04:22:00', '2019-02-09 07:23:08');
INSERT INTO `objects` (`id`, `cities_id`, `property_types_id`, `name`, `description`, `stars_id`, `address`, `facilities_id`, `created_at`, `updated_at`) VALUES ('65', 2, 2, 'Rodriguez', 'Cupiditate amet et earum accusantium sed autem. Enim voluptatem reiciendis sunt ut. Odio quasi aliquam quam.', NULL, '5432 Eddie Ridges Apt. 683', 39, '2014-09-10 04:46:09', '2014-10-15 10:28:35');
INSERT INTO `objects` (`id`, `cities_id`, `property_types_id`, `name`, `description`, `stars_id`, `address`, `facilities_id`, `created_at`, `updated_at`) VALUES ('66', 50, 3, 'Keeling', 'Accusantium voluptate cupiditate qui nihil. Doloribus reiciendis explicabo provident qui. Quia voluptatem omnis cupiditate beatae.', NULL, '15317 Emery Lodge', 77, '2015-12-13 13:16:18', '2013-11-05 18:26:30');
INSERT INTO `objects` (`id`, `cities_id`, `property_types_id`, `name`, `description`, `stars_id`, `address`, `facilities_id`, `created_at`, `updated_at`) VALUES ('67', 93, 5, 'Wunsch', 'Dolorem voluptatem totam vitae iure sunt veniam. Commodi a sit sint cumque ab. Dolor voluptas saepe quasi earum in tempora dolore. Mollitia eos alias et culpa ratione odit.', NULL, '28738 Koby Alley Suite 657', 31, '2013-09-03 15:24:25', '2019-06-20 23:24:43');
INSERT INTO `objects` (`id`, `cities_id`, `property_types_id`, `name`, `description`, `stars_id`, `address`, `facilities_id`, `created_at`, `updated_at`) VALUES ('68', 66, 6, 'Johnson', 'Qui esse consectetur dolores qui et nulla. Aut odit sed velit necessitatibus adipisci sapiente debitis. Quam aut ipsa qui. Voluptatem accusantium qui aut ex et nostrum.', NULL, '7330 Gulgowski Rapids', 4, '2013-10-29 06:45:58', '2015-07-16 04:42:57');
INSERT INTO `objects` (`id`, `cities_id`, `property_types_id`, `name`, `description`, `stars_id`, `address`, `facilities_id`, `created_at`, `updated_at`) VALUES ('69', 98, 3, 'Schmeler', 'Sed nostrum ullam laborum ad aspernatur. Magni placeat nihil doloribus quam. Nulla quo fugiat sunt saepe ullam nisi id.', NULL, '872 Kassulke Mews Suite 045', 22, '2015-01-18 14:26:08', '2014-09-03 11:02:37');
INSERT INTO `objects` (`id`, `cities_id`, `property_types_id`, `name`, `description`, `stars_id`, `address`, `facilities_id`, `created_at`, `updated_at`) VALUES ('70', 41, 6, 'Goldner', 'Nam voluptatum totam laborum nam sed beatae odio. Quis quibusdam quia officia nihil. Facilis quis molestias voluptatem et quos possimus.', NULL, '147 Jerde Squares', 58, '2016-12-26 09:23:58', '2016-09-05 10:04:28');
INSERT INTO `objects` (`id`, `cities_id`, `property_types_id`, `name`, `description`, `stars_id`, `address`, `facilities_id`, `created_at`, `updated_at`) VALUES ('71', 65, 3, 'Abshire', 'Qui iusto ullam alias repellat recusandae quas. Veniam non porro molestias temporibus sit sint porro.', NULL, '428 Padberg Glen Suite 532', 65, '2017-07-05 13:55:17', '2011-09-27 15:38:26');
INSERT INTO `objects` (`id`, `cities_id`, `property_types_id`, `name`, `description`, `stars_id`, `address`, `facilities_id`, `created_at`, `updated_at`) VALUES ('72', 24, 10, 'Weissnat', 'Saepe animi cupiditate exercitationem totam ut corporis libero. A laudantium ratione placeat commodi.', NULL, '8032 Wuckert Square', 63, '2012-10-21 06:14:00', '2020-01-21 04:39:32');
INSERT INTO `objects` (`id`, `cities_id`, `property_types_id`, `name`, `description`, `stars_id`, `address`, `facilities_id`, `created_at`, `updated_at`) VALUES ('73', 55, 6, 'Cremin', 'Sit dolores itaque aut nihil eos. Eos ducimus quis alias quia sit quidem laudantium. Quis sit vel blanditiis qui.', NULL, '838 Kautzer Extension', 99, '2011-05-08 10:39:38', '2015-01-20 22:06:18');
INSERT INTO `objects` (`id`, `cities_id`, `property_types_id`, `name`, `description`, `stars_id`, `address`, `facilities_id`, `created_at`, `updated_at`) VALUES ('74', 24, 7, 'Waters', 'Illum quo aut et et beatae quod impedit. Neque mollitia voluptates laborum. Aut et recusandae voluptatem sed et aliquid omnis sunt. Neque mollitia harum maxime mollitia quia corporis natus ea.', NULL, '866 Hyman Crest', 20, '2012-11-29 09:09:12', '2012-10-11 07:23:24');
INSERT INTO `objects` (`id`, `cities_id`, `property_types_id`, `name`, `description`, `stars_id`, `address`, `facilities_id`, `created_at`, `updated_at`) VALUES ('75', 14, 7, 'Sipes', 'Temporibus harum dicta earum ut. Asperiores repellat quae nihil et ut alias. Repellendus blanditiis quo cumque.', NULL, '5616 Mylene Corner', 34, '2017-04-13 05:33:17', '2014-02-09 09:58:08');
INSERT INTO `objects` (`id`, `cities_id`, `property_types_id`, `name`, `description`, `stars_id`, `address`, `facilities_id`, `created_at`, `updated_at`) VALUES ('76', 52, 2, 'Stracke', 'Perspiciatis dolores consequatur sequi ipsum. Sequi sed dolorem fugit velit. Quo quasi similique voluptate atque quibusdam. Aut qui provident rerum repellendus.', NULL, '6141 Schuppe Summit Apt. 742', 63, '2014-03-04 09:38:56', '2010-12-31 22:59:54');
INSERT INTO `objects` (`id`, `cities_id`, `property_types_id`, `name`, `description`, `stars_id`, `address`, `facilities_id`, `created_at`, `updated_at`) VALUES ('77', 29, 1, 'Parisian', 'Ducimus magnam qui quam vitae est voluptatem. Praesentium iusto consectetur odio adipisci aut assumenda. Omnis qui iste amet sapiente quisquam est. Sed et numquam at.', NULL, '490 Ayla Forest Suite 034', 10, '2018-06-04 14:47:52', '2015-11-13 18:47:57');
INSERT INTO `objects` (`id`, `cities_id`, `property_types_id`, `name`, `description`, `stars_id`, `address`, `facilities_id`, `created_at`, `updated_at`) VALUES ('78', 59, 8, 'Corkery', 'Aut inventore ipsa nihil. Illum minus ipsum voluptas autem in eveniet eum. Consectetur est cumque et a repudiandae non exercitationem. Ab doloremque tempora qui sapiente.', NULL, '40696 Lucas Street Suite 893', 69, '2019-08-13 13:35:02', '2011-09-27 17:19:44');
INSERT INTO `objects` (`id`, `cities_id`, `property_types_id`, `name`, `description`, `stars_id`, `address`, `facilities_id`, `created_at`, `updated_at`) VALUES ('79', 63, 7, 'Heidenreich', 'Maxime iusto earum vel et voluptatem omnis tempore quia. Enim eum aut dolore nesciunt. Delectus in impedit perspiciatis tenetur quasi aut officiis expedita.', NULL, '916 Maureen Park Suite 924', 92, '2016-09-17 07:37:58', '2019-09-10 23:33:17');
INSERT INTO `objects` (`id`, `cities_id`, `property_types_id`, `name`, `description`, `stars_id`, `address`, `facilities_id`, `created_at`, `updated_at`) VALUES ('80', 84, 1, 'Feil', 'Praesentium tempora provident expedita eaque alias quia velit. Occaecati quam laboriosam quis nisi. Omnis ut nihil ullam deleniti blanditiis et.', NULL, '677 Rice Stream', 50, '2011-03-21 21:02:37', '2012-06-13 03:42:25');
INSERT INTO `objects` (`id`, `cities_id`, `property_types_id`, `name`, `description`, `stars_id`, `address`, `facilities_id`, `created_at`, `updated_at`) VALUES ('81', 41, 8, 'Prohaska', 'Eveniet quia vel ab quos non et laudantium quos. Eaque magni fuga vel. Dolor est quidem non et impedit ab.', NULL, '6152 Wilfrid Brooks', 72, '2016-07-22 16:08:52', '2012-11-10 03:39:41');
INSERT INTO `objects` (`id`, `cities_id`, `property_types_id`, `name`, `description`, `stars_id`, `address`, `facilities_id`, `created_at`, `updated_at`) VALUES ('82', 6, 10, 'Schneider', 'Similique excepturi omnis inventore alias quia. Nihil quae qui et labore repellat fugit. Tempore temporibus esse harum hic aliquam sit magni. Ipsum dolorum debitis dolor nulla quia aut cupiditate.', NULL, '99521 Flatley Spring Apt. 355', 71, '2013-06-08 09:30:25', '2011-06-27 13:21:46');
INSERT INTO `objects` (`id`, `cities_id`, `property_types_id`, `name`, `description`, `stars_id`, `address`, `facilities_id`, `created_at`, `updated_at`) VALUES ('83', 69, 6, 'Bartell', 'Ad quibusdam similique dolores. Tenetur nulla molestiae eum ab voluptatem consequuntur quis. Minus et consectetur quis autem reiciendis ut.', NULL, '2431 Greenholt Keys', 30, '2018-12-06 08:24:05', '2018-09-04 00:53:09');
INSERT INTO `objects` (`id`, `cities_id`, `property_types_id`, `name`, `description`, `stars_id`, `address`, `facilities_id`, `created_at`, `updated_at`) VALUES ('84', 68, 8, 'Wyman', 'Nihil necessitatibus totam dignissimos rem a aut cum iure. Est est id aperiam error quaerat. Repellendus rerum ad et assumenda non voluptates consequuntur.', NULL, '2473 Cormier Hill Apt. 268', 93, '2018-03-28 16:38:14', '2020-04-30 16:07:49');
INSERT INTO `objects` (`id`, `cities_id`, `property_types_id`, `name`, `description`, `stars_id`, `address`, `facilities_id`, `created_at`, `updated_at`) VALUES ('85', 87, 9, 'Lakin', 'Suscipit et maxime est quas eaque provident. Tempore voluptas et vitae provident saepe optio pariatur quidem. Minima eligendi eligendi itaque quidem laboriosam quia voluptates omnis. Fugiat quis ut dolor soluta.', NULL, '59753 Annetta Throughway Suite 792', 57, '2011-08-09 08:14:41', '2017-09-24 22:37:22');
INSERT INTO `objects` (`id`, `cities_id`, `property_types_id`, `name`, `description`, `stars_id`, `address`, `facilities_id`, `created_at`, `updated_at`) VALUES ('86', 20, 4, 'Parisian', 'Accusantium corrupti iste sit veniam velit. Aut pariatur voluptas occaecati architecto ea.', NULL, '13772 Wiegand Walks', 71, '2012-03-24 22:20:38', '2016-01-02 18:24:01');
INSERT INTO `objects` (`id`, `cities_id`, `property_types_id`, `name`, `description`, `stars_id`, `address`, `facilities_id`, `created_at`, `updated_at`) VALUES ('87', 83, 7, 'Greenholt', 'Dolores ea unde magni quia ut voluptas dolor. Fuga rerum ipsam alias qui cum reprehenderit qui. Commodi voluptates id minus molestiae. Ratione molestiae repudiandae voluptas eius sequi. Magni voluptatem recusandae ut numquam perspiciatis saepe.', NULL, '90105 Tatyana Squares Suite 090', 77, '2011-10-23 16:58:41', '2011-05-11 13:57:27');
INSERT INTO `objects` (`id`, `cities_id`, `property_types_id`, `name`, `description`, `stars_id`, `address`, `facilities_id`, `created_at`, `updated_at`) VALUES ('88', 92, 3, 'Koelpin', 'Reiciendis voluptatem ut qui. Eos autem earum dolorum odio rerum ut pariatur. Voluptatem voluptate vitae et qui enim libero nam.', NULL, '441 Keith Flats', 48, '2018-09-24 14:36:29', '2015-05-31 07:25:36');
INSERT INTO `objects` (`id`, `cities_id`, `property_types_id`, `name`, `description`, `stars_id`, `address`, `facilities_id`, `created_at`, `updated_at`) VALUES ('89', 61, 9, 'Kassulke', 'Ipsum sed aperiam quaerat sint. Maxime dolores numquam mollitia possimus sed dolor. Dolor nam est doloremque eos eveniet atque.', NULL, '186 Tressie Ridge', 17, '2019-05-22 23:44:20', '2014-06-04 07:48:56');
INSERT INTO `objects` (`id`, `cities_id`, `property_types_id`, `name`, `description`, `stars_id`, `address`, `facilities_id`, `created_at`, `updated_at`) VALUES ('90', 52, 8, 'Wisozk', 'Ratione temporibus perferendis consequatur. Ex qui sed repudiandae alias ut omnis. Alias illo itaque itaque voluptatum ut dolorem hic.', NULL, '58926 Kenyon Fall Suite 931', 27, '2016-12-21 04:00:31', '2011-12-19 17:08:33');
INSERT INTO `objects` (`id`, `cities_id`, `property_types_id`, `name`, `description`, `stars_id`, `address`, `facilities_id`, `created_at`, `updated_at`) VALUES ('91', 1, 2, 'Franecki', 'Occaecati ut et culpa aut rerum est. In fugit et est unde amet. Dolore corporis porro doloremque ex optio consequatur ratione sit. Consequatur porro voluptas eum amet quidem quia.', NULL, '86343 Stamm Fields Suite 308', 1, '2018-08-16 17:37:48', '2013-05-01 23:51:14');
INSERT INTO `objects` (`id`, `cities_id`, `property_types_id`, `name`, `description`, `stars_id`, `address`, `facilities_id`, `created_at`, `updated_at`) VALUES ('92', 73, 2, 'Bruen', 'Harum ducimus enim laborum illum earum non. Nulla rerum unde ut et expedita ab. Cumque ea possimus voluptate veritatis mollitia minima mollitia.', NULL, '306 Kailey Courts Apt. 575', 98, '2011-09-11 13:39:17', '2011-01-23 07:42:03');
INSERT INTO `objects` (`id`, `cities_id`, `property_types_id`, `name`, `description`, `stars_id`, `address`, `facilities_id`, `created_at`, `updated_at`) VALUES ('93', 44, 9, 'Schaefer', 'Fugit quas commodi reiciendis. Aut eum tenetur vitae quae. Accusantium ea quia placeat voluptate ut officiis sapiente est. Cupiditate quae consequuntur et non.', NULL, '4467 Fisher Square Apt. 018', 49, '2013-03-23 14:35:39', '2016-07-11 11:17:05');
INSERT INTO `objects` (`id`, `cities_id`, `property_types_id`, `name`, `description`, `stars_id`, `address`, `facilities_id`, `created_at`, `updated_at`) VALUES ('94', 73, 6, 'Gorczany', 'Occaecati et ipsa voluptatem iste. Reiciendis quia sit earum. Qui repudiandae et laboriosam.', NULL, '356 Marvin Brook Apt. 171', 24, '2020-07-15 10:56:15', '2011-06-04 21:11:22');
INSERT INTO `objects` (`id`, `cities_id`, `property_types_id`, `name`, `description`, `stars_id`, `address`, `facilities_id`, `created_at`, `updated_at`) VALUES ('95', 65, 4, 'Koch', 'Accusantium quia suscipit eveniet iure sequi eum qui. Veritatis et et ea eveniet voluptatem. Facere officia sint nisi velit eos dolorem placeat. Dignissimos labore ea eius accusamus. Facere et quo sint veniam repellendus nam voluptas.', NULL, '5678 Volkman Viaduct', 11, '2014-11-30 14:12:03', '2013-08-14 22:50:39');
INSERT INTO `objects` (`id`, `cities_id`, `property_types_id`, `name`, `description`, `stars_id`, `address`, `facilities_id`, `created_at`, `updated_at`) VALUES ('96', 22, 6, 'Goodwin', 'Et dicta est temporibus nihil. Modi rerum earum molestiae odit aperiam nisi. Qui adipisci illum vel autem sequi.', NULL, '76216 Towne Fort', 51, '2012-04-11 01:27:40', '2013-09-10 20:02:59');
INSERT INTO `objects` (`id`, `cities_id`, `property_types_id`, `name`, `description`, `stars_id`, `address`, `facilities_id`, `created_at`, `updated_at`) VALUES ('97', 92, 5, 'Langworth', 'Molestiae eaque suscipit deleniti voluptates. Qui et optio mollitia qui optio distinctio. Ullam et commodi omnis sit excepturi eum.', NULL, '1403 Breitenberg Land Suite 988', 19, '2010-12-20 19:51:58', '2015-04-19 22:25:24');
INSERT INTO `objects` (`id`, `cities_id`, `property_types_id`, `name`, `description`, `stars_id`, `address`, `facilities_id`, `created_at`, `updated_at`) VALUES ('98', 68, 4, 'Williamson', 'Expedita cum quisquam nihil cum. Animi sunt cupiditate dolore non iure quam. Enim temporibus quas officiis nihil cupiditate libero laboriosam.', NULL, '1943 Swaniawski Mount Apt. 990', 46, '2015-01-14 18:15:12', '2013-11-19 09:52:14');
INSERT INTO `objects` (`id`, `cities_id`, `property_types_id`, `name`, `description`, `stars_id`, `address`, `facilities_id`, `created_at`, `updated_at`) VALUES ('99', 16, 10, 'Kessler', 'Nostrum molestiae corrupti non dolorem sapiente quis. Incidunt qui omnis consectetur a officiis occaecati. Cum asperiores sint incidunt sint.', NULL, '42786 Nolan Circle Apt. 134', 35, '2020-04-15 23:01:09', '2012-11-10 00:21:33');
INSERT INTO `objects` (`id`, `cities_id`, `property_types_id`, `name`, `description`, `stars_id`, `address`, `facilities_id`, `created_at`, `updated_at`) VALUES ('100', 32, 5, 'Muller', 'Harum vel veritatis dolore assumenda. Soluta expedita cumque voluptatem veritatis voluptatem.', NULL, '89925 Soledad Shoal', 7, '2017-01-17 21:40:34', '2016-10-07 22:24:49');
INSERT INTO `objects` (`id`, `cities_id`, `property_types_id`, `name`, `description`, `stars_id`, `address`, `facilities_id`, `created_at`, `updated_at`) VALUES ('101', 59, 5, 'Kautzer', 'Nam reprehenderit sunt quam illo debitis reprehenderit necessitatibus et. Enim aut dolores aperiam odit nesciunt. Error dignissimos quia ratione sequi sed et consequatur expedita. Laboriosam ut eius nam voluptatem.', NULL, '64211 Rutherford Road', 19, '2019-08-27 06:01:17', '2012-02-11 17:44:01');
INSERT INTO `objects` (`id`, `cities_id`, `property_types_id`, `name`, `description`, `stars_id`, `address`, `facilities_id`, `created_at`, `updated_at`) VALUES ('102', 59, 2, 'Sauer', 'Animi voluptatem autem reprehenderit quae. Magni fugiat ad sint quis deleniti. Pariatur rerum reprehenderit est aut. Natus mollitia sapiente quas amet illo tenetur. Et non saepe aut et magnam et quia.', NULL, '294 Caesar Alley', 38, '2012-10-25 04:20:33', '2016-08-04 08:44:40');
INSERT INTO `objects` (`id`, `cities_id`, `property_types_id`, `name`, `description`, `stars_id`, `address`, `facilities_id`, `created_at`, `updated_at`) VALUES ('103', 56, 7, 'Grimes', 'Et nemo est repellat repellat et doloremque cumque. Excepturi nam itaque error ut. Ex natus amet non molestiae. Velit ipsa porro sed illo enim labore ut.', NULL, '79166 Macejkovic Gateway', 25, '2016-01-16 00:19:32', '2014-07-16 17:25:22');
INSERT INTO `objects` (`id`, `cities_id`, `property_types_id`, `name`, `description`, `stars_id`, `address`, `facilities_id`, `created_at`, `updated_at`) VALUES ('104', 5, 4, 'Fay', 'Aut eum rerum incidunt esse. Amet unde deserunt quibusdam sed magni qui voluptatem. Sed libero fuga vero et possimus eum.', NULL, '23304 Crooks Wall Suite 614', 78, '2018-01-17 10:37:25', '2014-08-12 03:33:56');
INSERT INTO `objects` (`id`, `cities_id`, `property_types_id`, `name`, `description`, `stars_id`, `address`, `facilities_id`, `created_at`, `updated_at`) VALUES ('105', 28, 10, 'Treutel', 'Omnis recusandae recusandae reprehenderit est sapiente. Atque vel et debitis eius aut vitae. Cupiditate sit omnis ea id sequi.', NULL, '5822 Leannon Road', 18, '2016-01-23 20:02:57', '2017-08-16 12:33:55');
INSERT INTO `objects` (`id`, `cities_id`, `property_types_id`, `name`, `description`, `stars_id`, `address`, `facilities_id`, `created_at`, `updated_at`) VALUES ('106', 39, 3, 'Luettgen', 'Repellendus soluta aperiam consequatur optio expedita. Exercitationem aliquid quibusdam qui est accusantium. Neque perspiciatis vitae voluptas sint voluptas rem quae.', NULL, '5114 Windler Port', 78, '2019-04-17 19:13:58', '2019-07-10 08:44:42');
INSERT INTO `objects` (`id`, `cities_id`, `property_types_id`, `name`, `description`, `stars_id`, `address`, `facilities_id`, `created_at`, `updated_at`) VALUES ('107', 90, 2, 'McCullough', 'Facere accusamus accusantium enim deleniti qui. Maiores vero omnis velit maiores aspernatur deleniti. Inventore sed voluptas impedit dolores facilis et molestias.', NULL, '1266 Howe Causeway Apt. 445', 20, '2018-09-28 07:36:54', '2017-05-02 08:09:33');
INSERT INTO `objects` (`id`, `cities_id`, `property_types_id`, `name`, `description`, `stars_id`, `address`, `facilities_id`, `created_at`, `updated_at`) VALUES ('108', 9, 8, 'King', 'Autem aut aliquam in autem est ipsa. Sequi recusandae omnis molestiae aut beatae quia cum explicabo. Ut hic soluta soluta et repellendus velit necessitatibus.', NULL, '52107 Hammes Light Suite 479', 54, '2014-06-03 17:26:04', '2020-01-26 07:44:28');
INSERT INTO `objects` (`id`, `cities_id`, `property_types_id`, `name`, `description`, `stars_id`, `address`, `facilities_id`, `created_at`, `updated_at`) VALUES ('109', 54, 10, 'Legros', 'Aut ipsa nesciunt libero qui vel repudiandae eius. Quia debitis accusantium enim cum architecto qui eligendi. Perferendis quia necessitatibus iure ullam eos minima.', NULL, '90287 Akeem Ports', 48, '2015-01-04 15:08:18', '2017-04-07 13:10:40');
INSERT INTO `objects` (`id`, `cities_id`, `property_types_id`, `name`, `description`, `stars_id`, `address`, `facilities_id`, `created_at`, `updated_at`) VALUES ('110', 88, 3, 'McGlynn', 'Et vero excepturi asperiores eos dolore ad. At id incidunt suscipit cumque modi recusandae velit. Quae fuga quam beatae unde unde voluptates. Aut non non cum error omnis tempora sunt.', NULL, '310 Stoltenberg Drive Suite 972', 93, '2016-12-15 16:47:07', '2015-08-02 17:42:00');
INSERT INTO `objects` (`id`, `cities_id`, `property_types_id`, `name`, `description`, `stars_id`, `address`, `facilities_id`, `created_at`, `updated_at`) VALUES ('111', 94, 9, 'Kovacek', 'Voluptatum sequi sequi vel nostrum ea. Quas iste beatae temporibus.', NULL, '23586 Vida Path', 39, '2013-01-10 11:31:55', '2013-02-04 11:00:31');
INSERT INTO `objects` (`id`, `cities_id`, `property_types_id`, `name`, `description`, `stars_id`, `address`, `facilities_id`, `created_at`, `updated_at`) VALUES ('112', 13, 5, 'Beahan', 'Dolores delectus dolores eligendi ipsam. Sit id quo mollitia ab. Impedit eos ut itaque expedita. Sit repellendus quo nisi vel dolorem quod voluptatem.', NULL, '754 Steuber Stravenue Suite 713', 57, '2017-01-23 19:34:32', '2018-02-10 16:55:48');
INSERT INTO `objects` (`id`, `cities_id`, `property_types_id`, `name`, `description`, `stars_id`, `address`, `facilities_id`, `created_at`, `updated_at`) VALUES ('113', 51, 10, 'Dooley', 'Sit placeat incidunt inventore occaecati quis laudantium libero. Adipisci sed quia et nemo molestias sit aut. Necessitatibus et sed praesentium sed et provident nisi.', NULL, '81192 Jade Cape Suite 560', 19, '2020-02-01 11:00:08', '2016-03-22 01:42:20');
INSERT INTO `objects` (`id`, `cities_id`, `property_types_id`, `name`, `description`, `stars_id`, `address`, `facilities_id`, `created_at`, `updated_at`) VALUES ('114', 75, 1, 'Gislason', 'Aliquid cum autem consequatur et voluptatem odit sed. Qui illum placeat et molestiae. Eaque et corporis error. Enim eligendi doloribus non nulla sapiente error nostrum.', NULL, '748 Stamm Summit', 54, '2020-06-26 10:01:20', '2014-03-09 05:08:40');
INSERT INTO `objects` (`id`, `cities_id`, `property_types_id`, `name`, `description`, `stars_id`, `address`, `facilities_id`, `created_at`, `updated_at`) VALUES ('115', 53, 4, 'Corwin', 'Necessitatibus itaque voluptatem qui rem quod. Nisi tempora autem molestiae ipsa dolorum placeat. Odio dolor voluptatem accusantium deserunt non voluptates laudantium. Et sapiente vel assumenda.', NULL, '237 Koepp Squares', 53, '2018-11-03 23:27:34', '2013-01-20 14:38:59');
INSERT INTO `objects` (`id`, `cities_id`, `property_types_id`, `name`, `description`, `stars_id`, `address`, `facilities_id`, `created_at`, `updated_at`) VALUES ('116', 70, 7, 'Senger', 'Voluptatibus ad ipsum laudantium autem. Quaerat eveniet autem minus necessitatibus. Laboriosam est voluptate excepturi tempora ea qui.', NULL, '105 Little Inlet', 73, '2010-11-18 03:49:50', '2020-08-07 02:39:20');
INSERT INTO `objects` (`id`, `cities_id`, `property_types_id`, `name`, `description`, `stars_id`, `address`, `facilities_id`, `created_at`, `updated_at`) VALUES ('117', 48, 6, 'Mueller', 'Accusamus quaerat voluptas et dolorem voluptate sequi harum praesentium. Libero eos consequatur molestias nihil aspernatur perspiciatis nemo. Dolores aliquam saepe incidunt.', NULL, '55995 Kerluke Path Suite 790', 84, '2017-03-21 07:35:39', '2015-02-22 12:40:03');
INSERT INTO `objects` (`id`, `cities_id`, `property_types_id`, `name`, `description`, `stars_id`, `address`, `facilities_id`, `created_at`, `updated_at`) VALUES ('118', 67, 7, 'Yost', 'Recusandae neque necessitatibus harum facere qui quos. Velit omnis voluptates aperiam in sed sed consequatur. Molestiae alias eligendi inventore ut error.', NULL, '7128 Mylene Divide Suite 896', 63, '2018-10-31 15:55:32', '2012-01-05 05:28:52');
INSERT INTO `objects` (`id`, `cities_id`, `property_types_id`, `name`, `description`, `stars_id`, `address`, `facilities_id`, `created_at`, `updated_at`) VALUES ('119', 21, 3, 'Weber', 'Similique eius minima dolor dolores. Minus sapiente earum error cupiditate nihil quo esse. Id ut harum earum doloremque facere voluptate nesciunt debitis. Quidem consequuntur atque ut dolorem.', NULL, '54804 Alexandrea Spur', 57, '2013-01-23 23:58:54', '2011-10-01 14:13:23');
INSERT INTO `objects` (`id`, `cities_id`, `property_types_id`, `name`, `description`, `stars_id`, `address`, `facilities_id`, `created_at`, `updated_at`) VALUES ('120', 68, 1, 'Jacobi', 'Placeat nam dolores incidunt ratione assumenda. Aut illo voluptate sit explicabo tenetur illum et sunt.', NULL, '1061 Langosh Landing', 82, '2014-03-02 00:10:56', '2015-05-24 01:30:26');
INSERT INTO `objects` (`id`, `cities_id`, `property_types_id`, `name`, `description`, `stars_id`, `address`, `facilities_id`, `created_at`, `updated_at`) VALUES ('121', 61, 1, 'Prosacco', 'A eaque ab eos et et odit quia. Sunt voluptates dolorem distinctio est temporibus et asperiores. Est ducimus qui nostrum earum ut. Aut commodi voluptatem facilis blanditiis et. Sit rerum voluptate cumque voluptatum autem aperiam quia.', NULL, '7807 Borer Stream Suite 173', 66, '2019-01-11 21:43:00', '2015-10-23 08:31:24');
INSERT INTO `objects` (`id`, `cities_id`, `property_types_id`, `name`, `description`, `stars_id`, `address`, `facilities_id`, `created_at`, `updated_at`) VALUES ('122', 100, 2, 'Kunze', 'Deserunt sit voluptatem eveniet. Quibusdam quo inventore itaque dolores. Quod dolor laborum nobis vitae quod quo possimus.', NULL, '1217 Vernice Common', 9, '2019-04-18 12:19:09', '2017-03-04 16:15:06');
INSERT INTO `objects` (`id`, `cities_id`, `property_types_id`, `name`, `description`, `stars_id`, `address`, `facilities_id`, `created_at`, `updated_at`) VALUES ('123', 56, 7, 'Nader', 'Voluptatum consequatur voluptatum quia. Praesentium placeat nihil optio labore libero velit. Voluptatum omnis expedita debitis beatae. Repellat sed reiciendis ad voluptate ea nam modi.', NULL, '0995 Tierra Lodge Suite 479', 7, '2017-03-09 19:03:35', '2020-06-21 16:10:10');
INSERT INTO `objects` (`id`, `cities_id`, `property_types_id`, `name`, `description`, `stars_id`, `address`, `facilities_id`, `created_at`, `updated_at`) VALUES ('124', 75, 4, 'Jaskolski', 'Rerum aut cumque saepe. Accusamus voluptatum eaque deleniti vero error nisi. Consequatur ut illum autem perferendis illo. Ad suscipit similique necessitatibus doloribus quod earum.', NULL, '00033 Marguerite Center', 10, '2015-02-18 08:25:05', '2020-08-11 13:26:26');
INSERT INTO `objects` (`id`, `cities_id`, `property_types_id`, `name`, `description`, `stars_id`, `address`, `facilities_id`, `created_at`, `updated_at`) VALUES ('125', 28, 10, 'Hauck', 'Eos repellendus laudantium eos molestias. Vel doloremque sequi sequi numquam amet. Eligendi recusandae velit veritatis dolores voluptates ut blanditiis. Animi fuga eius totam.', NULL, '0810 Jerome Trafficway', 41, '2015-09-18 08:15:28', '2017-05-01 13:29:17');
INSERT INTO `objects` (`id`, `cities_id`, `property_types_id`, `name`, `description`, `stars_id`, `address`, `facilities_id`, `created_at`, `updated_at`) VALUES ('126', 81, 7, 'Bernier', 'Ipsam ut fugiat ipsa earum adipisci voluptatum. Doloribus animi sit numquam iste molestias nam. Ea et voluptas eos harum eos.', NULL, '8268 Stanton Rapid', 10, '2013-02-08 06:10:03', '2019-10-29 02:12:53');
INSERT INTO `objects` (`id`, `cities_id`, `property_types_id`, `name`, `description`, `stars_id`, `address`, `facilities_id`, `created_at`, `updated_at`) VALUES ('127', 53, 1, 'Hartmann', 'Ut quia expedita repellat cum autem. Temporibus sit aliquam quis qui. Ut officiis voluptas optio molestiae. Ut accusamus ut sed quaerat veritatis.', NULL, '53353 Yost Manors', 69, '2018-10-05 08:30:01', '2017-07-13 09:06:56');
INSERT INTO `objects` (`id`, `cities_id`, `property_types_id`, `name`, `description`, `stars_id`, `address`, `facilities_id`, `created_at`, `updated_at`) VALUES ('128', 36, 8, 'Lemke', 'Aperiam beatae occaecati repellendus autem. Accusantium ut beatae corporis dolores voluptate aut. Delectus fugiat sequi quam ut deleniti dolores. Ut et unde aut laudantium.', NULL, '94656 Abbie Well Suite 087', 36, '2016-03-11 00:38:23', '2016-09-14 12:58:26');
INSERT INTO `objects` (`id`, `cities_id`, `property_types_id`, `name`, `description`, `stars_id`, `address`, `facilities_id`, `created_at`, `updated_at`) VALUES ('129', 99, 10, 'Larson', 'Deleniti autem at sed qui eveniet. Omnis consectetur et unde ab. Soluta fuga id labore magnam aut autem est.', NULL, '946 Olson Rest Apt. 057', 56, '2012-06-26 15:10:05', '2019-11-16 13:58:40');
INSERT INTO `objects` (`id`, `cities_id`, `property_types_id`, `name`, `description`, `stars_id`, `address`, `facilities_id`, `created_at`, `updated_at`) VALUES ('130', 55, 7, 'Bernier', 'Culpa molestiae eius earum eius sint perspiciatis. Quos aliquam esse sed et fugiat. Quaerat nam qui tempore repellat.', NULL, '981 Augustine Pines Suite 001', 64, '2018-11-08 16:21:45', '2019-05-17 09:02:46');

#
# TABLE STRUCTURE FOR: rooms
#

INSERT INTO `rooms` (`id`, `objects_id`, `sleeps`, `room_facilities_id`, `price`, `created_at`, `updated_at`) VALUES ('1', 9, NULL, 31, '39754.60', '2018-11-13 20:38:44', '2017-08-20 19:29:09');
INSERT INTO `rooms` (`id`, `objects_id`, `sleeps`, `room_facilities_id`, `price`, `created_at`, `updated_at`) VALUES ('2', 42, NULL, 51, '80194.10', '2015-01-26 23:57:24', '2016-07-03 14:20:52');
INSERT INTO `rooms` (`id`, `objects_id`, `sleeps`, `room_facilities_id`, `price`, `created_at`, `updated_at`) VALUES ('3', 59, NULL, 30, '45819.76', '2020-04-03 23:17:57', '2011-06-29 07:58:05');
INSERT INTO `rooms` (`id`, `objects_id`, `sleeps`, `room_facilities_id`, `price`, `created_at`, `updated_at`) VALUES ('4', 124, NULL, 5, '41697.29', '2011-03-14 18:20:39', '2017-11-25 14:42:07');
INSERT INTO `rooms` (`id`, `objects_id`, `sleeps`, `room_facilities_id`, `price`, `created_at`, `updated_at`) VALUES ('5', 36, NULL, 30, '36631.30', '2012-08-02 06:12:12', '2016-05-26 06:54:23');
INSERT INTO `rooms` (`id`, `objects_id`, `sleeps`, `room_facilities_id`, `price`, `created_at`, `updated_at`) VALUES ('6', 100, NULL, 4, '6060.98', '2013-05-26 13:59:15', '2012-05-01 13:17:25');
INSERT INTO `rooms` (`id`, `objects_id`, `sleeps`, `room_facilities_id`, `price`, `created_at`, `updated_at`) VALUES ('7', 82, NULL, 39, '74509.35', '2012-10-01 01:10:27', '2014-02-19 14:18:11');
INSERT INTO `rooms` (`id`, `objects_id`, `sleeps`, `room_facilities_id`, `price`, `created_at`, `updated_at`) VALUES ('8', 27, NULL, 133, '68949.09', '2016-10-12 04:54:19', '2012-07-13 01:56:51');
INSERT INTO `rooms` (`id`, `objects_id`, `sleeps`, `room_facilities_id`, `price`, `created_at`, `updated_at`) VALUES ('9', 43, NULL, 22, '12438.00', '2010-11-10 06:12:48', '2013-05-16 19:01:11');
INSERT INTO `rooms` (`id`, `objects_id`, `sleeps`, `room_facilities_id`, `price`, `created_at`, `updated_at`) VALUES ('10', 49, NULL, 75, '96116.98', '2016-01-10 09:31:54', '2012-03-02 01:48:28');
INSERT INTO `rooms` (`id`, `objects_id`, `sleeps`, `room_facilities_id`, `price`, `created_at`, `updated_at`) VALUES ('11', 19, NULL, 57, '38356.64', '2020-05-01 11:51:08', '2020-04-27 09:36:31');
INSERT INTO `rooms` (`id`, `objects_id`, `sleeps`, `room_facilities_id`, `price`, `created_at`, `updated_at`) VALUES ('12', 66, NULL, 124, '45188.42', '2013-09-15 09:50:23', '2015-03-08 22:11:29');
INSERT INTO `rooms` (`id`, `objects_id`, `sleeps`, `room_facilities_id`, `price`, `created_at`, `updated_at`) VALUES ('13', 25, NULL, 107, '60365.16', '2012-07-14 12:07:14', '2013-12-07 10:45:21');
INSERT INTO `rooms` (`id`, `objects_id`, `sleeps`, `room_facilities_id`, `price`, `created_at`, `updated_at`) VALUES ('14', 9, NULL, 10, '98383.02', '2017-05-12 14:54:21', '2015-10-13 18:24:26');
INSERT INTO `rooms` (`id`, `objects_id`, `sleeps`, `room_facilities_id`, `price`, `created_at`, `updated_at`) VALUES ('15', 30, NULL, 56, '26375.10', '2013-06-17 22:27:57', '2018-09-12 18:35:34');
INSERT INTO `rooms` (`id`, `objects_id`, `sleeps`, `room_facilities_id`, `price`, `created_at`, `updated_at`) VALUES ('16', 58, NULL, 59, '48107.05', '2016-08-03 09:29:46', '2016-01-23 23:59:22');
INSERT INTO `rooms` (`id`, `objects_id`, `sleeps`, `room_facilities_id`, `price`, `created_at`, `updated_at`) VALUES ('17', 57, NULL, 153, '86334.63', '2016-02-15 20:14:26', '2015-09-28 23:39:57');
INSERT INTO `rooms` (`id`, `objects_id`, `sleeps`, `room_facilities_id`, `price`, `created_at`, `updated_at`) VALUES ('18', 71, NULL, 177, '49918.12', '2017-12-30 08:55:03', '2016-12-25 06:34:00');
INSERT INTO `rooms` (`id`, `objects_id`, `sleeps`, `room_facilities_id`, `price`, `created_at`, `updated_at`) VALUES ('19', 118, NULL, 99, '72752.64', '2017-04-16 02:39:02', '2020-07-01 10:30:28');
INSERT INTO `rooms` (`id`, `objects_id`, `sleeps`, `room_facilities_id`, `price`, `created_at`, `updated_at`) VALUES ('20', 118, NULL, 37, '59845.02', '2019-05-16 10:01:25', '2013-12-14 19:46:11');
INSERT INTO `rooms` (`id`, `objects_id`, `sleeps`, `room_facilities_id`, `price`, `created_at`, `updated_at`) VALUES ('21', 84, NULL, 133, '59557.31', '2017-11-05 16:39:32', '2017-06-11 17:50:56');
INSERT INTO `rooms` (`id`, `objects_id`, `sleeps`, `room_facilities_id`, `price`, `created_at`, `updated_at`) VALUES ('22', 26, NULL, 53, '85893.22', '2014-05-27 16:44:29', '2016-04-17 00:32:52');
INSERT INTO `rooms` (`id`, `objects_id`, `sleeps`, `room_facilities_id`, `price`, `created_at`, `updated_at`) VALUES ('23', 112, NULL, 81, '57771.46', '2011-03-04 03:37:21', '2017-09-30 14:27:45');
INSERT INTO `rooms` (`id`, `objects_id`, `sleeps`, `room_facilities_id`, `price`, `created_at`, `updated_at`) VALUES ('24', 121, NULL, 37, '72046.47', '2015-12-09 12:20:32', '2014-07-11 05:24:17');
INSERT INTO `rooms` (`id`, `objects_id`, `sleeps`, `room_facilities_id`, `price`, `created_at`, `updated_at`) VALUES ('25', 67, NULL, 60, '23439.22', '2019-03-01 07:04:47', '2016-01-01 01:30:11');
INSERT INTO `rooms` (`id`, `objects_id`, `sleeps`, `room_facilities_id`, `price`, `created_at`, `updated_at`) VALUES ('26', 73, NULL, 131, '25825.30', '2019-08-08 03:21:05', '2018-09-21 00:47:44');
INSERT INTO `rooms` (`id`, `objects_id`, `sleeps`, `room_facilities_id`, `price`, `created_at`, `updated_at`) VALUES ('27', 75, NULL, 13, '17011.00', '2019-06-26 08:32:15', '2019-05-02 23:14:15');
INSERT INTO `rooms` (`id`, `objects_id`, `sleeps`, `room_facilities_id`, `price`, `created_at`, `updated_at`) VALUES ('28', 35, NULL, 153, '92743.56', '2017-05-23 14:47:45', '2013-12-26 09:44:58');
INSERT INTO `rooms` (`id`, `objects_id`, `sleeps`, `room_facilities_id`, `price`, `created_at`, `updated_at`) VALUES ('29', 78, NULL, 67, '54933.62', '2012-03-20 11:04:27', '2011-11-26 19:12:42');
INSERT INTO `rooms` (`id`, `objects_id`, `sleeps`, `room_facilities_id`, `price`, `created_at`, `updated_at`) VALUES ('30', 106, NULL, 164, '73506.30', '2013-11-14 08:23:14', '2014-10-16 20:16:52');
INSERT INTO `rooms` (`id`, `objects_id`, `sleeps`, `room_facilities_id`, `price`, `created_at`, `updated_at`) VALUES ('31', 80, NULL, 50, '2368.89', '2015-08-30 00:15:22', '2018-07-01 19:41:05');
INSERT INTO `rooms` (`id`, `objects_id`, `sleeps`, `room_facilities_id`, `price`, `created_at`, `updated_at`) VALUES ('32', 15, NULL, 9, '66114.21', '2015-01-15 15:18:43', '2016-05-17 23:05:37');
INSERT INTO `rooms` (`id`, `objects_id`, `sleeps`, `room_facilities_id`, `price`, `created_at`, `updated_at`) VALUES ('33', 2, NULL, 131, '8380.68', '2011-05-17 04:53:07', '2015-05-19 04:42:38');
INSERT INTO `rooms` (`id`, `objects_id`, `sleeps`, `room_facilities_id`, `price`, `created_at`, `updated_at`) VALUES ('34', 120, NULL, 184, '83160.06', '2018-01-27 07:50:20', '2019-03-01 19:45:40');
INSERT INTO `rooms` (`id`, `objects_id`, `sleeps`, `room_facilities_id`, `price`, `created_at`, `updated_at`) VALUES ('35', 19, NULL, 165, '18042.65', '2011-03-08 09:57:19', '2010-08-29 01:02:51');
INSERT INTO `rooms` (`id`, `objects_id`, `sleeps`, `room_facilities_id`, `price`, `created_at`, `updated_at`) VALUES ('36', 14, NULL, 158, '78413.31', '2016-11-01 12:35:38', '2019-09-03 13:36:53');
INSERT INTO `rooms` (`id`, `objects_id`, `sleeps`, `room_facilities_id`, `price`, `created_at`, `updated_at`) VALUES ('37', 64, NULL, 61, '66546.72', '2012-05-29 09:32:56', '2018-05-15 11:02:46');
INSERT INTO `rooms` (`id`, `objects_id`, `sleeps`, `room_facilities_id`, `price`, `created_at`, `updated_at`) VALUES ('38', 7, NULL, 69, '8552.97', '2016-07-09 15:53:08', '2017-11-21 13:30:45');
INSERT INTO `rooms` (`id`, `objects_id`, `sleeps`, `room_facilities_id`, `price`, `created_at`, `updated_at`) VALUES ('39', 92, NULL, 195, '92554.30', '2015-12-05 23:46:01', '2018-10-04 14:02:36');
INSERT INTO `rooms` (`id`, `objects_id`, `sleeps`, `room_facilities_id`, `price`, `created_at`, `updated_at`) VALUES ('40', 69, NULL, 42, '54334.13', '2017-04-13 00:38:30', '2019-03-22 17:29:45');
INSERT INTO `rooms` (`id`, `objects_id`, `sleeps`, `room_facilities_id`, `price`, `created_at`, `updated_at`) VALUES ('41', 36, NULL, 18, '68728.98', '2017-10-20 12:17:17', '2013-11-24 18:42:04');
INSERT INTO `rooms` (`id`, `objects_id`, `sleeps`, `room_facilities_id`, `price`, `created_at`, `updated_at`) VALUES ('42', 112, NULL, 170, '13275.79', '2014-03-19 12:00:14', '2014-04-28 16:22:44');
INSERT INTO `rooms` (`id`, `objects_id`, `sleeps`, `room_facilities_id`, `price`, `created_at`, `updated_at`) VALUES ('43', 20, NULL, 26, '95522.40', '2010-11-11 00:37:55', '2013-12-02 15:14:07');
INSERT INTO `rooms` (`id`, `objects_id`, `sleeps`, `room_facilities_id`, `price`, `created_at`, `updated_at`) VALUES ('44', 80, NULL, 149, '18716.60', '2011-08-12 01:39:09', '2011-12-15 11:12:44');
INSERT INTO `rooms` (`id`, `objects_id`, `sleeps`, `room_facilities_id`, `price`, `created_at`, `updated_at`) VALUES ('45', 60, NULL, 84, '15559.79', '2019-03-03 14:15:38', '2017-06-29 13:20:52');
INSERT INTO `rooms` (`id`, `objects_id`, `sleeps`, `room_facilities_id`, `price`, `created_at`, `updated_at`) VALUES ('46', 73, NULL, 14, '43214.48', '2019-03-17 01:18:29', '2020-04-10 01:39:14');
INSERT INTO `rooms` (`id`, `objects_id`, `sleeps`, `room_facilities_id`, `price`, `created_at`, `updated_at`) VALUES ('47', 87, NULL, 134, '92755.60', '2017-04-18 12:59:17', '2011-08-05 16:53:53');
INSERT INTO `rooms` (`id`, `objects_id`, `sleeps`, `room_facilities_id`, `price`, `created_at`, `updated_at`) VALUES ('48', 15, NULL, 136, '64116.96', '2014-10-17 21:42:05', '2015-06-17 06:17:49');
INSERT INTO `rooms` (`id`, `objects_id`, `sleeps`, `room_facilities_id`, `price`, `created_at`, `updated_at`) VALUES ('49', 42, NULL, 7, '59452.42', '2011-08-24 15:53:58', '2011-09-26 08:03:49');
INSERT INTO `rooms` (`id`, `objects_id`, `sleeps`, `room_facilities_id`, `price`, `created_at`, `updated_at`) VALUES ('50', 78, NULL, 94, '4827.92', '2011-09-22 20:52:11', '2013-06-03 11:01:45');
INSERT INTO `rooms` (`id`, `objects_id`, `sleeps`, `room_facilities_id`, `price`, `created_at`, `updated_at`) VALUES ('51', 112, NULL, 140, '2118.87', '2012-08-17 17:12:12', '2020-07-19 01:51:24');
INSERT INTO `rooms` (`id`, `objects_id`, `sleeps`, `room_facilities_id`, `price`, `created_at`, `updated_at`) VALUES ('52', 33, NULL, 69, '17921.01', '2014-01-13 18:25:34', '2016-02-14 07:42:31');
INSERT INTO `rooms` (`id`, `objects_id`, `sleeps`, `room_facilities_id`, `price`, `created_at`, `updated_at`) VALUES ('53', 130, NULL, 61, '5270.52', '2017-12-06 17:32:36', '2018-07-04 21:36:52');
INSERT INTO `rooms` (`id`, `objects_id`, `sleeps`, `room_facilities_id`, `price`, `created_at`, `updated_at`) VALUES ('54', 90, NULL, 140, '31994.84', '2014-11-17 21:18:34', '2017-05-28 10:28:19');
INSERT INTO `rooms` (`id`, `objects_id`, `sleeps`, `room_facilities_id`, `price`, `created_at`, `updated_at`) VALUES ('55', 36, NULL, 43, '1321.07', '2014-12-11 21:30:00', '2016-01-02 20:20:08');
INSERT INTO `rooms` (`id`, `objects_id`, `sleeps`, `room_facilities_id`, `price`, `created_at`, `updated_at`) VALUES ('56', 118, NULL, 110, '41291.90', '2015-07-30 06:35:22', '2015-07-02 01:38:49');
INSERT INTO `rooms` (`id`, `objects_id`, `sleeps`, `room_facilities_id`, `price`, `created_at`, `updated_at`) VALUES ('57', 40, NULL, 154, '69302.98', '2018-02-25 17:52:12', '2014-06-22 22:51:07');
INSERT INTO `rooms` (`id`, `objects_id`, `sleeps`, `room_facilities_id`, `price`, `created_at`, `updated_at`) VALUES ('58', 52, NULL, 90, '9831.21', '2012-07-03 07:06:00', '2017-01-21 13:59:27');
INSERT INTO `rooms` (`id`, `objects_id`, `sleeps`, `room_facilities_id`, `price`, `created_at`, `updated_at`) VALUES ('59', 117, NULL, 1, '69274.03', '2018-02-19 18:10:33', '2016-12-06 19:39:19');
INSERT INTO `rooms` (`id`, `objects_id`, `sleeps`, `room_facilities_id`, `price`, `created_at`, `updated_at`) VALUES ('60', 25, NULL, 72, '58195.36', '2015-03-08 20:43:37', '2019-09-29 00:58:28');
INSERT INTO `rooms` (`id`, `objects_id`, `sleeps`, `room_facilities_id`, `price`, `created_at`, `updated_at`) VALUES ('61', 55, NULL, 150, '64910.19', '2015-07-09 12:14:30', '2014-04-14 18:29:27');
INSERT INTO `rooms` (`id`, `objects_id`, `sleeps`, `room_facilities_id`, `price`, `created_at`, `updated_at`) VALUES ('62', 56, NULL, 18, '4754.04', '2012-09-15 18:16:01', '2016-11-30 20:08:09');
INSERT INTO `rooms` (`id`, `objects_id`, `sleeps`, `room_facilities_id`, `price`, `created_at`, `updated_at`) VALUES ('63', 55, NULL, 107, '7212.89', '2020-02-08 15:01:17', '2015-09-04 11:46:18');
INSERT INTO `rooms` (`id`, `objects_id`, `sleeps`, `room_facilities_id`, `price`, `created_at`, `updated_at`) VALUES ('64', 100, NULL, 148, '76362.36', '2018-07-31 19:08:25', '2016-08-14 13:18:42');
INSERT INTO `rooms` (`id`, `objects_id`, `sleeps`, `room_facilities_id`, `price`, `created_at`, `updated_at`) VALUES ('65', 74, NULL, 73, '32410.42', '2018-07-04 01:22:56', '2010-11-13 01:38:26');
INSERT INTO `rooms` (`id`, `objects_id`, `sleeps`, `room_facilities_id`, `price`, `created_at`, `updated_at`) VALUES ('66', 27, NULL, 84, '86294.67', '2017-08-16 11:33:33', '2018-01-24 17:37:58');
INSERT INTO `rooms` (`id`, `objects_id`, `sleeps`, `room_facilities_id`, `price`, `created_at`, `updated_at`) VALUES ('67', 8, NULL, 91, '68324.45', '2016-07-24 13:22:30', '2015-08-19 00:49:08');
INSERT INTO `rooms` (`id`, `objects_id`, `sleeps`, `room_facilities_id`, `price`, `created_at`, `updated_at`) VALUES ('68', 100, NULL, 12, '57996.43', '2011-06-24 16:46:29', '2011-07-30 04:56:07');
INSERT INTO `rooms` (`id`, `objects_id`, `sleeps`, `room_facilities_id`, `price`, `created_at`, `updated_at`) VALUES ('69', 99, NULL, 90, '10267.40', '2015-05-01 19:43:48', '2019-11-28 20:59:13');
INSERT INTO `rooms` (`id`, `objects_id`, `sleeps`, `room_facilities_id`, `price`, `created_at`, `updated_at`) VALUES ('70', 99, NULL, 7, '75185.46', '2019-09-19 12:12:05', '2013-07-31 00:44:17');
INSERT INTO `rooms` (`id`, `objects_id`, `sleeps`, `room_facilities_id`, `price`, `created_at`, `updated_at`) VALUES ('71', 87, NULL, 133, '40538.19', '2013-05-13 16:23:21', '2014-07-05 19:22:13');
INSERT INTO `rooms` (`id`, `objects_id`, `sleeps`, `room_facilities_id`, `price`, `created_at`, `updated_at`) VALUES ('72', 75, NULL, 193, '7763.59', '2014-03-11 02:19:49', '2017-03-24 17:43:31');
INSERT INTO `rooms` (`id`, `objects_id`, `sleeps`, `room_facilities_id`, `price`, `created_at`, `updated_at`) VALUES ('73', 57, NULL, 194, '90626.06', '2020-01-24 01:37:09', '2014-03-16 03:37:39');
INSERT INTO `rooms` (`id`, `objects_id`, `sleeps`, `room_facilities_id`, `price`, `created_at`, `updated_at`) VALUES ('74', 54, NULL, 66, '78606.75', '2010-12-24 02:52:24', '2019-09-04 23:39:51');
INSERT INTO `rooms` (`id`, `objects_id`, `sleeps`, `room_facilities_id`, `price`, `created_at`, `updated_at`) VALUES ('75', 127, NULL, 121, '84930.27', '2012-07-05 23:48:47', '2011-04-17 22:06:39');
INSERT INTO `rooms` (`id`, `objects_id`, `sleeps`, `room_facilities_id`, `price`, `created_at`, `updated_at`) VALUES ('76', 90, NULL, 78, '74738.82', '2010-11-02 12:55:18', '2019-03-17 21:50:31');
INSERT INTO `rooms` (`id`, `objects_id`, `sleeps`, `room_facilities_id`, `price`, `created_at`, `updated_at`) VALUES ('77', 46, NULL, 23, '64959.03', '2017-09-17 00:34:15', '2015-02-27 19:39:41');
INSERT INTO `rooms` (`id`, `objects_id`, `sleeps`, `room_facilities_id`, `price`, `created_at`, `updated_at`) VALUES ('78', 62, NULL, 154, '70866.84', '2011-09-15 11:46:01', '2012-06-13 20:25:38');
INSERT INTO `rooms` (`id`, `objects_id`, `sleeps`, `room_facilities_id`, `price`, `created_at`, `updated_at`) VALUES ('79', 84, NULL, 49, '3857.61', '2015-09-10 11:23:22', '2018-03-02 13:02:18');
INSERT INTO `rooms` (`id`, `objects_id`, `sleeps`, `room_facilities_id`, `price`, `created_at`, `updated_at`) VALUES ('80', 66, NULL, 43, '21520.44', '2018-09-25 04:53:38', '2018-09-02 04:19:03');
INSERT INTO `rooms` (`id`, `objects_id`, `sleeps`, `room_facilities_id`, `price`, `created_at`, `updated_at`) VALUES ('81', 79, NULL, 142, '16185.17', '2018-06-09 12:45:34', '2017-10-30 21:25:09');
INSERT INTO `rooms` (`id`, `objects_id`, `sleeps`, `room_facilities_id`, `price`, `created_at`, `updated_at`) VALUES ('82', 82, NULL, 133, '95833.24', '2012-05-18 17:18:13', '2011-08-03 04:06:42');
INSERT INTO `rooms` (`id`, `objects_id`, `sleeps`, `room_facilities_id`, `price`, `created_at`, `updated_at`) VALUES ('83', 21, NULL, 79, '20741.96', '2020-07-10 19:36:57', '2019-12-31 21:07:19');
INSERT INTO `rooms` (`id`, `objects_id`, `sleeps`, `room_facilities_id`, `price`, `created_at`, `updated_at`) VALUES ('84', 94, NULL, 184, '59991.89', '2018-11-16 05:32:43', '2011-11-25 22:17:49');
INSERT INTO `rooms` (`id`, `objects_id`, `sleeps`, `room_facilities_id`, `price`, `created_at`, `updated_at`) VALUES ('85', 110, NULL, 96, '72791.76', '2011-10-26 12:45:51', '2012-08-06 10:34:31');
INSERT INTO `rooms` (`id`, `objects_id`, `sleeps`, `room_facilities_id`, `price`, `created_at`, `updated_at`) VALUES ('86', 123, NULL, 101, '71915.76', '2018-03-07 17:51:09', '2011-05-10 03:40:46');
INSERT INTO `rooms` (`id`, `objects_id`, `sleeps`, `room_facilities_id`, `price`, `created_at`, `updated_at`) VALUES ('87', 19, NULL, 105, '19319.50', '2014-10-31 19:52:55', '2019-10-30 01:39:32');
INSERT INTO `rooms` (`id`, `objects_id`, `sleeps`, `room_facilities_id`, `price`, `created_at`, `updated_at`) VALUES ('88', 61, NULL, 115, '94099.34', '2014-06-29 13:27:02', '2019-12-29 10:32:00');
INSERT INTO `rooms` (`id`, `objects_id`, `sleeps`, `room_facilities_id`, `price`, `created_at`, `updated_at`) VALUES ('89', 64, NULL, 177, '99696.61', '2020-04-18 02:57:42', '2019-08-04 04:12:26');
INSERT INTO `rooms` (`id`, `objects_id`, `sleeps`, `room_facilities_id`, `price`, `created_at`, `updated_at`) VALUES ('90', 118, NULL, 93, '90889.85', '2011-12-20 10:52:15', '2013-02-13 09:56:23');
INSERT INTO `rooms` (`id`, `objects_id`, `sleeps`, `room_facilities_id`, `price`, `created_at`, `updated_at`) VALUES ('91', 63, NULL, 118, '9153.22', '2017-02-20 14:39:56', '2017-04-20 02:07:25');
INSERT INTO `rooms` (`id`, `objects_id`, `sleeps`, `room_facilities_id`, `price`, `created_at`, `updated_at`) VALUES ('92', 111, NULL, 167, '58095.76', '2020-03-10 12:03:34', '2014-02-05 04:35:19');
INSERT INTO `rooms` (`id`, `objects_id`, `sleeps`, `room_facilities_id`, `price`, `created_at`, `updated_at`) VALUES ('93', 92, NULL, 66, '38037.41', '2010-08-26 04:54:53', '2018-09-26 19:21:31');
INSERT INTO `rooms` (`id`, `objects_id`, `sleeps`, `room_facilities_id`, `price`, `created_at`, `updated_at`) VALUES ('94', 79, NULL, 70, '2787.25', '2016-12-01 06:35:17', '2011-02-11 07:51:15');
INSERT INTO `rooms` (`id`, `objects_id`, `sleeps`, `room_facilities_id`, `price`, `created_at`, `updated_at`) VALUES ('95', 74, NULL, 21, '60688.78', '2018-09-09 07:08:15', '2020-07-17 13:38:13');
INSERT INTO `rooms` (`id`, `objects_id`, `sleeps`, `room_facilities_id`, `price`, `created_at`, `updated_at`) VALUES ('96', 73, NULL, 34, '41784.91', '2015-10-14 17:38:54', '2010-10-02 23:27:48');
INSERT INTO `rooms` (`id`, `objects_id`, `sleeps`, `room_facilities_id`, `price`, `created_at`, `updated_at`) VALUES ('97', 106, NULL, 38, '3481.18', '2019-05-06 14:14:38', '2011-12-19 05:35:31');
INSERT INTO `rooms` (`id`, `objects_id`, `sleeps`, `room_facilities_id`, `price`, `created_at`, `updated_at`) VALUES ('98', 109, NULL, 195, '70136.08', '2016-03-13 16:21:17', '2014-06-08 11:48:34');
INSERT INTO `rooms` (`id`, `objects_id`, `sleeps`, `room_facilities_id`, `price`, `created_at`, `updated_at`) VALUES ('99', 76, NULL, 111, '31007.58', '2020-08-02 08:02:04', '2011-05-17 21:10:03');
INSERT INTO `rooms` (`id`, `objects_id`, `sleeps`, `room_facilities_id`, `price`, `created_at`, `updated_at`) VALUES ('100', 116, NULL, 84, '21477.03', '2020-06-20 19:37:01', '2012-08-13 15:16:33');
INSERT INTO `rooms` (`id`, `objects_id`, `sleeps`, `room_facilities_id`, `price`, `created_at`, `updated_at`) VALUES ('101', 5, NULL, 167, '12864.60', '2013-12-02 12:41:33', '2017-09-25 10:41:11');
INSERT INTO `rooms` (`id`, `objects_id`, `sleeps`, `room_facilities_id`, `price`, `created_at`, `updated_at`) VALUES ('102', 120, NULL, 35, '73275.44', '2016-12-29 19:55:41', '2017-10-18 10:03:06');
INSERT INTO `rooms` (`id`, `objects_id`, `sleeps`, `room_facilities_id`, `price`, `created_at`, `updated_at`) VALUES ('103', 47, NULL, 79, '19755.81', '2014-12-28 15:21:29', '2020-07-26 06:28:51');
INSERT INTO `rooms` (`id`, `objects_id`, `sleeps`, `room_facilities_id`, `price`, `created_at`, `updated_at`) VALUES ('104', 97, NULL, 170, '9140.49', '2017-04-14 08:16:21', '2012-11-23 06:04:32');
INSERT INTO `rooms` (`id`, `objects_id`, `sleeps`, `room_facilities_id`, `price`, `created_at`, `updated_at`) VALUES ('105', 36, NULL, 130, '97635.78', '2013-09-19 01:05:14', '2019-06-07 17:44:48');
INSERT INTO `rooms` (`id`, `objects_id`, `sleeps`, `room_facilities_id`, `price`, `created_at`, `updated_at`) VALUES ('106', 40, NULL, 152, '26412.71', '2010-12-29 09:48:08', '2014-09-30 21:40:18');
INSERT INTO `rooms` (`id`, `objects_id`, `sleeps`, `room_facilities_id`, `price`, `created_at`, `updated_at`) VALUES ('107', 31, NULL, 32, '38192.67', '2019-06-02 00:45:15', '2010-09-07 06:50:41');
INSERT INTO `rooms` (`id`, `objects_id`, `sleeps`, `room_facilities_id`, `price`, `created_at`, `updated_at`) VALUES ('108', 77, NULL, 188, '66268.02', '2020-04-22 16:56:48', '2019-09-16 11:24:23');
INSERT INTO `rooms` (`id`, `objects_id`, `sleeps`, `room_facilities_id`, `price`, `created_at`, `updated_at`) VALUES ('109', 63, NULL, 39, '14162.11', '2016-10-06 22:05:07', '2020-03-09 03:41:33');
INSERT INTO `rooms` (`id`, `objects_id`, `sleeps`, `room_facilities_id`, `price`, `created_at`, `updated_at`) VALUES ('110', 38, NULL, 10, '2493.54', '2011-10-10 11:31:20', '2013-04-01 12:31:17');
INSERT INTO `rooms` (`id`, `objects_id`, `sleeps`, `room_facilities_id`, `price`, `created_at`, `updated_at`) VALUES ('111', 39, NULL, 169, '3616.17', '2012-07-25 18:19:00', '2016-09-18 08:17:35');
INSERT INTO `rooms` (`id`, `objects_id`, `sleeps`, `room_facilities_id`, `price`, `created_at`, `updated_at`) VALUES ('112', 29, NULL, 22, '2632.00', '2016-05-15 08:06:35', '2017-07-20 18:47:43');
INSERT INTO `rooms` (`id`, `objects_id`, `sleeps`, `room_facilities_id`, `price`, `created_at`, `updated_at`) VALUES ('113', 4, NULL, 11, '61984.70', '2016-10-14 08:56:24', '2018-08-19 21:25:18');
INSERT INTO `rooms` (`id`, `objects_id`, `sleeps`, `room_facilities_id`, `price`, `created_at`, `updated_at`) VALUES ('114', 11, NULL, 121, '4897.02', '2016-09-14 23:21:00', '2020-03-05 03:21:59');
INSERT INTO `rooms` (`id`, `objects_id`, `sleeps`, `room_facilities_id`, `price`, `created_at`, `updated_at`) VALUES ('115', 79, NULL, 193, '5380.88', '2011-08-09 01:31:34', '2020-07-11 04:14:35');
INSERT INTO `rooms` (`id`, `objects_id`, `sleeps`, `room_facilities_id`, `price`, `created_at`, `updated_at`) VALUES ('116', 4, NULL, 128, '13382.65', '2015-02-20 06:33:01', '2015-10-19 09:24:48');
INSERT INTO `rooms` (`id`, `objects_id`, `sleeps`, `room_facilities_id`, `price`, `created_at`, `updated_at`) VALUES ('117', 104, NULL, 190, '98479.04', '2011-12-22 09:53:37', '2016-10-25 08:03:32');
INSERT INTO `rooms` (`id`, `objects_id`, `sleeps`, `room_facilities_id`, `price`, `created_at`, `updated_at`) VALUES ('118', 106, NULL, 31, '64752.92', '2018-05-02 09:50:47', '2014-08-27 04:51:03');
INSERT INTO `rooms` (`id`, `objects_id`, `sleeps`, `room_facilities_id`, `price`, `created_at`, `updated_at`) VALUES ('119', 44, NULL, 111, '66907.80', '2016-04-20 08:58:07', '2020-05-13 21:01:52');
INSERT INTO `rooms` (`id`, `objects_id`, `sleeps`, `room_facilities_id`, `price`, `created_at`, `updated_at`) VALUES ('120', 130, NULL, 122, '47580.65', '2012-10-07 16:49:51', '2014-07-26 09:26:25');
INSERT INTO `rooms` (`id`, `objects_id`, `sleeps`, `room_facilities_id`, `price`, `created_at`, `updated_at`) VALUES ('121', 27, NULL, 61, '40091.14', '2012-11-19 06:48:22', '2012-01-26 08:26:01');
INSERT INTO `rooms` (`id`, `objects_id`, `sleeps`, `room_facilities_id`, `price`, `created_at`, `updated_at`) VALUES ('122', 48, NULL, 88, '17361.04', '2012-04-15 05:54:31', '2012-11-30 06:38:29');
INSERT INTO `rooms` (`id`, `objects_id`, `sleeps`, `room_facilities_id`, `price`, `created_at`, `updated_at`) VALUES ('123', 61, NULL, 192, '66546.14', '2015-03-01 10:23:43', '2016-03-11 10:21:42');
INSERT INTO `rooms` (`id`, `objects_id`, `sleeps`, `room_facilities_id`, `price`, `created_at`, `updated_at`) VALUES ('124', 50, NULL, 189, '8927.69', '2012-02-10 22:05:42', '2014-10-31 05:31:32');
INSERT INTO `rooms` (`id`, `objects_id`, `sleeps`, `room_facilities_id`, `price`, `created_at`, `updated_at`) VALUES ('125', 20, NULL, 133, '66440.03', '2018-07-16 04:29:30', '2015-02-05 06:52:00');
INSERT INTO `rooms` (`id`, `objects_id`, `sleeps`, `room_facilities_id`, `price`, `created_at`, `updated_at`) VALUES ('126', 130, NULL, 89, '59115.23', '2019-03-02 17:09:49', '2012-02-09 12:58:59');
INSERT INTO `rooms` (`id`, `objects_id`, `sleeps`, `room_facilities_id`, `price`, `created_at`, `updated_at`) VALUES ('127', 66, NULL, 43, '15619.78', '2017-11-26 01:08:58', '2012-10-07 03:19:19');
INSERT INTO `rooms` (`id`, `objects_id`, `sleeps`, `room_facilities_id`, `price`, `created_at`, `updated_at`) VALUES ('128', 72, NULL, 107, '28287.01', '2015-02-16 14:54:08', '2016-05-09 00:52:02');
INSERT INTO `rooms` (`id`, `objects_id`, `sleeps`, `room_facilities_id`, `price`, `created_at`, `updated_at`) VALUES ('129', 35, NULL, 126, '38799.02', '2013-05-28 11:07:42', '2019-06-10 04:39:59');
INSERT INTO `rooms` (`id`, `objects_id`, `sleeps`, `room_facilities_id`, `price`, `created_at`, `updated_at`) VALUES ('130', 18, NULL, 174, '32615.33', '2011-11-29 10:55:46', '2015-08-15 06:13:55');
INSERT INTO `rooms` (`id`, `objects_id`, `sleeps`, `room_facilities_id`, `price`, `created_at`, `updated_at`) VALUES ('131', 77, NULL, 32, '13007.92', '2018-04-03 21:21:33', '2011-11-05 00:16:05');
INSERT INTO `rooms` (`id`, `objects_id`, `sleeps`, `room_facilities_id`, `price`, `created_at`, `updated_at`) VALUES ('132', 66, NULL, 78, '26913.14', '2014-08-24 02:59:37', '2018-10-09 07:18:11');
INSERT INTO `rooms` (`id`, `objects_id`, `sleeps`, `room_facilities_id`, `price`, `created_at`, `updated_at`) VALUES ('133', 14, NULL, 63, '13334.27', '2017-06-10 19:26:19', '2019-12-25 03:27:41');
INSERT INTO `rooms` (`id`, `objects_id`, `sleeps`, `room_facilities_id`, `price`, `created_at`, `updated_at`) VALUES ('134', 70, NULL, 89, '69145.76', '2019-08-30 20:43:55', '2019-01-27 01:40:02');
INSERT INTO `rooms` (`id`, `objects_id`, `sleeps`, `room_facilities_id`, `price`, `created_at`, `updated_at`) VALUES ('135', 113, NULL, 107, '4165.76', '2019-11-20 17:18:22', '2011-09-29 02:06:48');
INSERT INTO `rooms` (`id`, `objects_id`, `sleeps`, `room_facilities_id`, `price`, `created_at`, `updated_at`) VALUES ('136', 7, NULL, 15, '68872.78', '2013-03-03 07:36:45', '2015-09-09 15:44:26');
INSERT INTO `rooms` (`id`, `objects_id`, `sleeps`, `room_facilities_id`, `price`, `created_at`, `updated_at`) VALUES ('137', 110, NULL, 84, '89951.95', '2014-12-04 00:19:19', '2012-03-09 09:05:31');
INSERT INTO `rooms` (`id`, `objects_id`, `sleeps`, `room_facilities_id`, `price`, `created_at`, `updated_at`) VALUES ('138', 67, NULL, 61, '22050.03', '2015-05-31 16:14:29', '2016-07-05 19:50:39');
INSERT INTO `rooms` (`id`, `objects_id`, `sleeps`, `room_facilities_id`, `price`, `created_at`, `updated_at`) VALUES ('139', 49, NULL, 178, '11055.62', '2014-11-15 00:02:52', '2012-03-04 01:14:37');
INSERT INTO `rooms` (`id`, `objects_id`, `sleeps`, `room_facilities_id`, `price`, `created_at`, `updated_at`) VALUES ('140', 33, NULL, 104, '93727.20', '2014-07-30 17:27:24', '2017-11-01 20:53:13');
INSERT INTO `rooms` (`id`, `objects_id`, `sleeps`, `room_facilities_id`, `price`, `created_at`, `updated_at`) VALUES ('141', 72, NULL, 49, '30247.13', '2013-06-13 18:10:04', '2020-06-12 05:32:50');
INSERT INTO `rooms` (`id`, `objects_id`, `sleeps`, `room_facilities_id`, `price`, `created_at`, `updated_at`) VALUES ('142', 126, NULL, 11, '77524.75', '2019-04-17 00:35:36', '2016-10-16 20:51:13');
INSERT INTO `rooms` (`id`, `objects_id`, `sleeps`, `room_facilities_id`, `price`, `created_at`, `updated_at`) VALUES ('143', 59, NULL, 103, '84097.09', '2016-12-10 12:27:10', '2014-08-11 07:12:37');
INSERT INTO `rooms` (`id`, `objects_id`, `sleeps`, `room_facilities_id`, `price`, `created_at`, `updated_at`) VALUES ('144', 77, NULL, 143, '16266.26', '2020-04-02 04:40:33', '2015-06-15 16:53:21');
INSERT INTO `rooms` (`id`, `objects_id`, `sleeps`, `room_facilities_id`, `price`, `created_at`, `updated_at`) VALUES ('145', 19, NULL, 145, '57356.24', '2020-07-19 04:55:01', '2013-05-16 13:25:39');
INSERT INTO `rooms` (`id`, `objects_id`, `sleeps`, `room_facilities_id`, `price`, `created_at`, `updated_at`) VALUES ('146', 76, NULL, 147, '99057.69', '2018-04-17 18:54:02', '2017-10-09 21:26:25');
INSERT INTO `rooms` (`id`, `objects_id`, `sleeps`, `room_facilities_id`, `price`, `created_at`, `updated_at`) VALUES ('147', 115, NULL, 18, '96894.09', '2012-03-23 15:29:50', '2014-12-30 16:20:40');
INSERT INTO `rooms` (`id`, `objects_id`, `sleeps`, `room_facilities_id`, `price`, `created_at`, `updated_at`) VALUES ('148', 16, NULL, 198, '99618.53', '2020-08-21 06:58:55', '2019-08-21 23:56:24');
INSERT INTO `rooms` (`id`, `objects_id`, `sleeps`, `room_facilities_id`, `price`, `created_at`, `updated_at`) VALUES ('149', 52, NULL, 131, '2557.58', '2014-08-08 21:48:48', '2015-10-22 19:13:49');
INSERT INTO `rooms` (`id`, `objects_id`, `sleeps`, `room_facilities_id`, `price`, `created_at`, `updated_at`) VALUES ('150', 56, NULL, 54, '59276.34', '2016-02-05 11:28:16', '2013-03-02 19:32:00');
INSERT INTO `rooms` (`id`, `objects_id`, `sleeps`, `room_facilities_id`, `price`, `created_at`, `updated_at`) VALUES ('151', 25, NULL, 97, '29519.53', '2020-06-27 17:37:45', '2014-03-01 07:23:45');
INSERT INTO `rooms` (`id`, `objects_id`, `sleeps`, `room_facilities_id`, `price`, `created_at`, `updated_at`) VALUES ('152', 45, NULL, 6, '2130.26', '2015-10-22 03:32:18', '2013-05-14 14:24:57');
INSERT INTO `rooms` (`id`, `objects_id`, `sleeps`, `room_facilities_id`, `price`, `created_at`, `updated_at`) VALUES ('153', 117, NULL, 171, '74334.85', '2015-12-20 22:59:21', '2015-08-15 06:37:28');
INSERT INTO `rooms` (`id`, `objects_id`, `sleeps`, `room_facilities_id`, `price`, `created_at`, `updated_at`) VALUES ('154', 43, NULL, 55, '65312.69', '2019-11-25 21:08:51', '2011-02-25 07:53:13');
INSERT INTO `rooms` (`id`, `objects_id`, `sleeps`, `room_facilities_id`, `price`, `created_at`, `updated_at`) VALUES ('155', 97, NULL, 116, '49332.30', '2017-07-29 16:32:47', '2018-01-24 05:18:28');
INSERT INTO `rooms` (`id`, `objects_id`, `sleeps`, `room_facilities_id`, `price`, `created_at`, `updated_at`) VALUES ('156', 103, NULL, 59, '69570.53', '2011-08-22 15:27:35', '2013-04-24 04:21:56');
INSERT INTO `rooms` (`id`, `objects_id`, `sleeps`, `room_facilities_id`, `price`, `created_at`, `updated_at`) VALUES ('157', 107, NULL, 151, '42786.03', '2016-04-13 10:07:41', '2017-12-22 03:38:33');
INSERT INTO `rooms` (`id`, `objects_id`, `sleeps`, `room_facilities_id`, `price`, `created_at`, `updated_at`) VALUES ('158', 45, NULL, 54, '64281.44', '2019-12-13 05:44:14', '2019-05-21 14:33:32');
INSERT INTO `rooms` (`id`, `objects_id`, `sleeps`, `room_facilities_id`, `price`, `created_at`, `updated_at`) VALUES ('159', 35, NULL, 187, '50197.60', '2019-09-20 15:12:37', '2014-04-30 23:12:25');
INSERT INTO `rooms` (`id`, `objects_id`, `sleeps`, `room_facilities_id`, `price`, `created_at`, `updated_at`) VALUES ('160', 128, NULL, 82, '73900.45', '2019-08-11 22:21:38', '2017-10-03 14:03:09');
INSERT INTO `rooms` (`id`, `objects_id`, `sleeps`, `room_facilities_id`, `price`, `created_at`, `updated_at`) VALUES ('161', 86, NULL, 113, '88792.77', '2010-11-12 19:07:30', '2018-09-29 03:19:31');
INSERT INTO `rooms` (`id`, `objects_id`, `sleeps`, `room_facilities_id`, `price`, `created_at`, `updated_at`) VALUES ('162', 18, NULL, 108, '77746.36', '2016-11-11 06:16:23', '2012-07-04 07:44:26');
INSERT INTO `rooms` (`id`, `objects_id`, `sleeps`, `room_facilities_id`, `price`, `created_at`, `updated_at`) VALUES ('163', 85, NULL, 52, '25493.05', '2011-08-16 19:19:52', '2016-10-30 19:29:47');
INSERT INTO `rooms` (`id`, `objects_id`, `sleeps`, `room_facilities_id`, `price`, `created_at`, `updated_at`) VALUES ('164', 69, NULL, 10, '97531.36', '2018-05-29 00:06:51', '2016-09-11 21:23:32');
INSERT INTO `rooms` (`id`, `objects_id`, `sleeps`, `room_facilities_id`, `price`, `created_at`, `updated_at`) VALUES ('165', 119, NULL, 191, '2825.21', '2012-02-14 02:17:57', '2011-11-15 14:43:58');
INSERT INTO `rooms` (`id`, `objects_id`, `sleeps`, `room_facilities_id`, `price`, `created_at`, `updated_at`) VALUES ('166', 42, NULL, 21, '92642.97', '2019-09-25 10:43:59', '2012-12-29 19:41:42');
INSERT INTO `rooms` (`id`, `objects_id`, `sleeps`, `room_facilities_id`, `price`, `created_at`, `updated_at`) VALUES ('167', 57, NULL, 132, '61438.93', '2015-02-25 20:16:01', '2012-11-20 08:22:21');
INSERT INTO `rooms` (`id`, `objects_id`, `sleeps`, `room_facilities_id`, `price`, `created_at`, `updated_at`) VALUES ('168', 17, NULL, 68, '15747.09', '2012-08-29 17:04:02', '2015-05-15 18:43:40');
INSERT INTO `rooms` (`id`, `objects_id`, `sleeps`, `room_facilities_id`, `price`, `created_at`, `updated_at`) VALUES ('169', 67, NULL, 92, '62836.56', '2013-06-23 03:04:24', '2018-05-12 06:37:30');
INSERT INTO `rooms` (`id`, `objects_id`, `sleeps`, `room_facilities_id`, `price`, `created_at`, `updated_at`) VALUES ('170', 80, NULL, 50, '63058.49', '2012-08-10 03:59:59', '2015-01-31 09:56:29');
INSERT INTO `rooms` (`id`, `objects_id`, `sleeps`, `room_facilities_id`, `price`, `created_at`, `updated_at`) VALUES ('171', 5, NULL, 81, '18527.50', '2013-03-11 22:19:27', '2016-12-28 22:28:35');
INSERT INTO `rooms` (`id`, `objects_id`, `sleeps`, `room_facilities_id`, `price`, `created_at`, `updated_at`) VALUES ('172', 71, NULL, 171, '23748.55', '2012-07-27 00:57:11', '2019-12-09 05:31:35');
INSERT INTO `rooms` (`id`, `objects_id`, `sleeps`, `room_facilities_id`, `price`, `created_at`, `updated_at`) VALUES ('173', 21, NULL, 178, '18524.33', '2018-08-28 13:07:39', '2012-03-16 05:37:20');
INSERT INTO `rooms` (`id`, `objects_id`, `sleeps`, `room_facilities_id`, `price`, `created_at`, `updated_at`) VALUES ('174', 16, NULL, 85, '5928.10', '2011-06-23 21:49:45', '2018-01-21 13:21:38');
INSERT INTO `rooms` (`id`, `objects_id`, `sleeps`, `room_facilities_id`, `price`, `created_at`, `updated_at`) VALUES ('175', 107, NULL, 21, '81162.32', '2016-01-08 12:26:35', '2019-12-15 08:47:05');
INSERT INTO `rooms` (`id`, `objects_id`, `sleeps`, `room_facilities_id`, `price`, `created_at`, `updated_at`) VALUES ('176', 108, NULL, 95, '36865.05', '2019-02-14 06:29:30', '2011-07-27 15:46:04');
INSERT INTO `rooms` (`id`, `objects_id`, `sleeps`, `room_facilities_id`, `price`, `created_at`, `updated_at`) VALUES ('177', 87, NULL, 194, '57679.93', '2011-08-29 12:38:42', '2013-04-05 18:02:33');
INSERT INTO `rooms` (`id`, `objects_id`, `sleeps`, `room_facilities_id`, `price`, `created_at`, `updated_at`) VALUES ('178', 2, NULL, 64, '9573.42', '2013-12-10 19:41:39', '2018-08-27 02:09:38');
INSERT INTO `rooms` (`id`, `objects_id`, `sleeps`, `room_facilities_id`, `price`, `created_at`, `updated_at`) VALUES ('179', 30, NULL, 107, '13806.39', '2013-03-13 18:17:10', '2013-11-23 04:02:13');
INSERT INTO `rooms` (`id`, `objects_id`, `sleeps`, `room_facilities_id`, `price`, `created_at`, `updated_at`) VALUES ('180', 48, NULL, 27, '23830.63', '2014-03-28 20:17:18', '2011-06-15 15:45:42');
INSERT INTO `rooms` (`id`, `objects_id`, `sleeps`, `room_facilities_id`, `price`, `created_at`, `updated_at`) VALUES ('181', 64, NULL, 138, '44579.21', '2019-07-15 02:48:23', '2013-10-19 10:38:58');
INSERT INTO `rooms` (`id`, `objects_id`, `sleeps`, `room_facilities_id`, `price`, `created_at`, `updated_at`) VALUES ('182', 31, NULL, 186, '3184.36', '2019-12-22 18:28:32', '2012-03-09 00:56:38');
INSERT INTO `rooms` (`id`, `objects_id`, `sleeps`, `room_facilities_id`, `price`, `created_at`, `updated_at`) VALUES ('183', 45, NULL, 73, '12256.14', '2015-05-25 18:08:24', '2012-12-09 09:14:16');
INSERT INTO `rooms` (`id`, `objects_id`, `sleeps`, `room_facilities_id`, `price`, `created_at`, `updated_at`) VALUES ('184', 35, NULL, 171, '45619.26', '2015-09-15 18:42:44', '2011-10-25 01:06:10');
INSERT INTO `rooms` (`id`, `objects_id`, `sleeps`, `room_facilities_id`, `price`, `created_at`, `updated_at`) VALUES ('185', 108, NULL, 175, '53695.90', '2016-08-25 00:44:52', '2017-11-09 04:19:58');
INSERT INTO `rooms` (`id`, `objects_id`, `sleeps`, `room_facilities_id`, `price`, `created_at`, `updated_at`) VALUES ('186', 13, NULL, 172, '64517.95', '2017-02-10 02:03:43', '2016-06-01 09:38:15');
INSERT INTO `rooms` (`id`, `objects_id`, `sleeps`, `room_facilities_id`, `price`, `created_at`, `updated_at`) VALUES ('187', 36, NULL, 128, '91933.91', '2013-02-25 14:09:12', '2016-06-30 23:08:56');
INSERT INTO `rooms` (`id`, `objects_id`, `sleeps`, `room_facilities_id`, `price`, `created_at`, `updated_at`) VALUES ('188', 93, NULL, 86, '62224.65', '2020-07-22 00:11:35', '2015-01-03 00:46:15');
INSERT INTO `rooms` (`id`, `objects_id`, `sleeps`, `room_facilities_id`, `price`, `created_at`, `updated_at`) VALUES ('189', 69, NULL, 167, '33600.05', '2011-08-15 06:47:57', '2014-10-27 05:11:36');
INSERT INTO `rooms` (`id`, `objects_id`, `sleeps`, `room_facilities_id`, `price`, `created_at`, `updated_at`) VALUES ('190', 111, NULL, 69, '33718.31', '2011-12-04 03:39:31', '2018-01-15 11:17:34');
INSERT INTO `rooms` (`id`, `objects_id`, `sleeps`, `room_facilities_id`, `price`, `created_at`, `updated_at`) VALUES ('191', 123, NULL, 136, '28611.41', '2014-07-18 05:12:16', '2018-04-04 23:05:10');
INSERT INTO `rooms` (`id`, `objects_id`, `sleeps`, `room_facilities_id`, `price`, `created_at`, `updated_at`) VALUES ('192', 106, NULL, 122, '82754.27', '2013-06-05 09:49:16', '2012-05-12 18:21:23');
INSERT INTO `rooms` (`id`, `objects_id`, `sleeps`, `room_facilities_id`, `price`, `created_at`, `updated_at`) VALUES ('193', 85, NULL, 165, '18906.78', '2018-10-05 17:42:04', '2012-09-05 22:29:01');
INSERT INTO `rooms` (`id`, `objects_id`, `sleeps`, `room_facilities_id`, `price`, `created_at`, `updated_at`) VALUES ('194', 121, NULL, 175, '92188.89', '2020-05-03 08:28:39', '2015-12-31 01:25:45');
INSERT INTO `rooms` (`id`, `objects_id`, `sleeps`, `room_facilities_id`, `price`, `created_at`, `updated_at`) VALUES ('195', 47, NULL, 59, '79156.35', '2013-05-13 04:04:27', '2020-07-21 10:18:27');
INSERT INTO `rooms` (`id`, `objects_id`, `sleeps`, `room_facilities_id`, `price`, `created_at`, `updated_at`) VALUES ('196', 1, NULL, 170, '25637.10', '2013-04-29 19:41:40', '2017-08-11 02:39:31');
INSERT INTO `rooms` (`id`, `objects_id`, `sleeps`, `room_facilities_id`, `price`, `created_at`, `updated_at`) VALUES ('197', 128, NULL, 49, '27967.20', '2020-02-22 15:19:31', '2017-06-24 17:03:25');
INSERT INTO `rooms` (`id`, `objects_id`, `sleeps`, `room_facilities_id`, `price`, `created_at`, `updated_at`) VALUES ('198', 101, NULL, 65, '58788.70', '2018-11-20 08:40:13', '2017-01-04 15:08:53');
INSERT INTO `rooms` (`id`, `objects_id`, `sleeps`, `room_facilities_id`, `price`, `created_at`, `updated_at`) VALUES ('199', 79, NULL, 7, '5107.30', '2013-08-17 00:09:55', '2010-09-22 20:04:17');
INSERT INTO `rooms` (`id`, `objects_id`, `sleeps`, `room_facilities_id`, `price`, `created_at`, `updated_at`) VALUES ('200', 23, NULL, 86, '91373.51', '2020-05-05 14:55:51', '2015-08-03 05:20:43');
INSERT INTO `rooms` (`id`, `objects_id`, `sleeps`, `room_facilities_id`, `price`, `created_at`, `updated_at`) VALUES ('201', 118, NULL, 55, '86440.90', '2012-07-28 15:21:24', '2015-11-27 17:24:41');
INSERT INTO `rooms` (`id`, `objects_id`, `sleeps`, `room_facilities_id`, `price`, `created_at`, `updated_at`) VALUES ('202', 38, NULL, 35, '27858.58', '2013-10-11 05:54:35', '2010-10-12 09:42:12');
INSERT INTO `rooms` (`id`, `objects_id`, `sleeps`, `room_facilities_id`, `price`, `created_at`, `updated_at`) VALUES ('203', 119, NULL, 1, '99694.38', '2016-01-13 17:31:49', '2016-08-02 20:09:48');
INSERT INTO `rooms` (`id`, `objects_id`, `sleeps`, `room_facilities_id`, `price`, `created_at`, `updated_at`) VALUES ('204', 78, NULL, 87, '54154.62', '2014-09-21 14:36:14', '2020-02-14 13:23:18');
INSERT INTO `rooms` (`id`, `objects_id`, `sleeps`, `room_facilities_id`, `price`, `created_at`, `updated_at`) VALUES ('205', 109, NULL, 90, '90280.69', '2019-06-09 01:36:59', '2016-03-25 14:38:43');
INSERT INTO `rooms` (`id`, `objects_id`, `sleeps`, `room_facilities_id`, `price`, `created_at`, `updated_at`) VALUES ('206', 101, NULL, 155, '5021.30', '2013-07-15 07:19:27', '2016-06-10 22:46:44');
INSERT INTO `rooms` (`id`, `objects_id`, `sleeps`, `room_facilities_id`, `price`, `created_at`, `updated_at`) VALUES ('207', 17, NULL, 119, '26591.93', '2018-03-01 21:16:11', '2011-11-08 09:12:05');
INSERT INTO `rooms` (`id`, `objects_id`, `sleeps`, `room_facilities_id`, `price`, `created_at`, `updated_at`) VALUES ('208', 50, NULL, 156, '11070.51', '2015-06-25 16:31:04', '2013-11-27 15:43:06');
INSERT INTO `rooms` (`id`, `objects_id`, `sleeps`, `room_facilities_id`, `price`, `created_at`, `updated_at`) VALUES ('209', 54, NULL, 62, '80421.17', '2019-06-19 13:36:37', '2017-07-28 01:32:46');
INSERT INTO `rooms` (`id`, `objects_id`, `sleeps`, `room_facilities_id`, `price`, `created_at`, `updated_at`) VALUES ('210', 85, NULL, 154, '14320.10', '2015-06-10 09:13:56', '2016-09-23 07:43:02');
INSERT INTO `rooms` (`id`, `objects_id`, `sleeps`, `room_facilities_id`, `price`, `created_at`, `updated_at`) VALUES ('211', 78, NULL, 131, '85037.02', '2011-05-26 18:58:20', '2017-02-27 06:10:14');
INSERT INTO `rooms` (`id`, `objects_id`, `sleeps`, `room_facilities_id`, `price`, `created_at`, `updated_at`) VALUES ('212', 80, NULL, 116, '62945.44', '2012-01-29 20:02:32', '2020-05-30 08:39:16');
INSERT INTO `rooms` (`id`, `objects_id`, `sleeps`, `room_facilities_id`, `price`, `created_at`, `updated_at`) VALUES ('213', 117, NULL, 78, '88722.11', '2019-08-13 18:01:42', '2013-01-22 18:14:54');
INSERT INTO `rooms` (`id`, `objects_id`, `sleeps`, `room_facilities_id`, `price`, `created_at`, `updated_at`) VALUES ('214', 117, NULL, 101, '96477.59', '2020-03-27 03:12:43', '2014-07-23 12:56:17');
INSERT INTO `rooms` (`id`, `objects_id`, `sleeps`, `room_facilities_id`, `price`, `created_at`, `updated_at`) VALUES ('215', 55, NULL, 14, '83527.98', '2015-10-07 11:46:52', '2019-12-11 20:05:36');
INSERT INTO `rooms` (`id`, `objects_id`, `sleeps`, `room_facilities_id`, `price`, `created_at`, `updated_at`) VALUES ('216', 122, NULL, 65, '72955.65', '2013-08-27 01:41:49', '2010-09-24 02:03:42');
INSERT INTO `rooms` (`id`, `objects_id`, `sleeps`, `room_facilities_id`, `price`, `created_at`, `updated_at`) VALUES ('217', 45, NULL, 45, '75514.36', '2015-04-10 11:47:02', '2015-12-07 13:48:57');
INSERT INTO `rooms` (`id`, `objects_id`, `sleeps`, `room_facilities_id`, `price`, `created_at`, `updated_at`) VALUES ('218', 65, NULL, 51, '31970.77', '2014-03-08 12:21:45', '2018-03-09 20:08:20');
INSERT INTO `rooms` (`id`, `objects_id`, `sleeps`, `room_facilities_id`, `price`, `created_at`, `updated_at`) VALUES ('219', 29, NULL, 19, '26045.16', '2016-12-22 19:40:23', '2013-01-29 03:13:16');
INSERT INTO `rooms` (`id`, `objects_id`, `sleeps`, `room_facilities_id`, `price`, `created_at`, `updated_at`) VALUES ('220', 90, NULL, 12, '93042.50', '2014-05-12 00:49:10', '2015-05-02 08:32:41');
INSERT INTO `rooms` (`id`, `objects_id`, `sleeps`, `room_facilities_id`, `price`, `created_at`, `updated_at`) VALUES ('221', 71, NULL, 93, '72332.98', '2015-05-30 02:33:08', '2016-09-21 10:30:27');
INSERT INTO `rooms` (`id`, `objects_id`, `sleeps`, `room_facilities_id`, `price`, `created_at`, `updated_at`) VALUES ('222', 109, NULL, 134, '44689.00', '2017-09-19 02:59:19', '2017-08-16 00:44:45');
INSERT INTO `rooms` (`id`, `objects_id`, `sleeps`, `room_facilities_id`, `price`, `created_at`, `updated_at`) VALUES ('223', 7, NULL, 43, '60971.94', '2017-05-22 13:57:54', '2019-06-02 20:10:26');
INSERT INTO `rooms` (`id`, `objects_id`, `sleeps`, `room_facilities_id`, `price`, `created_at`, `updated_at`) VALUES ('224', 58, NULL, 94, '66953.25', '2020-02-04 20:10:58', '2015-04-21 23:36:43');
INSERT INTO `rooms` (`id`, `objects_id`, `sleeps`, `room_facilities_id`, `price`, `created_at`, `updated_at`) VALUES ('225', 68, NULL, 19, '55137.77', '2013-02-18 09:59:22', '2019-04-28 23:32:18');
INSERT INTO `rooms` (`id`, `objects_id`, `sleeps`, `room_facilities_id`, `price`, `created_at`, `updated_at`) VALUES ('226', 31, NULL, 24, '6585.00', '2014-03-27 09:17:35', '2014-03-01 06:53:50');
INSERT INTO `rooms` (`id`, `objects_id`, `sleeps`, `room_facilities_id`, `price`, `created_at`, `updated_at`) VALUES ('227', 98, NULL, 171, '45169.19', '2018-06-11 22:40:44', '2017-02-12 10:00:32');
INSERT INTO `rooms` (`id`, `objects_id`, `sleeps`, `room_facilities_id`, `price`, `created_at`, `updated_at`) VALUES ('228', 91, NULL, 129, '85118.63', '2018-09-03 11:27:37', '2015-10-16 16:22:24');
INSERT INTO `rooms` (`id`, `objects_id`, `sleeps`, `room_facilities_id`, `price`, `created_at`, `updated_at`) VALUES ('229', 31, NULL, 119, '34010.15', '2020-01-14 09:35:35', '2018-12-13 22:15:35');
INSERT INTO `rooms` (`id`, `objects_id`, `sleeps`, `room_facilities_id`, `price`, `created_at`, `updated_at`) VALUES ('230', 20, NULL, 132, '63537.83', '2014-06-22 10:40:37', '2019-01-14 00:35:49');
INSERT INTO `rooms` (`id`, `objects_id`, `sleeps`, `room_facilities_id`, `price`, `created_at`, `updated_at`) VALUES ('231', 86, NULL, 17, '83323.87', '2013-06-04 22:24:59', '2017-11-13 15:48:44');
INSERT INTO `rooms` (`id`, `objects_id`, `sleeps`, `room_facilities_id`, `price`, `created_at`, `updated_at`) VALUES ('232', 128, NULL, 1, '79909.75', '2019-08-18 04:55:38', '2017-01-31 16:23:09');
INSERT INTO `rooms` (`id`, `objects_id`, `sleeps`, `room_facilities_id`, `price`, `created_at`, `updated_at`) VALUES ('233', 40, NULL, 95, '59731.56', '2019-09-30 20:07:43', '2011-03-26 06:35:51');
INSERT INTO `rooms` (`id`, `objects_id`, `sleeps`, `room_facilities_id`, `price`, `created_at`, `updated_at`) VALUES ('234', 33, NULL, 105, '86660.33', '2013-12-17 10:08:47', '2015-11-19 15:47:57');
INSERT INTO `rooms` (`id`, `objects_id`, `sleeps`, `room_facilities_id`, `price`, `created_at`, `updated_at`) VALUES ('235', 74, NULL, 188, '70857.76', '2011-07-01 22:42:18', '2016-06-08 15:56:58');
INSERT INTO `rooms` (`id`, `objects_id`, `sleeps`, `room_facilities_id`, `price`, `created_at`, `updated_at`) VALUES ('236', 76, NULL, 22, '55805.91', '2014-02-05 20:00:02', '2019-07-07 23:37:48');
INSERT INTO `rooms` (`id`, `objects_id`, `sleeps`, `room_facilities_id`, `price`, `created_at`, `updated_at`) VALUES ('237', 53, NULL, 83, '75053.66', '2013-08-19 14:21:06', '2019-02-25 03:51:01');
INSERT INTO `rooms` (`id`, `objects_id`, `sleeps`, `room_facilities_id`, `price`, `created_at`, `updated_at`) VALUES ('238', 102, NULL, 92, '24362.52', '2020-01-02 00:21:21', '2013-05-30 00:08:35');
INSERT INTO `rooms` (`id`, `objects_id`, `sleeps`, `room_facilities_id`, `price`, `created_at`, `updated_at`) VALUES ('239', 82, NULL, 45, '44240.19', '2020-02-12 23:19:48', '2015-06-23 04:04:29');
INSERT INTO `rooms` (`id`, `objects_id`, `sleeps`, `room_facilities_id`, `price`, `created_at`, `updated_at`) VALUES ('240', 120, NULL, 29, '21676.85', '2019-08-16 12:49:26', '2013-08-27 11:22:28');
INSERT INTO `rooms` (`id`, `objects_id`, `sleeps`, `room_facilities_id`, `price`, `created_at`, `updated_at`) VALUES ('241', 42, NULL, 32, '61546.53', '2019-08-19 10:08:46', '2017-10-29 07:59:19');
INSERT INTO `rooms` (`id`, `objects_id`, `sleeps`, `room_facilities_id`, `price`, `created_at`, `updated_at`) VALUES ('242', 34, NULL, 13, '66231.11', '2011-01-21 11:53:38', '2013-07-23 06:12:51');
INSERT INTO `rooms` (`id`, `objects_id`, `sleeps`, `room_facilities_id`, `price`, `created_at`, `updated_at`) VALUES ('243', 2, NULL, 191, '16398.26', '2015-11-23 00:21:27', '2014-08-15 01:05:31');
INSERT INTO `rooms` (`id`, `objects_id`, `sleeps`, `room_facilities_id`, `price`, `created_at`, `updated_at`) VALUES ('244', 92, NULL, 50, '39797.05', '2018-07-22 03:24:37', '2017-12-14 05:10:12');
INSERT INTO `rooms` (`id`, `objects_id`, `sleeps`, `room_facilities_id`, `price`, `created_at`, `updated_at`) VALUES ('245', 71, NULL, 171, '47638.34', '2012-11-25 16:30:11', '2011-12-03 07:11:43');
INSERT INTO `rooms` (`id`, `objects_id`, `sleeps`, `room_facilities_id`, `price`, `created_at`, `updated_at`) VALUES ('246', 118, NULL, 41, '82221.86', '2020-08-11 21:18:14', '2018-01-20 00:11:38');
INSERT INTO `rooms` (`id`, `objects_id`, `sleeps`, `room_facilities_id`, `price`, `created_at`, `updated_at`) VALUES ('247', 122, NULL, 177, '58790.07', '2014-09-15 21:37:27', '2010-09-28 08:57:03');
INSERT INTO `rooms` (`id`, `objects_id`, `sleeps`, `room_facilities_id`, `price`, `created_at`, `updated_at`) VALUES ('248', 27, NULL, 48, '79543.94', '2019-07-18 12:55:19', '2020-06-25 05:02:49');
INSERT INTO `rooms` (`id`, `objects_id`, `sleeps`, `room_facilities_id`, `price`, `created_at`, `updated_at`) VALUES ('249', 47, NULL, 92, '83147.93', '2018-04-25 20:45:35', '2019-05-15 17:29:26');
INSERT INTO `rooms` (`id`, `objects_id`, `sleeps`, `room_facilities_id`, `price`, `created_at`, `updated_at`) VALUES ('250', 99, NULL, 185, '98095.84', '2013-06-06 05:47:42', '2016-03-15 00:34:35');
INSERT INTO `rooms` (`id`, `objects_id`, `sleeps`, `room_facilities_id`, `price`, `created_at`, `updated_at`) VALUES ('251', 52, NULL, 69, '11966.35', '2010-10-14 03:23:18', '2016-10-27 09:49:01');
INSERT INTO `rooms` (`id`, `objects_id`, `sleeps`, `room_facilities_id`, `price`, `created_at`, `updated_at`) VALUES ('252', 5, NULL, 160, '62774.23', '2018-06-21 04:28:57', '2016-08-24 02:22:12');
INSERT INTO `rooms` (`id`, `objects_id`, `sleeps`, `room_facilities_id`, `price`, `created_at`, `updated_at`) VALUES ('253', 98, NULL, 163, '32038.57', '2014-02-04 03:17:35', '2011-07-13 01:41:59');
INSERT INTO `rooms` (`id`, `objects_id`, `sleeps`, `room_facilities_id`, `price`, `created_at`, `updated_at`) VALUES ('254', 34, NULL, 76, '40490.95', '2012-06-11 15:01:04', '2012-09-14 07:01:02');
INSERT INTO `rooms` (`id`, `objects_id`, `sleeps`, `room_facilities_id`, `price`, `created_at`, `updated_at`) VALUES ('255', 5, NULL, 36, '56202.26', '2016-03-01 04:22:15', '2018-11-15 08:41:44');
INSERT INTO `rooms` (`id`, `objects_id`, `sleeps`, `room_facilities_id`, `price`, `created_at`, `updated_at`) VALUES ('256', 69, NULL, 71, '85084.72', '2014-05-26 11:00:57', '2019-02-14 00:40:35');
INSERT INTO `rooms` (`id`, `objects_id`, `sleeps`, `room_facilities_id`, `price`, `created_at`, `updated_at`) VALUES ('257', 44, NULL, 157, '19195.24', '2017-02-17 03:07:21', '2016-09-06 12:08:44');
INSERT INTO `rooms` (`id`, `objects_id`, `sleeps`, `room_facilities_id`, `price`, `created_at`, `updated_at`) VALUES ('258', 54, NULL, 69, '43363.23', '2011-05-23 17:21:42', '2019-06-11 05:42:24');
INSERT INTO `rooms` (`id`, `objects_id`, `sleeps`, `room_facilities_id`, `price`, `created_at`, `updated_at`) VALUES ('259', 97, NULL, 24, '42060.70', '2018-04-19 01:09:16', '2012-09-10 00:51:15');
INSERT INTO `rooms` (`id`, `objects_id`, `sleeps`, `room_facilities_id`, `price`, `created_at`, `updated_at`) VALUES ('260', 77, NULL, 57, '99672.03', '2010-12-22 05:49:22', '2012-06-28 06:33:34');
INSERT INTO `rooms` (`id`, `objects_id`, `sleeps`, `room_facilities_id`, `price`, `created_at`, `updated_at`) VALUES ('261', 127, NULL, 99, '66610.96', '2016-07-06 08:59:58', '2013-06-16 15:06:46');
INSERT INTO `rooms` (`id`, `objects_id`, `sleeps`, `room_facilities_id`, `price`, `created_at`, `updated_at`) VALUES ('262', 64, NULL, 182, '86460.15', '2016-03-28 16:33:14', '2017-02-14 13:15:34');
INSERT INTO `rooms` (`id`, `objects_id`, `sleeps`, `room_facilities_id`, `price`, `created_at`, `updated_at`) VALUES ('263', 49, NULL, 139, '70275.84', '2012-12-06 05:13:51', '2020-01-05 16:18:03');
INSERT INTO `rooms` (`id`, `objects_id`, `sleeps`, `room_facilities_id`, `price`, `created_at`, `updated_at`) VALUES ('264', 19, NULL, 146, '18057.89', '2017-09-04 04:38:26', '2019-01-06 14:58:05');
INSERT INTO `rooms` (`id`, `objects_id`, `sleeps`, `room_facilities_id`, `price`, `created_at`, `updated_at`) VALUES ('265', 20, NULL, 181, '58255.19', '2015-09-25 19:28:00', '2011-11-30 09:59:18');
INSERT INTO `rooms` (`id`, `objects_id`, `sleeps`, `room_facilities_id`, `price`, `created_at`, `updated_at`) VALUES ('266', 85, NULL, 110, '85354.26', '2014-04-11 01:48:29', '2014-02-23 16:10:19');
INSERT INTO `rooms` (`id`, `objects_id`, `sleeps`, `room_facilities_id`, `price`, `created_at`, `updated_at`) VALUES ('267', 32, NULL, 137, '31251.36', '2017-01-16 03:08:56', '2016-02-22 21:00:57');
INSERT INTO `rooms` (`id`, `objects_id`, `sleeps`, `room_facilities_id`, `price`, `created_at`, `updated_at`) VALUES ('268', 46, NULL, 200, '36950.24', '2019-11-13 02:08:34', '2016-04-09 06:14:25');
INSERT INTO `rooms` (`id`, `objects_id`, `sleeps`, `room_facilities_id`, `price`, `created_at`, `updated_at`) VALUES ('269', 65, NULL, 121, '11268.11', '2017-02-09 04:06:40', '2017-03-18 15:25:21');
INSERT INTO `rooms` (`id`, `objects_id`, `sleeps`, `room_facilities_id`, `price`, `created_at`, `updated_at`) VALUES ('270', 49, NULL, 106, '3893.64', '2016-08-20 21:22:37', '2014-10-24 01:39:39');
INSERT INTO `rooms` (`id`, `objects_id`, `sleeps`, `room_facilities_id`, `price`, `created_at`, `updated_at`) VALUES ('271', 102, NULL, 181, '13610.53', '2012-06-20 01:30:23', '2012-01-08 18:15:29');
INSERT INTO `rooms` (`id`, `objects_id`, `sleeps`, `room_facilities_id`, `price`, `created_at`, `updated_at`) VALUES ('272', 115, NULL, 23, '38826.89', '2011-12-22 00:53:54', '2011-01-19 08:47:10');
INSERT INTO `rooms` (`id`, `objects_id`, `sleeps`, `room_facilities_id`, `price`, `created_at`, `updated_at`) VALUES ('273', 90, NULL, 59, '73280.64', '2017-11-29 22:16:07', '2020-08-03 01:41:22');
INSERT INTO `rooms` (`id`, `objects_id`, `sleeps`, `room_facilities_id`, `price`, `created_at`, `updated_at`) VALUES ('274', 59, NULL, 85, '973.39', '2011-04-16 12:48:46', '2013-09-13 14:54:24');
INSERT INTO `rooms` (`id`, `objects_id`, `sleeps`, `room_facilities_id`, `price`, `created_at`, `updated_at`) VALUES ('275', 54, NULL, 9, '32889.39', '2011-08-10 22:13:14', '2016-09-18 14:40:26');
INSERT INTO `rooms` (`id`, `objects_id`, `sleeps`, `room_facilities_id`, `price`, `created_at`, `updated_at`) VALUES ('276', 93, NULL, 78, '61999.99', '2014-10-12 01:46:23', '2018-07-20 07:02:43');
INSERT INTO `rooms` (`id`, `objects_id`, `sleeps`, `room_facilities_id`, `price`, `created_at`, `updated_at`) VALUES ('277', 70, NULL, 40, '672.27', '2012-04-26 03:54:19', '2012-09-29 05:14:15');
INSERT INTO `rooms` (`id`, `objects_id`, `sleeps`, `room_facilities_id`, `price`, `created_at`, `updated_at`) VALUES ('278', 39, NULL, 182, '843.09', '2015-07-22 04:08:31', '2015-02-10 04:07:31');
INSERT INTO `rooms` (`id`, `objects_id`, `sleeps`, `room_facilities_id`, `price`, `created_at`, `updated_at`) VALUES ('279', 116, NULL, 89, '20755.48', '2014-02-09 23:44:25', '2011-09-29 22:38:20');
INSERT INTO `rooms` (`id`, `objects_id`, `sleeps`, `room_facilities_id`, `price`, `created_at`, `updated_at`) VALUES ('280', 83, NULL, 9, '89218.96', '2017-06-28 09:25:00', '2010-11-08 06:25:44');
INSERT INTO `rooms` (`id`, `objects_id`, `sleeps`, `room_facilities_id`, `price`, `created_at`, `updated_at`) VALUES ('281', 45, NULL, 58, '45195.09', '2017-07-13 15:55:13', '2014-09-16 23:20:37');
INSERT INTO `rooms` (`id`, `objects_id`, `sleeps`, `room_facilities_id`, `price`, `created_at`, `updated_at`) VALUES ('282', 78, NULL, 118, '53115.35', '2020-05-07 16:42:48', '2012-11-21 20:27:49');
INSERT INTO `rooms` (`id`, `objects_id`, `sleeps`, `room_facilities_id`, `price`, `created_at`, `updated_at`) VALUES ('283', 126, NULL, 189, '2820.65', '2012-02-25 07:42:32', '2020-08-10 11:49:36');
INSERT INTO `rooms` (`id`, `objects_id`, `sleeps`, `room_facilities_id`, `price`, `created_at`, `updated_at`) VALUES ('284', 77, NULL, 93, '70052.57', '2015-05-05 22:16:09', '2018-04-25 19:42:37');
INSERT INTO `rooms` (`id`, `objects_id`, `sleeps`, `room_facilities_id`, `price`, `created_at`, `updated_at`) VALUES ('285', 71, NULL, 193, '76136.99', '2012-08-14 19:03:10', '2014-02-11 17:43:00');
INSERT INTO `rooms` (`id`, `objects_id`, `sleeps`, `room_facilities_id`, `price`, `created_at`, `updated_at`) VALUES ('286', 130, NULL, 65, '76613.07', '2017-12-24 06:21:50', '2012-11-08 05:16:59');
INSERT INTO `rooms` (`id`, `objects_id`, `sleeps`, `room_facilities_id`, `price`, `created_at`, `updated_at`) VALUES ('287', 113, NULL, 175, '66794.27', '2016-03-14 04:27:12', '2013-10-11 03:58:29');
INSERT INTO `rooms` (`id`, `objects_id`, `sleeps`, `room_facilities_id`, `price`, `created_at`, `updated_at`) VALUES ('288', 57, NULL, 110, '95933.08', '2016-07-06 20:00:20', '2020-01-30 12:42:41');
INSERT INTO `rooms` (`id`, `objects_id`, `sleeps`, `room_facilities_id`, `price`, `created_at`, `updated_at`) VALUES ('289', 22, NULL, 178, '43910.06', '2019-10-15 07:45:52', '2018-04-03 15:29:52');
INSERT INTO `rooms` (`id`, `objects_id`, `sleeps`, `room_facilities_id`, `price`, `created_at`, `updated_at`) VALUES ('290', 127, NULL, 116, '49858.69', '2014-12-31 16:45:53', '2018-01-05 01:24:55');
INSERT INTO `rooms` (`id`, `objects_id`, `sleeps`, `room_facilities_id`, `price`, `created_at`, `updated_at`) VALUES ('291', 121, NULL, 137, '7086.90', '2015-12-05 02:05:28', '2015-01-10 04:56:14');
INSERT INTO `rooms` (`id`, `objects_id`, `sleeps`, `room_facilities_id`, `price`, `created_at`, `updated_at`) VALUES ('292', 126, NULL, 93, '93776.49', '2015-12-09 11:38:04', '2014-10-18 12:15:19');
INSERT INTO `rooms` (`id`, `objects_id`, `sleeps`, `room_facilities_id`, `price`, `created_at`, `updated_at`) VALUES ('293', 115, NULL, 53, '75120.61', '2016-05-01 08:00:22', '2016-10-08 00:08:10');
INSERT INTO `rooms` (`id`, `objects_id`, `sleeps`, `room_facilities_id`, `price`, `created_at`, `updated_at`) VALUES ('294', 48, NULL, 155, '12437.91', '2020-04-19 13:58:30', '2013-08-05 05:26:37');
INSERT INTO `rooms` (`id`, `objects_id`, `sleeps`, `room_facilities_id`, `price`, `created_at`, `updated_at`) VALUES ('295', 92, NULL, 1, '99642.92', '2014-01-02 16:39:20', '2013-07-22 23:25:53');
INSERT INTO `rooms` (`id`, `objects_id`, `sleeps`, `room_facilities_id`, `price`, `created_at`, `updated_at`) VALUES ('296', 106, NULL, 9, '75949.15', '2015-07-26 19:54:00', '2018-07-24 02:48:05');
INSERT INTO `rooms` (`id`, `objects_id`, `sleeps`, `room_facilities_id`, `price`, `created_at`, `updated_at`) VALUES ('297', 38, NULL, 82, '99653.20', '2018-08-14 13:05:11', '2011-04-01 07:48:42');
INSERT INTO `rooms` (`id`, `objects_id`, `sleeps`, `room_facilities_id`, `price`, `created_at`, `updated_at`) VALUES ('298', 83, NULL, 52, '16266.09', '2018-02-13 22:56:51', '2015-11-23 07:53:38');
INSERT INTO `rooms` (`id`, `objects_id`, `sleeps`, `room_facilities_id`, `price`, `created_at`, `updated_at`) VALUES ('299', 46, NULL, 44, '47848.04', '2012-10-25 19:05:55', '2019-12-18 01:30:45');
INSERT INTO `rooms` (`id`, `objects_id`, `sleeps`, `room_facilities_id`, `price`, `created_at`, `updated_at`) VALUES ('300', 94, NULL, 179, '36884.44', '2018-03-29 17:23:12', '2018-04-02 07:41:54');

#
# TABLE STRUCTURE FOR: periods
#

INSERT INTO `periods` (`id`, `rooms_id`, `check_in`, `check_out`, `created_at`, `updeted_at`) VALUES ('1', 112, '1992-01-21 00:00:00', '2011-05-20 00:00:00', '2016-02-18 19:27:34', '2020-08-20 13:49:56');
INSERT INTO `periods` (`id`, `rooms_id`, `check_in`, `check_out`, `created_at`, `updeted_at`) VALUES ('2', 174, '2014-04-15 00:00:00', '1981-05-10 00:00:00', '2017-03-12 19:37:17', '2020-02-22 22:25:16');
INSERT INTO `periods` (`id`, `rooms_id`, `check_in`, `check_out`, `created_at`, `updeted_at`) VALUES ('3', 88, '1973-01-09 00:00:00', '2012-07-08 00:00:00', '2011-02-04 00:52:14', '2012-03-02 11:42:24');
INSERT INTO `periods` (`id`, `rooms_id`, `check_in`, `check_out`, `created_at`, `updeted_at`) VALUES ('4', 82, '2004-11-08 00:00:00', '1977-10-24 00:00:00', '2011-01-15 02:51:37', '2012-07-24 17:29:22');
INSERT INTO `periods` (`id`, `rooms_id`, `check_in`, `check_out`, `created_at`, `updeted_at`) VALUES ('5', 251, '2008-06-12 00:00:00', '1994-07-10 00:00:00', '2011-01-02 13:02:54', '2019-05-16 00:32:39');
INSERT INTO `periods` (`id`, `rooms_id`, `check_in`, `check_out`, `created_at`, `updeted_at`) VALUES ('6', 201, '1975-12-24 00:00:00', '1999-04-13 00:00:00', '2010-09-06 18:40:32', '2013-01-28 05:32:25');
INSERT INTO `periods` (`id`, `rooms_id`, `check_in`, `check_out`, `created_at`, `updeted_at`) VALUES ('7', 74, '2016-03-24 00:00:00', '1990-03-09 00:00:00', '2013-05-26 17:04:47', '2015-01-28 09:31:16');
INSERT INTO `periods` (`id`, `rooms_id`, `check_in`, `check_out`, `created_at`, `updeted_at`) VALUES ('8', 127, '2020-05-27 00:00:00', '1994-01-01 00:00:00', '2019-05-23 08:46:52', '2018-05-31 06:35:35');
INSERT INTO `periods` (`id`, `rooms_id`, `check_in`, `check_out`, `created_at`, `updeted_at`) VALUES ('9', 286, '1972-03-21 00:00:00', '2014-05-08 00:00:00', '2018-11-04 23:21:05', '2010-11-28 17:30:13');
INSERT INTO `periods` (`id`, `rooms_id`, `check_in`, `check_out`, `created_at`, `updeted_at`) VALUES ('10', 23, '2011-04-08 00:00:00', '1976-05-17 00:00:00', '2017-12-28 23:58:21', '2017-11-26 04:37:56');
INSERT INTO `periods` (`id`, `rooms_id`, `check_in`, `check_out`, `created_at`, `updeted_at`) VALUES ('11', 16, '2018-10-26 00:00:00', '2009-06-13 00:00:00', '2010-12-17 13:40:41', '2020-03-11 11:58:47');
INSERT INTO `periods` (`id`, `rooms_id`, `check_in`, `check_out`, `created_at`, `updeted_at`) VALUES ('12', 141, '1995-07-20 00:00:00', '1987-06-13 00:00:00', '2018-03-25 03:02:48', '2017-02-14 21:27:21');
INSERT INTO `periods` (`id`, `rooms_id`, `check_in`, `check_out`, `created_at`, `updeted_at`) VALUES ('13', 284, '2012-12-21 00:00:00', '2011-05-24 00:00:00', '2017-02-08 14:09:57', '2013-06-17 22:46:09');
INSERT INTO `periods` (`id`, `rooms_id`, `check_in`, `check_out`, `created_at`, `updeted_at`) VALUES ('14', 147, '1994-12-25 00:00:00', '1993-02-20 00:00:00', '2015-02-26 03:58:50', '2014-11-17 16:50:55');
INSERT INTO `periods` (`id`, `rooms_id`, `check_in`, `check_out`, `created_at`, `updeted_at`) VALUES ('15', 186, '2018-06-21 00:00:00', '1973-10-20 00:00:00', '2016-06-23 06:43:32', '2014-10-19 14:16:33');
INSERT INTO `periods` (`id`, `rooms_id`, `check_in`, `check_out`, `created_at`, `updeted_at`) VALUES ('16', 225, '2002-05-26 00:00:00', '1992-05-24 00:00:00', '2018-08-23 10:36:21', '2017-09-12 07:31:03');
INSERT INTO `periods` (`id`, `rooms_id`, `check_in`, `check_out`, `created_at`, `updeted_at`) VALUES ('17', 25, '2008-03-09 00:00:00', '1992-06-08 00:00:00', '2015-06-15 02:03:17', '2013-10-06 15:36:08');
INSERT INTO `periods` (`id`, `rooms_id`, `check_in`, `check_out`, `created_at`, `updeted_at`) VALUES ('18', 57, '2016-03-17 00:00:00', '1990-01-02 00:00:00', '2018-12-24 13:27:14', '2014-04-10 14:38:17');
INSERT INTO `periods` (`id`, `rooms_id`, `check_in`, `check_out`, `created_at`, `updeted_at`) VALUES ('19', 162, '2000-09-05 00:00:00', '1980-04-02 00:00:00', '2015-12-02 09:12:30', '2013-08-11 22:07:57');
INSERT INTO `periods` (`id`, `rooms_id`, `check_in`, `check_out`, `created_at`, `updeted_at`) VALUES ('20', 138, '1981-10-06 00:00:00', '1993-08-10 00:00:00', '2011-04-02 18:17:32', '2015-12-24 10:26:45');
INSERT INTO `periods` (`id`, `rooms_id`, `check_in`, `check_out`, `created_at`, `updeted_at`) VALUES ('21', 188, '1998-07-26 00:00:00', '1994-11-28 00:00:00', '2011-06-12 17:15:00', '2015-03-27 21:36:31');
INSERT INTO `periods` (`id`, `rooms_id`, `check_in`, `check_out`, `created_at`, `updeted_at`) VALUES ('22', 193, '2001-11-15 00:00:00', '2004-09-25 00:00:00', '2015-03-23 00:36:14', '2012-08-21 07:15:11');
INSERT INTO `periods` (`id`, `rooms_id`, `check_in`, `check_out`, `created_at`, `updeted_at`) VALUES ('23', 11, '1995-05-27 00:00:00', '1983-02-21 00:00:00', '2011-11-26 15:44:31', '2018-11-16 00:36:11');
INSERT INTO `periods` (`id`, `rooms_id`, `check_in`, `check_out`, `created_at`, `updeted_at`) VALUES ('24', 214, '1982-11-19 00:00:00', '2016-01-08 00:00:00', '2012-04-03 11:11:20', '2018-02-13 00:05:18');
INSERT INTO `periods` (`id`, `rooms_id`, `check_in`, `check_out`, `created_at`, `updeted_at`) VALUES ('25', 221, '2008-07-17 00:00:00', '2015-10-18 00:00:00', '2020-03-18 19:54:29', '2013-10-25 14:05:24');
INSERT INTO `periods` (`id`, `rooms_id`, `check_in`, `check_out`, `created_at`, `updeted_at`) VALUES ('26', 273, '1978-10-29 00:00:00', '1989-11-17 00:00:00', '2016-11-14 00:44:33', '2018-12-28 08:19:08');
INSERT INTO `periods` (`id`, `rooms_id`, `check_in`, `check_out`, `created_at`, `updeted_at`) VALUES ('27', 228, '2016-06-15 00:00:00', '2005-03-24 00:00:00', '2020-05-04 00:06:38', '2017-12-11 22:38:53');
INSERT INTO `periods` (`id`, `rooms_id`, `check_in`, `check_out`, `created_at`, `updeted_at`) VALUES ('28', 91, '2015-12-04 00:00:00', '1985-12-12 00:00:00', '2017-04-16 17:05:57', '2015-09-23 17:14:24');
INSERT INTO `periods` (`id`, `rooms_id`, `check_in`, `check_out`, `created_at`, `updeted_at`) VALUES ('29', 58, '1972-03-28 00:00:00', '2010-06-02 00:00:00', '2014-06-25 01:27:22', '2013-09-29 03:55:49');
INSERT INTO `periods` (`id`, `rooms_id`, `check_in`, `check_out`, `created_at`, `updeted_at`) VALUES ('30', 179, '1984-06-25 00:00:00', '1983-07-14 00:00:00', '2014-10-21 05:27:16', '2015-11-01 12:15:19');
INSERT INTO `periods` (`id`, `rooms_id`, `check_in`, `check_out`, `created_at`, `updeted_at`) VALUES ('31', 154, '2005-04-17 00:00:00', '1980-12-23 00:00:00', '2018-02-18 22:38:42', '2017-06-12 09:59:29');
INSERT INTO `periods` (`id`, `rooms_id`, `check_in`, `check_out`, `created_at`, `updeted_at`) VALUES ('32', 170, '1983-07-13 00:00:00', '2017-12-17 00:00:00', '2015-01-20 05:06:06', '2016-02-11 09:12:03');
INSERT INTO `periods` (`id`, `rooms_id`, `check_in`, `check_out`, `created_at`, `updeted_at`) VALUES ('33', 52, '1993-01-05 00:00:00', '1979-05-15 00:00:00', '2011-12-10 22:41:48', '2012-11-14 07:25:29');
INSERT INTO `periods` (`id`, `rooms_id`, `check_in`, `check_out`, `created_at`, `updeted_at`) VALUES ('34', 241, '1976-06-29 00:00:00', '1979-01-24 00:00:00', '2015-03-04 12:12:26', '2011-04-16 14:19:56');
INSERT INTO `periods` (`id`, `rooms_id`, `check_in`, `check_out`, `created_at`, `updeted_at`) VALUES ('35', 251, '1974-12-22 00:00:00', '1975-12-04 00:00:00', '2012-04-24 16:42:55', '2016-02-28 03:52:11');
INSERT INTO `periods` (`id`, `rooms_id`, `check_in`, `check_out`, `created_at`, `updeted_at`) VALUES ('36', 3, '1995-12-08 00:00:00', '1994-01-23 00:00:00', '2010-12-14 00:58:08', '2019-04-26 23:27:43');
INSERT INTO `periods` (`id`, `rooms_id`, `check_in`, `check_out`, `created_at`, `updeted_at`) VALUES ('37', 141, '2011-01-24 00:00:00', '2013-01-30 00:00:00', '2013-02-19 13:40:18', '2019-07-14 20:30:52');
INSERT INTO `periods` (`id`, `rooms_id`, `check_in`, `check_out`, `created_at`, `updeted_at`) VALUES ('38', 25, '1971-08-24 00:00:00', '1978-09-13 00:00:00', '2017-08-22 10:32:24', '2014-09-06 01:08:03');
INSERT INTO `periods` (`id`, `rooms_id`, `check_in`, `check_out`, `created_at`, `updeted_at`) VALUES ('39', 130, '1975-06-16 00:00:00', '1977-05-03 00:00:00', '2018-08-07 02:26:32', '2013-01-08 23:15:43');
INSERT INTO `periods` (`id`, `rooms_id`, `check_in`, `check_out`, `created_at`, `updeted_at`) VALUES ('40', 127, '1981-10-29 00:00:00', '1991-06-22 00:00:00', '2015-06-30 23:29:47', '2011-10-04 19:25:26');
INSERT INTO `periods` (`id`, `rooms_id`, `check_in`, `check_out`, `created_at`, `updeted_at`) VALUES ('41', 47, '2013-05-22 00:00:00', '2014-05-15 00:00:00', '2011-01-19 14:35:18', '2012-07-30 20:12:33');
INSERT INTO `periods` (`id`, `rooms_id`, `check_in`, `check_out`, `created_at`, `updeted_at`) VALUES ('42', 145, '1994-06-22 00:00:00', '2004-10-25 00:00:00', '2014-10-13 17:05:26', '2020-04-28 03:53:34');
INSERT INTO `periods` (`id`, `rooms_id`, `check_in`, `check_out`, `created_at`, `updeted_at`) VALUES ('43', 268, '2011-12-03 00:00:00', '1988-11-09 00:00:00', '2011-07-02 02:36:20', '2016-10-12 02:42:29');
INSERT INTO `periods` (`id`, `rooms_id`, `check_in`, `check_out`, `created_at`, `updeted_at`) VALUES ('44', 30, '2004-12-03 00:00:00', '1989-09-07 00:00:00', '2018-04-24 16:33:10', '2016-07-28 16:22:39');
INSERT INTO `periods` (`id`, `rooms_id`, `check_in`, `check_out`, `created_at`, `updeted_at`) VALUES ('45', 292, '2011-06-18 00:00:00', '1972-12-16 00:00:00', '2018-06-01 12:18:35', '2020-03-06 21:37:39');
INSERT INTO `periods` (`id`, `rooms_id`, `check_in`, `check_out`, `created_at`, `updeted_at`) VALUES ('46', 153, '2013-11-07 00:00:00', '1990-11-07 00:00:00', '2015-06-25 21:32:06', '2012-01-07 16:46:37');
INSERT INTO `periods` (`id`, `rooms_id`, `check_in`, `check_out`, `created_at`, `updeted_at`) VALUES ('47', 255, '1985-12-12 00:00:00', '2008-01-13 00:00:00', '2016-05-21 06:00:23', '2016-12-30 03:41:24');
INSERT INTO `periods` (`id`, `rooms_id`, `check_in`, `check_out`, `created_at`, `updeted_at`) VALUES ('48', 17, '1998-01-16 00:00:00', '2003-08-21 00:00:00', '2011-02-25 00:50:59', '2017-10-26 19:36:05');
INSERT INTO `periods` (`id`, `rooms_id`, `check_in`, `check_out`, `created_at`, `updeted_at`) VALUES ('49', 210, '1999-07-07 00:00:00', '1978-02-20 00:00:00', '2011-06-09 13:24:15', '2013-06-21 08:27:25');
INSERT INTO `periods` (`id`, `rooms_id`, `check_in`, `check_out`, `created_at`, `updeted_at`) VALUES ('50', 116, '2006-03-08 00:00:00', '1975-01-10 00:00:00', '2015-07-03 21:30:46', '2018-12-07 02:10:46');
INSERT INTO `periods` (`id`, `rooms_id`, `check_in`, `check_out`, `created_at`, `updeted_at`) VALUES ('51', 154, '2012-03-17 00:00:00', '1992-04-18 00:00:00', '2016-07-26 01:40:49', '2019-12-24 06:15:19');
INSERT INTO `periods` (`id`, `rooms_id`, `check_in`, `check_out`, `created_at`, `updeted_at`) VALUES ('52', 97, '2006-07-19 00:00:00', '2002-08-09 00:00:00', '2015-01-19 23:55:37', '2016-11-11 22:11:52');
INSERT INTO `periods` (`id`, `rooms_id`, `check_in`, `check_out`, `created_at`, `updeted_at`) VALUES ('53', 9, '2015-08-23 00:00:00', '1984-04-08 00:00:00', '2011-08-18 03:08:55', '2011-03-18 19:07:27');
INSERT INTO `periods` (`id`, `rooms_id`, `check_in`, `check_out`, `created_at`, `updeted_at`) VALUES ('54', 164, '2003-03-21 00:00:00', '1997-09-26 00:00:00', '2019-07-31 08:39:28', '2017-09-30 09:37:47');
INSERT INTO `periods` (`id`, `rooms_id`, `check_in`, `check_out`, `created_at`, `updeted_at`) VALUES ('55', 11, '1999-01-21 00:00:00', '2018-07-06 00:00:00', '2014-03-11 11:17:06', '2016-06-06 18:30:44');
INSERT INTO `periods` (`id`, `rooms_id`, `check_in`, `check_out`, `created_at`, `updeted_at`) VALUES ('56', 230, '2016-03-25 00:00:00', '1974-08-25 00:00:00', '2015-12-18 09:45:58', '2018-09-27 17:21:30');
INSERT INTO `periods` (`id`, `rooms_id`, `check_in`, `check_out`, `created_at`, `updeted_at`) VALUES ('57', 137, '1996-01-09 00:00:00', '1988-11-30 00:00:00', '2019-06-07 18:50:10', '2012-06-24 05:28:18');
INSERT INTO `periods` (`id`, `rooms_id`, `check_in`, `check_out`, `created_at`, `updeted_at`) VALUES ('58', 239, '1977-11-21 00:00:00', '1978-12-16 00:00:00', '2018-09-14 05:15:38', '2016-09-08 11:35:16');
INSERT INTO `periods` (`id`, `rooms_id`, `check_in`, `check_out`, `created_at`, `updeted_at`) VALUES ('59', 20, '1980-08-03 00:00:00', '1972-03-16 00:00:00', '2015-07-29 08:33:15', '2016-07-05 14:02:19');
INSERT INTO `periods` (`id`, `rooms_id`, `check_in`, `check_out`, `created_at`, `updeted_at`) VALUES ('60', 195, '2014-12-19 00:00:00', '1988-02-03 00:00:00', '2012-05-19 20:15:05', '2014-05-24 15:45:10');
INSERT INTO `periods` (`id`, `rooms_id`, `check_in`, `check_out`, `created_at`, `updeted_at`) VALUES ('61', 117, '1974-06-25 00:00:00', '1987-03-05 00:00:00', '2012-12-20 19:15:22', '2011-08-12 19:19:49');
INSERT INTO `periods` (`id`, `rooms_id`, `check_in`, `check_out`, `created_at`, `updeted_at`) VALUES ('62', 174, '1973-12-03 00:00:00', '1998-06-17 00:00:00', '2011-09-22 11:15:52', '2015-02-12 21:00:44');
INSERT INTO `periods` (`id`, `rooms_id`, `check_in`, `check_out`, `created_at`, `updeted_at`) VALUES ('63', 64, '2017-03-13 00:00:00', '1986-04-16 00:00:00', '2015-04-19 09:19:50', '2014-09-07 09:43:29');
INSERT INTO `periods` (`id`, `rooms_id`, `check_in`, `check_out`, `created_at`, `updeted_at`) VALUES ('64', 169, '1987-09-03 00:00:00', '1976-10-19 00:00:00', '2016-04-30 09:13:00', '2018-01-20 23:24:24');
INSERT INTO `periods` (`id`, `rooms_id`, `check_in`, `check_out`, `created_at`, `updeted_at`) VALUES ('65', 114, '2009-03-06 00:00:00', '1971-05-06 00:00:00', '2013-12-13 12:48:08', '2017-06-10 01:52:21');
INSERT INTO `periods` (`id`, `rooms_id`, `check_in`, `check_out`, `created_at`, `updeted_at`) VALUES ('66', 15, '2009-08-08 00:00:00', '1978-01-06 00:00:00', '2010-10-29 21:38:22', '2016-07-20 08:11:23');
INSERT INTO `periods` (`id`, `rooms_id`, `check_in`, `check_out`, `created_at`, `updeted_at`) VALUES ('67', 171, '1997-08-26 00:00:00', '1980-09-07 00:00:00', '2016-01-27 04:09:40', '2019-09-21 22:52:27');
INSERT INTO `periods` (`id`, `rooms_id`, `check_in`, `check_out`, `created_at`, `updeted_at`) VALUES ('68', 255, '1973-04-19 00:00:00', '2009-01-24 00:00:00', '2018-05-24 08:56:54', '2018-07-05 14:11:05');
INSERT INTO `periods` (`id`, `rooms_id`, `check_in`, `check_out`, `created_at`, `updeted_at`) VALUES ('69', 39, '2004-08-19 00:00:00', '2016-04-21 00:00:00', '2020-07-01 13:56:10', '2017-07-28 08:07:19');
INSERT INTO `periods` (`id`, `rooms_id`, `check_in`, `check_out`, `created_at`, `updeted_at`) VALUES ('70', 300, '1972-01-10 00:00:00', '1995-08-20 00:00:00', '2020-04-02 22:36:49', '2018-04-04 17:04:05');
INSERT INTO `periods` (`id`, `rooms_id`, `check_in`, `check_out`, `created_at`, `updeted_at`) VALUES ('71', 81, '2003-11-22 00:00:00', '1985-02-05 00:00:00', '2010-08-25 14:37:08', '2011-07-29 09:27:52');
INSERT INTO `periods` (`id`, `rooms_id`, `check_in`, `check_out`, `created_at`, `updeted_at`) VALUES ('72', 85, '2005-01-27 00:00:00', '1972-05-04 00:00:00', '2015-05-22 08:32:32', '2020-01-07 17:04:49');
INSERT INTO `periods` (`id`, `rooms_id`, `check_in`, `check_out`, `created_at`, `updeted_at`) VALUES ('73', 145, '2013-09-22 00:00:00', '1970-02-09 00:00:00', '2014-12-16 23:32:21', '2015-07-17 03:46:45');
INSERT INTO `periods` (`id`, `rooms_id`, `check_in`, `check_out`, `created_at`, `updeted_at`) VALUES ('74', 49, '1989-03-31 00:00:00', '1974-08-29 00:00:00', '2018-06-13 11:08:34', '2019-10-09 08:07:46');
INSERT INTO `periods` (`id`, `rooms_id`, `check_in`, `check_out`, `created_at`, `updeted_at`) VALUES ('75', 115, '2014-03-18 00:00:00', '2014-10-30 00:00:00', '2014-10-23 22:47:44', '2011-05-29 15:35:43');
INSERT INTO `periods` (`id`, `rooms_id`, `check_in`, `check_out`, `created_at`, `updeted_at`) VALUES ('76', 137, '2012-01-27 00:00:00', '1995-02-20 00:00:00', '2013-08-26 15:39:04', '2016-03-02 08:51:40');
INSERT INTO `periods` (`id`, `rooms_id`, `check_in`, `check_out`, `created_at`, `updeted_at`) VALUES ('77', 201, '1971-01-08 00:00:00', '2011-05-18 00:00:00', '2016-11-21 23:33:59', '2013-02-14 15:20:02');
INSERT INTO `periods` (`id`, `rooms_id`, `check_in`, `check_out`, `created_at`, `updeted_at`) VALUES ('78', 69, '1996-08-01 00:00:00', '2011-03-09 00:00:00', '2014-05-27 10:27:00', '2017-12-31 17:20:04');
INSERT INTO `periods` (`id`, `rooms_id`, `check_in`, `check_out`, `created_at`, `updeted_at`) VALUES ('79', 153, '2012-11-11 00:00:00', '2009-04-16 00:00:00', '2015-04-09 09:12:00', '2012-01-23 12:42:59');
INSERT INTO `periods` (`id`, `rooms_id`, `check_in`, `check_out`, `created_at`, `updeted_at`) VALUES ('80', 110, '1990-10-26 00:00:00', '2008-07-31 00:00:00', '2016-08-15 19:01:34', '2011-12-22 11:23:28');
INSERT INTO `periods` (`id`, `rooms_id`, `check_in`, `check_out`, `created_at`, `updeted_at`) VALUES ('81', 185, '2010-12-18 00:00:00', '1991-07-13 00:00:00', '2018-12-11 07:18:10', '2013-03-03 01:32:48');
INSERT INTO `periods` (`id`, `rooms_id`, `check_in`, `check_out`, `created_at`, `updeted_at`) VALUES ('82', 7, '2010-10-01 00:00:00', '1997-08-27 00:00:00', '2011-08-07 04:53:26', '2013-07-12 05:03:23');
INSERT INTO `periods` (`id`, `rooms_id`, `check_in`, `check_out`, `created_at`, `updeted_at`) VALUES ('83', 207, '2016-10-06 00:00:00', '1993-03-04 00:00:00', '2014-09-28 18:31:39', '2012-03-10 09:24:26');
INSERT INTO `periods` (`id`, `rooms_id`, `check_in`, `check_out`, `created_at`, `updeted_at`) VALUES ('84', 193, '2006-03-15 00:00:00', '2011-02-21 00:00:00', '2018-06-16 02:18:17', '2015-08-12 10:41:31');
INSERT INTO `periods` (`id`, `rooms_id`, `check_in`, `check_out`, `created_at`, `updeted_at`) VALUES ('85', 170, '2000-02-26 00:00:00', '2003-09-23 00:00:00', '2013-07-30 07:23:13', '2018-12-04 17:09:34');
INSERT INTO `periods` (`id`, `rooms_id`, `check_in`, `check_out`, `created_at`, `updeted_at`) VALUES ('86', 218, '2008-05-08 00:00:00', '1976-01-18 00:00:00', '2018-07-18 20:15:52', '2016-01-28 06:48:05');
INSERT INTO `periods` (`id`, `rooms_id`, `check_in`, `check_out`, `created_at`, `updeted_at`) VALUES ('87', 123, '1978-07-14 00:00:00', '1970-01-11 00:00:00', '2013-04-05 19:22:34', '2019-08-28 02:30:58');
INSERT INTO `periods` (`id`, `rooms_id`, `check_in`, `check_out`, `created_at`, `updeted_at`) VALUES ('88', 7, '1995-08-13 00:00:00', '1970-09-13 00:00:00', '2014-12-06 00:11:08', '2016-08-18 11:29:49');
INSERT INTO `periods` (`id`, `rooms_id`, `check_in`, `check_out`, `created_at`, `updeted_at`) VALUES ('89', 156, '1997-09-29 00:00:00', '1978-08-07 00:00:00', '2014-09-10 23:02:58', '2019-10-24 12:44:30');
INSERT INTO `periods` (`id`, `rooms_id`, `check_in`, `check_out`, `created_at`, `updeted_at`) VALUES ('90', 142, '1979-07-18 00:00:00', '1983-07-12 00:00:00', '2016-05-21 09:17:09', '2014-06-01 04:23:09');
INSERT INTO `periods` (`id`, `rooms_id`, `check_in`, `check_out`, `created_at`, `updeted_at`) VALUES ('91', 201, '2016-02-21 00:00:00', '2016-04-14 00:00:00', '2017-04-10 22:03:48', '2018-04-14 11:02:34');
INSERT INTO `periods` (`id`, `rooms_id`, `check_in`, `check_out`, `created_at`, `updeted_at`) VALUES ('92', 272, '1982-11-10 00:00:00', '1990-05-03 00:00:00', '2012-12-05 00:25:05', '2016-02-26 08:00:41');
INSERT INTO `periods` (`id`, `rooms_id`, `check_in`, `check_out`, `created_at`, `updeted_at`) VALUES ('93', 16, '2007-10-11 00:00:00', '1973-05-12 00:00:00', '2020-06-20 00:37:33', '2016-11-29 22:52:57');
INSERT INTO `periods` (`id`, `rooms_id`, `check_in`, `check_out`, `created_at`, `updeted_at`) VALUES ('94', 264, '1977-04-18 00:00:00', '2000-09-09 00:00:00', '2015-12-16 17:03:06', '2014-09-04 07:53:50');
INSERT INTO `periods` (`id`, `rooms_id`, `check_in`, `check_out`, `created_at`, `updeted_at`) VALUES ('95', 140, '1979-10-03 00:00:00', '2018-08-06 00:00:00', '2017-05-22 02:43:44', '2018-02-01 18:15:29');
INSERT INTO `periods` (`id`, `rooms_id`, `check_in`, `check_out`, `created_at`, `updeted_at`) VALUES ('96', 129, '2002-11-30 00:00:00', '1970-12-04 00:00:00', '2011-12-22 05:21:35', '2020-02-15 11:51:47');
INSERT INTO `periods` (`id`, `rooms_id`, `check_in`, `check_out`, `created_at`, `updeted_at`) VALUES ('97', 279, '2003-09-01 00:00:00', '1993-04-21 00:00:00', '2014-10-05 10:02:02', '2012-05-14 21:05:40');
INSERT INTO `periods` (`id`, `rooms_id`, `check_in`, `check_out`, `created_at`, `updeted_at`) VALUES ('98', 11, '1991-10-21 00:00:00', '2007-04-19 00:00:00', '2018-08-07 03:42:16', '2015-05-15 06:53:07');
INSERT INTO `periods` (`id`, `rooms_id`, `check_in`, `check_out`, `created_at`, `updeted_at`) VALUES ('99', 83, '1984-01-02 00:00:00', '1988-12-16 00:00:00', '2011-03-28 06:16:54', '2018-02-14 23:37:36');
INSERT INTO `periods` (`id`, `rooms_id`, `check_in`, `check_out`, `created_at`, `updeted_at`) VALUES ('100', 17, '1981-02-28 00:00:00', '1974-08-06 00:00:00', '2020-07-16 00:56:12', '2012-03-07 08:38:10');


#
# TABLE STRUCTURE FOR: orders
#

INSERT INTO `orders` (`user_id`, `room_id`, `period_id`, `created_at`, `updated_at`) VALUES (106, 2, 32, '2018-01-17 20:49:50', '2017-03-07 00:15:59');
INSERT INTO `orders` (`user_id`, `room_id`, `period_id`, `created_at`, `updated_at`) VALUES (58, 3, 20, '2019-11-15 01:01:08', '2020-04-02 09:16:00');
INSERT INTO `orders` (`user_id`, `room_id`, `period_id`, `created_at`, `updated_at`) VALUES (122, 4, 81, '2013-04-24 01:25:44', '2011-05-09 22:25:15');
INSERT INTO `orders` (`user_id`, `room_id`, `period_id`, `created_at`, `updated_at`) VALUES (139, 5, 17, '2018-02-28 03:42:30', '2012-09-04 23:28:10');
INSERT INTO `orders` (`user_id`, `room_id`, `period_id`, `created_at`, `updated_at`) VALUES (10, 5, 76, '2013-05-04 18:17:28', '2016-12-22 05:54:37');
INSERT INTO `orders` (`user_id`, `room_id`, `period_id`, `created_at`, `updated_at`) VALUES (4, 6, 13, '2011-08-29 04:04:11', '2015-01-28 17:57:25');
INSERT INTO `orders` (`user_id`, `room_id`, `period_id`, `created_at`, `updated_at`) VALUES (129, 10, 90, '2019-11-30 10:27:52', '2012-11-14 23:14:41');
INSERT INTO `orders` (`user_id`, `room_id`, `period_id`, `created_at`, `updated_at`) VALUES (116, 12, 52, '2014-01-28 01:52:48', '2011-07-31 23:17:39');
INSERT INTO `orders` (`user_id`, `room_id`, `period_id`, `created_at`, `updated_at`) VALUES (140, 16, 96, '2018-01-23 23:18:46', '2014-11-26 09:26:27');
INSERT INTO `orders` (`user_id`, `room_id`, `period_id`, `created_at`, `updated_at`) VALUES (93, 20, 36, '2014-09-29 10:14:54', '2012-11-23 22:01:45');
INSERT INTO `orders` (`user_id`, `room_id`, `period_id`, `created_at`, `updated_at`) VALUES (113, 20, 72, '2015-02-10 18:14:10', '2017-10-15 23:16:11');
INSERT INTO `orders` (`user_id`, `room_id`, `period_id`, `created_at`, `updated_at`) VALUES (77, 21, 84, '2018-04-15 03:23:00', '2015-09-16 14:20:50');
INSERT INTO `orders` (`user_id`, `room_id`, `period_id`, `created_at`, `updated_at`) VALUES (14, 22, 26, '2015-07-03 19:31:32', '2013-03-13 01:16:37');
INSERT INTO `orders` (`user_id`, `room_id`, `period_id`, `created_at`, `updated_at`) VALUES (91, 22, 61, '2015-10-15 06:05:45', '2018-02-02 18:11:41');
INSERT INTO `orders` (`user_id`, `room_id`, `period_id`, `created_at`, `updated_at`) VALUES (75, 24, 2, '2012-12-25 07:36:54', '2016-12-05 02:22:18');
INSERT INTO `orders` (`user_id`, `room_id`, `period_id`, `created_at`, `updated_at`) VALUES (84, 28, 94, '2019-11-09 13:36:29', '2018-01-15 20:38:59');
INSERT INTO `orders` (`user_id`, `room_id`, `period_id`, `created_at`, `updated_at`) VALUES (131, 29, 58, '2018-12-03 15:16:29', '2016-05-09 00:34:09');
INSERT INTO `orders` (`user_id`, `room_id`, `period_id`, `created_at`, `updated_at`) VALUES (110, 29, 91, '2012-10-23 14:00:31', '2012-06-12 17:44:05');
INSERT INTO `orders` (`user_id`, `room_id`, `period_id`, `created_at`, `updated_at`) VALUES (141, 30, 62, '2016-05-10 14:00:16', '2019-08-31 13:23:35');
INSERT INTO `orders` (`user_id`, `room_id`, `period_id`, `created_at`, `updated_at`) VALUES (78, 42, 85, '2010-12-04 04:56:15', '2014-05-29 13:36:58');
INSERT INTO `orders` (`user_id`, `room_id`, `period_id`, `created_at`, `updated_at`) VALUES (120, 44, 66, '2011-05-20 22:35:33', '2016-02-07 03:11:01');
INSERT INTO `orders` (`user_id`, `room_id`, `period_id`, `created_at`, `updated_at`) VALUES (130, 44, 94, '2017-03-31 14:53:20', '2017-05-30 07:30:33');
INSERT INTO `orders` (`user_id`, `room_id`, `period_id`, `created_at`, `updated_at`) VALUES (47, 49, 87, '2013-07-17 08:27:48', '2016-01-08 21:02:41');
INSERT INTO `orders` (`user_id`, `room_id`, `period_id`, `created_at`, `updated_at`) VALUES (67, 54, 5, '2016-08-30 17:08:26', '2016-04-13 11:57:37');
INSERT INTO `orders` (`user_id`, `room_id`, `period_id`, `created_at`, `updated_at`) VALUES (140, 55, 45, '2014-09-23 13:46:15', '2016-07-27 20:56:27');
INSERT INTO `orders` (`user_id`, `room_id`, `period_id`, `created_at`, `updated_at`) VALUES (53, 57, 80, '2018-07-30 23:46:27', '2011-04-22 03:29:20');
INSERT INTO `orders` (`user_id`, `room_id`, `period_id`, `created_at`, `updated_at`) VALUES (52, 62, 21, '2018-08-10 20:41:28', '2015-08-09 05:08:31');
INSERT INTO `orders` (`user_id`, `room_id`, `period_id`, `created_at`, `updated_at`) VALUES (56, 62, 32, '2013-06-03 11:41:58', '2015-05-21 17:36:44');
INSERT INTO `orders` (`user_id`, `room_id`, `period_id`, `created_at`, `updated_at`) VALUES (60, 64, 78, '2020-06-12 06:40:59', '2019-02-14 08:22:38');
INSERT INTO `orders` (`user_id`, `room_id`, `period_id`, `created_at`, `updated_at`) VALUES (64, 65, 70, '2016-11-24 21:51:03', '2011-11-22 20:12:20');
INSERT INTO `orders` (`user_id`, `room_id`, `period_id`, `created_at`, `updated_at`) VALUES (17, 66, 98, '2016-06-24 17:29:26', '2014-09-04 13:29:21');
INSERT INTO `orders` (`user_id`, `room_id`, `period_id`, `created_at`, `updated_at`) VALUES (113, 68, 84, '2012-01-20 07:04:16', '2020-02-17 20:35:32');
INSERT INTO `orders` (`user_id`, `room_id`, `period_id`, `created_at`, `updated_at`) VALUES (15, 72, 8, '2013-01-17 09:16:04', '2019-09-05 00:51:13');
INSERT INTO `orders` (`user_id`, `room_id`, `period_id`, `created_at`, `updated_at`) VALUES (138, 72, 43, '2018-10-22 09:48:32', '2019-10-22 01:08:53');
INSERT INTO `orders` (`user_id`, `room_id`, `period_id`, `created_at`, `updated_at`) VALUES (67, 76, 47, '2020-06-11 14:22:25', '2019-05-18 20:53:09');
INSERT INTO `orders` (`user_id`, `room_id`, `period_id`, `created_at`, `updated_at`) VALUES (34, 81, 34, '2017-07-26 20:02:01', '2014-04-10 03:35:16');
INSERT INTO `orders` (`user_id`, `room_id`, `period_id`, `created_at`, `updated_at`) VALUES (39, 82, 68, '2020-03-28 14:43:58', '2011-09-24 09:43:10');
INSERT INTO `orders` (`user_id`, `room_id`, `period_id`, `created_at`, `updated_at`) VALUES (6, 85, 39, '2020-01-20 02:25:45', '2011-08-20 08:44:58');
INSERT INTO `orders` (`user_id`, `room_id`, `period_id`, `created_at`, `updated_at`) VALUES (71, 87, 38, '2012-06-03 04:05:16', '2014-04-17 21:31:18');
INSERT INTO `orders` (`user_id`, `room_id`, `period_id`, `created_at`, `updated_at`) VALUES (83, 87, 72, '2013-02-18 20:11:37', '2019-07-24 22:14:42');
INSERT INTO `orders` (`user_id`, `room_id`, `period_id`, `created_at`, `updated_at`) VALUES (78, 88, 45, '2012-03-19 07:54:50', '2018-09-29 03:03:16');
INSERT INTO `orders` (`user_id`, `room_id`, `period_id`, `created_at`, `updated_at`) VALUES (46, 91, 83, '2017-12-02 22:13:49', '2016-11-09 09:33:50');
INSERT INTO `orders` (`user_id`, `room_id`, `period_id`, `created_at`, `updated_at`) VALUES (91, 92, 44, '2010-11-17 16:27:06', '2018-01-08 06:15:47');
INSERT INTO `orders` (`user_id`, `room_id`, `period_id`, `created_at`, `updated_at`) VALUES (65, 95, 88, '2016-10-03 23:32:35', '2011-04-28 10:22:05');
INSERT INTO `orders` (`user_id`, `room_id`, `period_id`, `created_at`, `updated_at`) VALUES (97, 95, 94, '2013-05-06 14:08:48', '2015-03-27 15:46:15');
INSERT INTO `orders` (`user_id`, `room_id`, `period_id`, `created_at`, `updated_at`) VALUES (87, 96, 34, '2020-08-06 00:30:35', '2013-03-28 16:31:12');
INSERT INTO `orders` (`user_id`, `room_id`, `period_id`, `created_at`, `updated_at`) VALUES (110, 96, 44, '2016-10-05 17:44:10', '2011-09-04 22:17:59');
INSERT INTO `orders` (`user_id`, `room_id`, `period_id`, `created_at`, `updated_at`) VALUES (102, 97, 44, '2017-10-05 02:25:01', '2017-04-24 13:34:17');
INSERT INTO `orders` (`user_id`, `room_id`, `period_id`, `created_at`, `updated_at`) VALUES (148, 98, 62, '2017-07-06 22:56:01', '2019-11-17 16:08:36');
INSERT INTO `orders` (`user_id`, `room_id`, `period_id`, `created_at`, `updated_at`) VALUES (125, 99, 53, '2011-05-26 01:16:05', '2018-02-21 20:20:47');
INSERT INTO `orders` (`user_id`, `room_id`, `period_id`, `created_at`, `updated_at`) VALUES (18, 100, 80, '2015-07-23 17:58:51', '2016-12-22 14:05:02');
INSERT INTO `orders` (`user_id`, `room_id`, `period_id`, `created_at`, `updated_at`) VALUES (49, 101, 68, '2019-01-19 09:29:03', '2017-03-07 12:24:52');
INSERT INTO `orders` (`user_id`, `room_id`, `period_id`, `created_at`, `updated_at`) VALUES (3, 102, 28, '2011-10-16 20:18:17', '2018-01-11 15:44:43');
INSERT INTO `orders` (`user_id`, `room_id`, `period_id`, `created_at`, `updated_at`) VALUES (21, 107, 68, '2012-06-14 23:34:08', '2013-07-04 21:18:44');
INSERT INTO `orders` (`user_id`, `room_id`, `period_id`, `created_at`, `updated_at`) VALUES (124, 109, 85, '2014-11-07 03:48:36', '2015-12-30 03:03:59');
INSERT INTO `orders` (`user_id`, `room_id`, `period_id`, `created_at`, `updated_at`) VALUES (22, 112, 12, '2019-12-20 01:01:09', '2015-08-04 06:34:39');
INSERT INTO `orders` (`user_id`, `room_id`, `period_id`, `created_at`, `updated_at`) VALUES (42, 112, 93, '2011-01-05 19:11:45', '2016-10-09 16:37:09');
INSERT INTO `orders` (`user_id`, `room_id`, `period_id`, `created_at`, `updated_at`) VALUES (16, 113, 86, '2013-10-21 18:27:50', '2012-08-04 16:33:32');
INSERT INTO `orders` (`user_id`, `room_id`, `period_id`, `created_at`, `updated_at`) VALUES (108, 114, 16, '2014-04-23 03:41:31', '2019-03-15 01:43:47');
INSERT INTO `orders` (`user_id`, `room_id`, `period_id`, `created_at`, `updated_at`) VALUES (147, 121, 95, '2014-01-18 18:43:24', '2016-10-13 18:02:40');
INSERT INTO `orders` (`user_id`, `room_id`, `period_id`, `created_at`, `updated_at`) VALUES (9, 123, 65, '2010-12-12 11:00:41', '2019-05-12 18:50:54');
INSERT INTO `orders` (`user_id`, `room_id`, `period_id`, `created_at`, `updated_at`) VALUES (80, 125, 15, '2016-06-07 07:17:35', '2019-11-30 08:50:53');
INSERT INTO `orders` (`user_id`, `room_id`, `period_id`, `created_at`, `updated_at`) VALUES (68, 126, 13, '2011-04-09 23:06:31', '2011-11-24 04:32:06');
INSERT INTO `orders` (`user_id`, `room_id`, `period_id`, `created_at`, `updated_at`) VALUES (122, 126, 68, '2020-02-14 21:21:51', '2018-04-16 02:13:18');
INSERT INTO `orders` (`user_id`, `room_id`, `period_id`, `created_at`, `updated_at`) VALUES (32, 130, 81, '2015-10-05 13:47:10', '2016-09-25 15:34:41');
INSERT INTO `orders` (`user_id`, `room_id`, `period_id`, `created_at`, `updated_at`) VALUES (31, 132, 92, '2013-02-03 09:31:04', '2012-04-29 05:52:08');
INSERT INTO `orders` (`user_id`, `room_id`, `period_id`, `created_at`, `updated_at`) VALUES (13, 133, 83, '2019-05-07 22:11:13', '2012-11-05 02:46:46');
INSERT INTO `orders` (`user_id`, `room_id`, `period_id`, `created_at`, `updated_at`) VALUES (119, 135, 2, '2020-08-08 21:39:40', '2011-12-09 11:14:42');
INSERT INTO `orders` (`user_id`, `room_id`, `period_id`, `created_at`, `updated_at`) VALUES (19, 138, 15, '2015-03-20 05:32:23', '2019-11-17 04:41:10');
INSERT INTO `orders` (`user_id`, `room_id`, `period_id`, `created_at`, `updated_at`) VALUES (141, 139, 16, '2018-04-01 00:16:08', '2018-10-25 15:44:22');
INSERT INTO `orders` (`user_id`, `room_id`, `period_id`, `created_at`, `updated_at`) VALUES (28, 140, 19, '2017-12-28 06:54:09', '2013-05-03 17:15:05');
INSERT INTO `orders` (`user_id`, `room_id`, `period_id`, `created_at`, `updated_at`) VALUES (132, 140, 68, '2016-09-03 19:00:49', '2011-01-09 06:13:13');
INSERT INTO `orders` (`user_id`, `room_id`, `period_id`, `created_at`, `updated_at`) VALUES (21, 142, 99, '2017-12-23 12:22:23', '2012-02-23 07:17:33');
INSERT INTO `orders` (`user_id`, `room_id`, `period_id`, `created_at`, `updated_at`) VALUES (94, 143, 41, '2020-05-02 10:06:02', '2017-02-11 22:50:07');
INSERT INTO `orders` (`user_id`, `room_id`, `period_id`, `created_at`, `updated_at`) VALUES (137, 145, 11, '2012-02-23 02:14:41', '2018-07-05 05:22:22');
INSERT INTO `orders` (`user_id`, `room_id`, `period_id`, `created_at`, `updated_at`) VALUES (55, 147, 46, '2018-08-13 11:59:02', '2019-12-14 03:41:12');
INSERT INTO `orders` (`user_id`, `room_id`, `period_id`, `created_at`, `updated_at`) VALUES (142, 148, 81, '2015-02-05 15:45:15', '2016-09-15 07:31:58');
INSERT INTO `orders` (`user_id`, `room_id`, `period_id`, `created_at`, `updated_at`) VALUES (42, 148, 92, '2016-04-23 22:14:37', '2016-12-20 21:28:57');
INSERT INTO `orders` (`user_id`, `room_id`, `period_id`, `created_at`, `updated_at`) VALUES (44, 149, 23, '2014-11-21 17:42:08', '2018-04-11 06:54:20');
INSERT INTO `orders` (`user_id`, `room_id`, `period_id`, `created_at`, `updated_at`) VALUES (73, 152, 8, '2017-06-10 06:31:56', '2011-04-06 20:42:56');
INSERT INTO `orders` (`user_id`, `room_id`, `period_id`, `created_at`, `updated_at`) VALUES (39, 153, 78, '2014-10-31 22:06:24', '2020-07-16 08:16:00');
INSERT INTO `orders` (`user_id`, `room_id`, `period_id`, `created_at`, `updated_at`) VALUES (88, 155, 66, '2019-10-11 03:15:28', '2016-01-12 04:43:38');
INSERT INTO `orders` (`user_id`, `room_id`, `period_id`, `created_at`, `updated_at`) VALUES (117, 156, 89, '2015-12-20 08:34:14', '2019-05-12 19:34:08');
INSERT INTO `orders` (`user_id`, `room_id`, `period_id`, `created_at`, `updated_at`) VALUES (56, 161, 40, '2013-12-04 17:35:02', '2017-12-17 15:36:41');
INSERT INTO `orders` (`user_id`, `room_id`, `period_id`, `created_at`, `updated_at`) VALUES (66, 161, 76, '2017-07-30 06:33:13', '2012-05-26 09:18:02');
INSERT INTO `orders` (`user_id`, `room_id`, `period_id`, `created_at`, `updated_at`) VALUES (122, 161, 83, '2019-06-09 09:41:37', '2011-02-20 21:28:54');
INSERT INTO `orders` (`user_id`, `room_id`, `period_id`, `created_at`, `updated_at`) VALUES (6, 164, 5, '2018-02-20 09:52:02', '2016-05-08 15:15:02');
INSERT INTO `orders` (`user_id`, `room_id`, `period_id`, `created_at`, `updated_at`) VALUES (120, 164, 40, '2015-04-05 09:39:27', '2016-03-16 06:19:44');
INSERT INTO `orders` (`user_id`, `room_id`, `period_id`, `created_at`, `updated_at`) VALUES (135, 165, 39, '2014-05-24 09:17:48', '2018-08-26 07:52:10');
INSERT INTO `orders` (`user_id`, `room_id`, `period_id`, `created_at`, `updated_at`) VALUES (23, 165, 43, '2017-06-10 07:18:12', '2014-03-12 03:12:32');
INSERT INTO `orders` (`user_id`, `room_id`, `period_id`, `created_at`, `updated_at`) VALUES (87, 168, 3, '2018-07-16 00:51:37', '2016-05-25 23:11:18');
INSERT INTO `orders` (`user_id`, `room_id`, `period_id`, `created_at`, `updated_at`) VALUES (11, 170, 34, '2012-02-19 22:09:56', '2011-06-25 13:18:23');
INSERT INTO `orders` (`user_id`, `room_id`, `period_id`, `created_at`, `updated_at`) VALUES (112, 173, 10, '2011-11-22 19:24:46', '2012-03-15 02:45:39');
INSERT INTO `orders` (`user_id`, `room_id`, `period_id`, `created_at`, `updated_at`) VALUES (38, 173, 37, '2015-10-18 04:52:07', '2016-04-11 07:43:48');
INSERT INTO `orders` (`user_id`, `room_id`, `period_id`, `created_at`, `updated_at`) VALUES (71, 176, 15, '2011-04-12 08:33:48', '2011-10-08 05:48:53');
INSERT INTO `orders` (`user_id`, `room_id`, `period_id`, `created_at`, `updated_at`) VALUES (40, 176, 75, '2015-09-17 09:22:23', '2010-09-16 03:18:15');
INSERT INTO `orders` (`user_id`, `room_id`, `period_id`, `created_at`, `updated_at`) VALUES (41, 177, 41, '2019-08-01 18:09:49', '2014-04-05 03:36:48');
INSERT INTO `orders` (`user_id`, `room_id`, `period_id`, `created_at`, `updated_at`) VALUES (41, 179, 12, '2012-07-08 12:32:48', '2014-08-05 01:53:52');
INSERT INTO `orders` (`user_id`, `room_id`, `period_id`, `created_at`, `updated_at`) VALUES (94, 181, 63, '2014-11-30 19:22:40', '2016-07-04 12:31:54');
INSERT INTO `orders` (`user_id`, `room_id`, `period_id`, `created_at`, `updated_at`) VALUES (28, 181, 77, '2019-10-09 20:22:06', '2011-10-05 07:51:34');
INSERT INTO `orders` (`user_id`, `room_id`, `period_id`, `created_at`, `updated_at`) VALUES (148, 181, 83, '2018-11-07 13:10:42', '2013-05-07 17:48:08');
INSERT INTO `orders` (`user_id`, `room_id`, `period_id`, `created_at`, `updated_at`) VALUES (20, 185, 54, '2015-02-21 13:35:08', '2018-08-07 20:29:30');
INSERT INTO `orders` (`user_id`, `room_id`, `period_id`, `created_at`, `updated_at`) VALUES (115, 185, 71, '2020-08-18 13:07:00', '2017-01-13 13:59:20');
INSERT INTO `orders` (`user_id`, `room_id`, `period_id`, `created_at`, `updated_at`) VALUES (122, 186, 2, '2015-09-27 13:31:38', '2017-05-23 00:05:40');
INSERT INTO `orders` (`user_id`, `room_id`, `period_id`, `created_at`, `updated_at`) VALUES (128, 192, 59, '2019-10-09 10:06:49', '2019-07-10 00:42:06');
INSERT INTO `orders` (`user_id`, `room_id`, `period_id`, `created_at`, `updated_at`) VALUES (98, 193, 8, '2011-06-06 18:11:40', '2015-05-29 11:52:53');
INSERT INTO `orders` (`user_id`, `room_id`, `period_id`, `created_at`, `updated_at`) VALUES (80, 195, 16, '2018-11-16 19:51:13', '2011-11-13 23:51:35');
INSERT INTO `orders` (`user_id`, `room_id`, `period_id`, `created_at`, `updated_at`) VALUES (53, 196, 73, '2014-07-19 22:11:44', '2019-07-08 12:02:34');
INSERT INTO `orders` (`user_id`, `room_id`, `period_id`, `created_at`, `updated_at`) VALUES (37, 198, 14, '2020-07-17 21:59:43', '2018-10-30 02:32:44');
INSERT INTO `orders` (`user_id`, `room_id`, `period_id`, `created_at`, `updated_at`) VALUES (136, 198, 78, '2014-07-19 07:12:26', '2012-03-24 21:11:45');
INSERT INTO `orders` (`user_id`, `room_id`, `period_id`, `created_at`, `updated_at`) VALUES (78, 199, 19, '2020-04-05 23:50:05', '2016-05-03 05:58:54');
INSERT INTO `orders` (`user_id`, `room_id`, `period_id`, `created_at`, `updated_at`) VALUES (115, 201, 72, '2019-06-01 15:57:49', '2014-02-18 20:07:03');
INSERT INTO `orders` (`user_id`, `room_id`, `period_id`, `created_at`, `updated_at`) VALUES (96, 204, 31, '2015-03-15 23:59:27', '2016-10-03 00:02:24');
INSERT INTO `orders` (`user_id`, `room_id`, `period_id`, `created_at`, `updated_at`) VALUES (132, 205, 39, '2013-04-12 07:39:59', '2017-08-23 14:39:26');
INSERT INTO `orders` (`user_id`, `room_id`, `period_id`, `created_at`, `updated_at`) VALUES (23, 212, 23, '2019-05-28 12:27:57', '2017-08-11 06:37:19');
INSERT INTO `orders` (`user_id`, `room_id`, `period_id`, `created_at`, `updated_at`) VALUES (101, 212, 60, '2015-01-31 11:42:18', '2018-10-07 15:13:44');
INSERT INTO `orders` (`user_id`, `room_id`, `period_id`, `created_at`, `updated_at`) VALUES (65, 214, 16, '2016-09-05 06:58:53', '2013-09-26 09:26:32');
INSERT INTO `orders` (`user_id`, `room_id`, `period_id`, `created_at`, `updated_at`) VALUES (109, 216, 34, '2018-07-01 15:28:18', '2012-04-08 15:34:34');
INSERT INTO `orders` (`user_id`, `room_id`, `period_id`, `created_at`, `updated_at`) VALUES (9, 216, 45, '2010-11-08 10:15:59', '2020-05-25 08:00:36');
INSERT INTO `orders` (`user_id`, `room_id`, `period_id`, `created_at`, `updated_at`) VALUES (145, 226, 48, '2017-03-18 21:09:14', '2011-05-20 16:28:02');
INSERT INTO `orders` (`user_id`, `room_id`, `period_id`, `created_at`, `updated_at`) VALUES (42, 233, 71, '2016-01-28 08:43:25', '2011-08-15 09:19:56');
INSERT INTO `orders` (`user_id`, `room_id`, `period_id`, `created_at`, `updated_at`) VALUES (91, 234, 54, '2013-03-15 19:02:53', '2012-07-24 16:28:44');
INSERT INTO `orders` (`user_id`, `room_id`, `period_id`, `created_at`, `updated_at`) VALUES (23, 234, 95, '2013-03-21 12:21:57', '2015-10-04 11:59:05');
INSERT INTO `orders` (`user_id`, `room_id`, `period_id`, `created_at`, `updated_at`) VALUES (126, 235, 53, '2017-10-27 15:17:24', '2012-02-18 19:54:42');
INSERT INTO `orders` (`user_id`, `room_id`, `period_id`, `created_at`, `updated_at`) VALUES (15, 236, 46, '2011-10-19 06:49:10', '2018-06-10 13:15:51');
INSERT INTO `orders` (`user_id`, `room_id`, `period_id`, `created_at`, `updated_at`) VALUES (123, 238, 51, '2020-05-02 14:34:59', '2018-12-09 22:15:42');
INSERT INTO `orders` (`user_id`, `room_id`, `period_id`, `created_at`, `updated_at`) VALUES (9, 238, 66, '2013-03-14 07:21:46', '2019-10-18 22:56:20');
INSERT INTO `orders` (`user_id`, `room_id`, `period_id`, `created_at`, `updated_at`) VALUES (1, 253, 35, '2015-08-11 03:27:16', '2011-10-07 07:20:58');
INSERT INTO `orders` (`user_id`, `room_id`, `period_id`, `created_at`, `updated_at`) VALUES (149, 255, 44, '2015-10-30 19:23:49', '2018-06-04 23:50:15');
INSERT INTO `orders` (`user_id`, `room_id`, `period_id`, `created_at`, `updated_at`) VALUES (118, 257, 1, '2020-04-28 00:00:55', '2011-04-16 05:31:09');
INSERT INTO `orders` (`user_id`, `room_id`, `period_id`, `created_at`, `updated_at`) VALUES (108, 259, 86, '2016-05-24 20:55:04', '2016-01-29 17:33:44');
INSERT INTO `orders` (`user_id`, `room_id`, `period_id`, `created_at`, `updated_at`) VALUES (70, 260, 46, '2017-11-17 18:05:21', '2012-10-31 02:54:33');
INSERT INTO `orders` (`user_id`, `room_id`, `period_id`, `created_at`, `updated_at`) VALUES (9, 263, 71, '2017-01-07 02:44:07', '2012-12-12 07:07:51');
INSERT INTO `orders` (`user_id`, `room_id`, `period_id`, `created_at`, `updated_at`) VALUES (100, 268, 3, '2018-04-08 12:51:25', '2018-09-01 03:30:17');
INSERT INTO `orders` (`user_id`, `room_id`, `period_id`, `created_at`, `updated_at`) VALUES (17, 268, 48, '2015-01-20 19:18:25', '2019-09-26 02:24:56');
INSERT INTO `orders` (`user_id`, `room_id`, `period_id`, `created_at`, `updated_at`) VALUES (17, 269, 91, '2014-12-24 13:53:14', '2012-04-29 08:49:09');
INSERT INTO `orders` (`user_id`, `room_id`, `period_id`, `created_at`, `updated_at`) VALUES (23, 270, 7, '2016-04-13 19:11:35', '2016-12-17 07:44:38');
INSERT INTO `orders` (`user_id`, `room_id`, `period_id`, `created_at`, `updated_at`) VALUES (114, 274, 89, '2017-10-11 08:56:46', '2015-06-17 13:10:18');
INSERT INTO `orders` (`user_id`, `room_id`, `period_id`, `created_at`, `updated_at`) VALUES (129, 278, 23, '2016-04-03 14:03:42', '2015-08-15 09:13:44');
INSERT INTO `orders` (`user_id`, `room_id`, `period_id`, `created_at`, `updated_at`) VALUES (146, 278, 31, '2012-02-24 10:20:48', '2010-10-26 01:51:35');
INSERT INTO `orders` (`user_id`, `room_id`, `period_id`, `created_at`, `updated_at`) VALUES (111, 279, 54, '2020-06-22 12:32:51', '2013-10-08 12:45:55');
INSERT INTO `orders` (`user_id`, `room_id`, `period_id`, `created_at`, `updated_at`) VALUES (104, 282, 47, '2011-07-18 22:12:35', '2014-07-30 22:17:08');
INSERT INTO `orders` (`user_id`, `room_id`, `period_id`, `created_at`, `updated_at`) VALUES (13, 285, 35, '2013-07-01 16:43:23', '2014-09-26 09:25:26');
INSERT INTO `orders` (`user_id`, `room_id`, `period_id`, `created_at`, `updated_at`) VALUES (35, 287, 97, '2011-09-16 11:49:27', '2011-01-13 20:35:08');
INSERT INTO `orders` (`user_id`, `room_id`, `period_id`, `created_at`, `updated_at`) VALUES (124, 288, 67, '2015-05-22 17:48:00', '2012-12-01 16:40:24');
INSERT INTO `orders` (`user_id`, `room_id`, `period_id`, `created_at`, `updated_at`) VALUES (100, 290, 4, '2016-02-07 02:44:06', '2019-06-02 19:15:18');
INSERT INTO `orders` (`user_id`, `room_id`, `period_id`, `created_at`, `updated_at`) VALUES (76, 294, 16, '2020-05-25 12:52:53', '2012-01-10 18:51:02');
INSERT INTO `orders` (`user_id`, `room_id`, `period_id`, `created_at`, `updated_at`) VALUES (64, 294, 56, '2012-08-02 20:07:35', '2013-04-26 22:52:08');
INSERT INTO `orders` (`user_id`, `room_id`, `period_id`, `created_at`, `updated_at`) VALUES (7, 295, 41, '2016-02-12 00:01:34', '2015-08-10 03:15:37');
INSERT INTO `orders` (`user_id`, `room_id`, `period_id`, `created_at`, `updated_at`) VALUES (149, 300, 24, '2016-08-27 00:19:13', '2014-05-14 13:50:53');
