-- MySQL dump 10.13  Distrib 8.0.21, for Linux (x86_64)
--
-- Host: localhost    Database: vk
-- ------------------------------------------------------
-- Server version	8.0.21-0ubuntu0.20.04.3

/*!40101 SET @OLD_CHARACTER_SET_CLIENT=@@CHARACTER_SET_CLIENT */;
/*!40101 SET @OLD_CHARACTER_SET_RESULTS=@@CHARACTER_SET_RESULTS */;
/*!40101 SET @OLD_COLLATION_CONNECTION=@@COLLATION_CONNECTION */;
/*!50503 SET NAMES utf8mb4 */;
/*!40103 SET @OLD_TIME_ZONE=@@TIME_ZONE */;
/*!40103 SET TIME_ZONE='+00:00' */;
/*!40014 SET @OLD_UNIQUE_CHECKS=@@UNIQUE_CHECKS, UNIQUE_CHECKS=0 */;
/*!40014 SET @OLD_FOREIGN_KEY_CHECKS=@@FOREIGN_KEY_CHECKS, FOREIGN_KEY_CHECKS=0 */;
/*!40101 SET @OLD_SQL_MODE=@@SQL_MODE, SQL_MODE='NO_AUTO_VALUE_ON_ZERO' */;
/*!40111 SET @OLD_SQL_NOTES=@@SQL_NOTES, SQL_NOTES=0 */;

--
-- Table structure for table `communities`
--

DROP TABLE IF EXISTS `communities`;
/*!40101 SET @saved_cs_client     = @@character_set_client */;
/*!50503 SET character_set_client = utf8mb4 */;
CREATE TABLE `communities` (
  `id` int unsigned NOT NULL AUTO_INCREMENT COMMENT 'Идентификатор сроки',
  `name` varchar(150) CHARACTER SET utf8 COLLATE utf8_unicode_ci NOT NULL COMMENT 'Название группы',
  `created_at` datetime DEFAULT CURRENT_TIMESTAMP COMMENT 'Время создания строки',
  `updated_at` datetime DEFAULT CURRENT_TIMESTAMP ON UPDATE CURRENT_TIMESTAMP COMMENT 'Время обновления строки',
  PRIMARY KEY (`id`),
  UNIQUE KEY `name` (`name`)
) ENGINE=InnoDB AUTO_INCREMENT=101 DEFAULT CHARSET=utf8 COLLATE=utf8_unicode_ci COMMENT='Группы';
/*!40101 SET character_set_client = @saved_cs_client */;

--
-- Dumping data for table `communities`
--

LOCK TABLES `communities` WRITE;
/*!40000 ALTER TABLE `communities` DISABLE KEYS */;
INSERT INTO `communities` VALUES (1,'quod','2020-03-20 13:57:00','2020-07-27 09:25:41'),(2,'qui','2013-05-24 23:47:11','2014-04-18 20:23:54'),(3,'est','2014-11-06 04:27:48','2020-07-27 09:25:41'),(4,'deserunt','2019-09-19 09:06:00','2020-07-27 09:25:41'),(5,'non','2020-05-27 08:49:10','2020-07-27 09:25:41'),(6,'sunt','2013-03-16 18:06:42','2020-01-04 05:26:02'),(7,'exercitationem','2016-03-15 07:13:09','2020-07-27 09:25:41'),(8,'itaque','2011-08-08 07:59:27','2016-07-15 15:27:25'),(9,'accusamus','2015-07-31 21:36:08','2019-04-05 14:43:32'),(10,'sapiente','2016-05-26 12:40:37','2016-11-19 19:21:50'),(11,'animi','2019-09-04 03:08:37','2020-07-27 09:25:41'),(12,'eligendi','2019-12-27 20:53:21','2020-07-27 09:25:41'),(13,'officiis','2018-01-31 13:57:58','2020-07-27 09:25:41'),(14,'quasi','2012-12-25 09:37:47','2020-07-27 09:25:41'),(15,'et','2019-11-08 08:01:37','2020-07-27 09:25:41'),(16,'ea','2013-12-19 14:29:06','2020-07-27 09:25:41'),(17,'magnam','2011-06-24 06:25:03','2014-01-08 21:24:57'),(18,'aperiam','2011-11-13 07:00:10','2017-07-28 06:10:18'),(19,'ut','2017-09-22 22:57:32','2020-07-27 09:25:41'),(20,'dolorem','2018-10-04 12:48:18','2019-05-18 01:20:52');
/*!40000 ALTER TABLE `communities` ENABLE KEYS */;
UNLOCK TABLES;

--
-- Table structure for table `communities_users`
--

DROP TABLE IF EXISTS `communities_users`;
/*!40101 SET @saved_cs_client     = @@character_set_client */;
/*!50503 SET character_set_client = utf8mb4 */;
CREATE TABLE `communities_users` (
  `community_id` int unsigned NOT NULL COMMENT 'Ссылка на группу',
  `user_id` int unsigned NOT NULL COMMENT 'Ссылка на пользователя',
  `created_at` datetime DEFAULT CURRENT_TIMESTAMP COMMENT 'Время создания строки',
  PRIMARY KEY (`community_id`,`user_id`) COMMENT 'Составной первичный ключ',
  KEY `communities_users_user_id_fk` (`user_id`),
  CONSTRAINT `communities_users_community_id_fk` FOREIGN KEY (`community_id`) REFERENCES `communities` (`id`),
  CONSTRAINT `communities_users_user_id_fk` FOREIGN KEY (`user_id`) REFERENCES `users` (`id`)
) ENGINE=InnoDB DEFAULT CHARSET=utf8 COLLATE=utf8_unicode_ci COMMENT='Участники групп, связь между пользователями и группами';
/*!40101 SET character_set_client = @saved_cs_client */;

--
-- Dumping data for table `communities_users`
--

LOCK TABLES `communities_users` WRITE;
/*!40000 ALTER TABLE `communities_users` DISABLE KEYS */;
INSERT INTO `communities_users` VALUES (1,6,'2013-02-05 07:26:06'),(1,22,'2018-08-01 23:05:51'),(1,44,'2013-05-05 05:11:57'),(1,50,'2016-10-05 08:29:27'),(1,65,'2014-12-28 13:12:20'),(2,17,'2019-09-17 16:09:14'),(2,33,'2019-03-01 02:01:57'),(2,34,'2018-12-30 06:33:53'),(2,76,'2012-05-24 17:23:38'),(2,87,'2016-06-08 08:35:21'),(2,96,'2017-09-19 14:21:56'),(3,4,'2012-08-04 02:34:57'),(3,6,'2018-07-11 21:00:45'),(3,36,'2012-04-24 00:59:02'),(3,53,'2017-07-08 08:35:03'),(3,76,'2011-11-12 08:58:26'),(3,86,'2020-05-30 17:24:06'),(4,9,'2012-03-29 12:23:14'),(4,19,'2011-06-24 12:33:11'),(4,77,'2011-12-07 03:41:36'),(4,83,'2013-09-25 21:57:49'),(5,32,'2012-11-14 17:06:10'),(5,92,'2011-11-27 08:20:52'),(5,96,'2019-09-20 11:29:23'),(6,30,'2012-02-15 03:20:36'),(6,34,'2012-01-15 09:47:46'),(6,58,'2012-04-20 07:20:43'),(6,68,'2013-03-29 10:07:49'),(6,71,'2013-07-30 12:04:34'),(6,95,'2018-12-09 12:30:56'),(7,1,'2015-08-12 21:08:07'),(7,39,'2018-06-08 01:59:51'),(7,50,'2020-06-16 17:52:06'),(7,53,'2017-11-04 12:44:38'),(7,60,'2015-11-13 10:29:20'),(7,93,'2014-11-07 16:19:57'),(8,46,'2018-02-10 00:19:11'),(8,76,'2016-07-25 00:20:18'),(8,85,'2017-06-01 13:31:06'),(8,87,'2011-08-01 10:51:06'),(8,88,'2014-03-16 04:03:45'),(8,91,'2014-08-14 00:57:46'),(8,98,'2013-08-27 20:42:58'),(9,9,'2015-12-08 10:36:08'),(9,13,'2011-05-15 10:46:43'),(9,30,'2013-09-24 07:15:23'),(9,65,'2014-03-14 01:04:06'),(10,28,'2012-01-23 10:19:49'),(10,74,'2019-07-20 09:46:39'),(10,95,'2012-05-27 12:14:21'),(11,39,'2018-03-19 07:03:45'),(11,40,'2011-08-13 13:26:51'),(12,15,'2010-12-09 12:55:37'),(12,24,'2016-04-11 20:20:31'),(12,39,'2018-07-22 15:32:29'),(12,45,'2014-08-09 06:17:27'),(12,81,'2020-05-09 10:11:57'),(13,18,'2014-08-22 02:06:48'),(13,25,'2013-01-02 02:34:02'),(13,50,'2017-07-12 14:27:55'),(13,54,'2013-04-08 05:51:11'),(13,100,'2017-02-23 13:38:12'),(14,10,'2014-05-12 06:47:12'),(14,14,'2020-05-08 19:33:41'),(14,56,'2014-03-22 11:22:10'),(14,80,'2014-01-22 08:36:22'),(14,85,'2016-09-27 09:26:19'),(15,55,'2017-09-14 19:26:19'),(15,65,'2010-10-28 14:35:18'),(15,79,'2018-08-22 17:20:57'),(15,83,'2016-02-25 06:08:14'),(16,16,'2019-01-09 03:04:58'),(16,34,'2012-01-19 15:57:42'),(16,58,'2019-12-02 06:40:02'),(16,69,'2014-02-11 17:44:27'),(17,12,'2010-08-26 13:56:03'),(17,13,'2014-10-04 07:02:00'),(17,16,'2017-05-14 14:54:14'),(17,42,'2016-01-20 05:53:06'),(17,46,'2017-09-17 05:06:49'),(17,70,'2014-02-19 20:29:29'),(18,2,'2015-01-26 18:45:51'),(18,29,'2019-06-18 00:57:27'),(18,40,'2016-02-17 23:01:40'),(18,47,'2017-06-04 01:52:09'),(18,65,'2016-09-21 05:23:20'),(18,76,'2016-10-28 06:54:40'),(18,93,'2013-10-24 17:31:35'),(19,24,'2012-05-16 03:57:17'),(19,33,'2016-06-20 15:37:36'),(19,41,'2016-09-02 09:04:17'),(19,52,'2016-11-21 14:37:29'),(19,84,'2016-05-12 05:59:17'),(19,87,'2013-02-12 14:44:08'),(20,29,'2013-04-07 11:19:53'),(20,38,'2016-05-17 04:14:10'),(20,42,'2019-08-30 14:05:23'),(20,47,'2016-09-16 23:47:10'),(20,58,'2014-09-16 03:56:53'),(20,72,'2014-06-19 10:01:51');
/*!40000 ALTER TABLE `communities_users` ENABLE KEYS */;
UNLOCK TABLES;

--
-- Table structure for table `friendship`
--

DROP TABLE IF EXISTS `friendship`;
/*!40101 SET @saved_cs_client     = @@character_set_client */;
/*!50503 SET character_set_client = utf8mb4 */;
CREATE TABLE `friendship` (
  `user_id` int unsigned NOT NULL COMMENT 'Ссылка на инициатора дружеских отношений',
  `friend_id` int unsigned NOT NULL COMMENT 'Ссылка на получателя приглашения дружить',
  `status_id` int unsigned NOT NULL COMMENT 'Ссылка на статус (текущее состояние) отношений',
  `requested_at` datetime DEFAULT CURRENT_TIMESTAMP COMMENT 'Время отправления приглашения дружить',
  `confirmed_at` datetime DEFAULT NULL COMMENT 'Время подтверждения приглашения',
  `updated_at` datetime DEFAULT CURRENT_TIMESTAMP ON UPDATE CURRENT_TIMESTAMP COMMENT 'Время обновления строки',
  PRIMARY KEY (`user_id`,`friend_id`) COMMENT 'Составной первичный ключ',
  KEY `friendship_friend_id_fk` (`friend_id`),
  KEY `friendship_status_id_fk` (`status_id`),
  CONSTRAINT `friendship_friend_id_fk` FOREIGN KEY (`friend_id`) REFERENCES `users` (`id`),
  CONSTRAINT `friendship_status_id_fk` FOREIGN KEY (`status_id`) REFERENCES `friendship_statuses` (`id`),
  CONSTRAINT `friendship_user_id_fk` FOREIGN KEY (`user_id`) REFERENCES `users` (`id`)
) ENGINE=InnoDB DEFAULT CHARSET=utf8 COLLATE=utf8_unicode_ci COMMENT='Таблица дружбы';
/*!40101 SET character_set_client = @saved_cs_client */;

--
-- Dumping data for table `friendship`
--

LOCK TABLES `friendship` WRITE;
/*!40000 ALTER TABLE `friendship` DISABLE KEYS */;
INSERT INTO `friendship` VALUES (5,24,3,'2012-07-14 04:21:22','2020-07-27 09:21:12','2020-07-27 09:21:12'),(5,34,1,'2017-05-13 01:13:28','2020-07-27 09:21:12','2020-07-27 09:21:12'),(6,59,7,'2017-05-18 06:13:57','2020-07-27 09:21:12','2020-07-27 09:21:12'),(7,19,10,'2013-09-28 23:53:40','2014-03-26 04:13:05','2020-07-27 09:21:14'),(11,18,1,'2020-05-02 08:04:46','2020-07-27 09:21:12','2020-07-27 09:21:12'),(11,51,6,'2018-04-09 19:33:13','2020-07-27 09:21:12','2020-07-27 09:21:12'),(11,87,9,'2018-12-24 17:45:30','2020-07-27 09:21:12','2020-07-27 09:21:12'),(11,89,8,'2014-01-31 18:22:04','2014-04-17 00:51:06','2016-12-16 11:39:29'),(13,99,1,'2017-05-29 01:59:50','2020-07-27 09:21:12','2020-07-27 09:21:12'),(15,31,9,'2019-07-16 21:27:11','2020-07-27 09:21:12','2020-07-27 09:21:12'),(15,84,1,'2012-01-25 09:00:17','2020-07-27 09:21:12','2020-07-27 09:21:12'),(16,41,7,'2016-11-06 06:06:34','2020-02-28 06:09:12','2020-07-27 09:21:14'),(17,45,9,'2014-08-31 21:53:57','2019-12-13 12:06:13','2016-05-21 06:35:20'),(17,87,4,'2016-04-05 12:04:46','2020-07-27 09:21:12','2020-07-27 09:21:12'),(19,5,1,'2012-02-04 05:47:13','2020-07-27 09:21:12','2020-07-27 09:21:12'),(20,58,8,'2017-12-11 03:38:05','2020-07-27 09:21:12','2020-07-27 09:21:12'),(20,99,6,'2020-01-10 09:51:23','2020-07-27 09:21:12','2020-07-27 09:21:12'),(22,12,8,'2014-09-03 11:19:56','2017-07-16 19:40:46','2016-02-07 01:58:05'),(23,88,2,'2016-12-26 02:27:24','2020-07-27 09:21:12','2020-07-27 09:21:12'),(23,97,6,'2013-01-16 02:44:53','2020-07-27 09:21:12','2020-07-27 09:21:12'),(24,46,10,'2015-10-31 16:01:18','2019-01-21 10:46:34','2020-03-18 10:48:55'),(25,28,2,'2013-10-10 14:45:13','2015-04-10 08:03:17','2020-07-27 09:21:14'),(25,84,3,'2015-12-18 11:34:21','2016-10-15 14:09:09','2020-07-27 09:21:14'),(26,81,9,'2018-02-17 07:42:41','2020-07-27 09:21:12','2020-07-27 09:21:12'),(27,17,2,'2014-01-02 02:43:23','2019-10-02 22:31:07','2017-02-25 06:45:55'),(27,21,7,'2010-12-02 02:34:08','2016-02-15 06:09:52','2013-01-22 18:46:33'),(28,35,9,'2014-06-17 11:35:49','2020-07-27 09:21:12','2020-07-27 09:21:12'),(28,81,7,'2016-02-04 20:13:56','2020-03-13 04:54:29','2020-07-27 09:21:14'),(31,41,10,'2018-03-26 16:52:42','2020-07-27 09:21:12','2020-07-27 09:21:12'),(31,43,7,'2014-05-29 17:05:21','2020-07-27 09:21:12','2020-07-27 09:21:12'),(32,15,5,'2012-10-09 11:41:35','2019-11-25 08:21:46','2013-07-31 18:37:09'),(32,27,5,'2016-06-14 23:26:14','2020-07-27 09:21:12','2020-07-27 09:21:12'),(33,34,3,'2015-04-05 09:01:47','2020-07-27 09:21:12','2020-07-27 09:21:12'),(34,5,7,'2013-04-09 02:42:39','2020-07-27 09:21:12','2020-07-27 09:21:12'),(35,45,8,'2016-07-31 09:23:46','2020-07-27 09:21:12','2020-07-27 09:21:12'),(37,13,8,'2015-10-23 17:32:42','2019-02-19 17:44:00','2020-02-20 09:18:27'),(37,38,2,'2012-09-01 08:03:56','2020-07-27 09:21:12','2020-07-27 09:21:12'),(37,50,6,'2020-05-28 17:47:07','2020-07-27 09:21:12','2020-07-27 09:21:12'),(38,39,9,'2016-02-13 22:22:09','2019-12-22 17:54:10','2020-01-08 10:55:41'),(39,56,3,'2016-06-30 05:35:26','2020-07-27 09:21:12','2020-07-27 09:21:12'),(40,35,3,'2015-02-03 16:23:44','2020-07-27 09:21:12','2020-07-27 09:21:12'),(40,57,6,'2010-12-29 10:43:52','2018-10-13 20:36:40','2020-01-13 11:40:52'),(41,25,6,'2013-10-28 05:33:52','2020-07-27 09:21:12','2020-07-27 09:21:12'),(41,76,9,'2019-12-30 22:56:36','2020-07-27 09:21:12','2020-07-27 09:21:12'),(44,88,2,'2019-03-05 23:45:58','2020-01-24 05:16:49','2020-07-27 09:21:14'),(46,33,7,'2012-02-03 12:11:44','2016-01-15 23:07:23','2014-06-20 21:41:25'),(46,83,5,'2017-12-11 01:54:10','2020-07-27 09:21:12','2020-07-27 09:21:12'),(48,4,2,'2017-05-14 16:55:50','2018-11-07 10:06:30','2020-07-27 09:21:14'),(48,98,9,'2016-01-01 02:34:26','2020-07-27 09:21:12','2020-07-27 09:21:12'),(49,40,2,'2016-07-26 20:06:20','2020-07-27 09:21:12','2020-07-27 09:21:12'),(50,80,2,'2019-09-19 03:31:04','2020-07-27 09:21:12','2020-07-27 09:21:12'),(51,61,4,'2017-08-04 20:34:20','2020-07-27 09:21:12','2020-07-27 09:21:12'),(52,76,6,'2011-03-24 13:26:59','2016-04-26 05:58:20','2020-07-27 09:21:14'),(53,30,7,'2019-05-14 05:34:42','2020-07-27 09:21:12','2020-07-27 09:21:12'),(53,46,9,'2016-05-02 09:28:58','2020-07-27 09:21:12','2020-07-27 09:21:12'),(54,40,1,'2012-03-15 07:43:04','2013-05-17 09:18:38','2016-11-22 16:57:53'),(56,33,4,'2016-01-11 17:40:54','2020-07-27 09:21:12','2020-07-27 09:21:12'),(58,23,5,'2011-08-19 03:48:30','2018-12-02 18:19:07','2017-10-07 20:42:57'),(58,44,1,'2018-01-18 08:10:36','2020-07-27 09:21:12','2020-07-27 09:21:12'),(59,95,4,'2014-12-07 21:16:19','2018-04-29 04:42:19','2020-07-27 09:21:14'),(60,84,8,'2014-07-29 00:01:17','2016-08-22 21:13:13','2020-07-27 09:21:14'),(61,91,4,'2019-05-31 10:42:18','2020-07-27 09:21:12','2020-07-27 09:21:12'),(64,62,1,'2016-04-28 07:06:27','2020-07-27 09:21:12','2020-07-27 09:21:12'),(67,4,1,'2012-04-20 01:53:04','2017-03-31 05:40:18','2012-06-03 07:28:20'),(68,20,10,'2013-02-22 02:09:29','2018-07-23 19:49:25','2020-07-27 09:21:14'),(69,47,2,'2011-01-28 22:39:39','2011-02-20 11:31:33','2018-11-07 23:34:32'),(69,71,8,'2017-06-22 09:11:12','2019-11-23 18:50:07','2020-07-27 09:21:14'),(72,15,4,'2011-01-02 14:43:23','2011-05-11 23:51:06','2011-05-09 16:14:16'),(73,8,3,'2018-03-08 20:23:09','2020-03-08 00:08:46','2020-07-27 09:21:14'),(73,98,10,'2012-09-17 18:41:25','2016-10-10 22:32:57','2018-02-15 20:27:11'),(74,77,8,'2012-08-31 11:24:22','2017-03-19 14:36:46','2020-07-27 09:21:14'),(75,58,9,'2020-05-06 05:09:47','2020-07-27 09:21:12','2020-07-27 09:21:12'),(76,6,5,'2018-10-18 04:01:14','2020-07-27 09:21:12','2020-07-27 09:21:12'),(77,23,4,'2015-09-13 22:43:24','2016-03-12 14:51:57','2018-06-21 18:59:11'),(77,62,3,'2013-03-26 05:23:49','2013-04-10 02:40:31','2019-08-03 13:04:14'),(78,51,10,'2015-03-24 16:44:46','2018-08-07 04:00:31','2015-11-03 09:03:39'),(80,9,2,'2012-04-26 21:23:19','2020-03-16 15:27:08','2017-04-09 07:33:46'),(80,12,4,'2019-10-16 08:51:12','2020-07-27 09:21:12','2020-07-27 09:21:12'),(80,39,1,'2011-08-10 17:39:59','2020-06-13 18:06:28','2017-10-17 17:50:36'),(85,6,3,'2020-04-27 04:51:44','2020-07-27 09:21:12','2020-07-27 09:21:12'),(85,30,6,'2017-09-25 09:39:44','2020-07-27 09:21:12','2020-07-27 09:21:12'),(86,30,3,'2012-11-07 05:10:06','2020-07-27 09:21:12','2020-07-27 09:21:12'),(86,63,8,'2015-06-01 23:21:36','2020-07-27 09:21:12','2020-07-27 09:21:12'),(88,11,4,'2016-02-08 16:05:38','2016-02-19 07:22:55','2020-07-27 09:21:14'),(88,28,5,'2017-11-22 16:52:44','2020-07-27 09:21:12','2020-07-27 09:21:12'),(90,11,10,'2020-03-08 12:03:09','2020-06-03 10:02:47','2020-07-27 09:21:14'),(90,35,7,'2019-03-30 17:03:05','2020-07-27 09:21:12','2020-07-27 09:21:12'),(91,58,8,'2011-06-22 16:41:46','2014-03-25 21:06:53','2013-09-09 13:53:46'),(92,85,5,'2016-03-13 06:42:08','2020-07-27 09:21:12','2020-07-27 09:21:12'),(93,7,6,'2020-03-15 10:06:53','2020-07-27 09:21:12','2020-07-27 09:21:12'),(93,12,10,'2016-02-12 18:29:54','2018-08-28 11:21:04','2020-07-27 09:21:14'),(93,32,5,'2016-05-04 14:49:21','2019-01-30 22:02:26','2020-07-27 09:21:14'),(93,73,5,'2011-10-31 22:57:22','2018-05-07 15:21:05','2019-02-21 23:17:54'),(95,30,10,'2020-02-05 15:52:31','2020-02-27 05:41:19','2020-07-27 09:21:14'),(95,48,3,'2020-05-21 23:51:06','2020-07-27 09:21:12','2020-07-27 09:21:12'),(95,60,5,'2014-02-13 01:26:55','2020-05-19 13:34:53','2020-07-27 09:21:14'),(96,80,4,'2011-04-10 16:46:00','2012-02-16 18:32:27','2012-06-12 07:52:45'),(99,94,10,'2012-09-17 07:24:05','2019-01-25 18:22:35','2016-10-27 01:32:58'),(100,67,7,'2017-07-02 12:24:24','2020-07-27 09:21:12','2020-07-27 09:21:12');
/*!40000 ALTER TABLE `friendship` ENABLE KEYS */;
UNLOCK TABLES;

--
-- Table structure for table `friendship_statuses`
--

DROP TABLE IF EXISTS `friendship_statuses`;
/*!40101 SET @saved_cs_client     = @@character_set_client */;
/*!50503 SET character_set_client = utf8mb4 */;
CREATE TABLE `friendship_statuses` (
  `id` int unsigned NOT NULL AUTO_INCREMENT COMMENT 'Идентификатор строки',
  `name` varchar(150) CHARACTER SET utf8 COLLATE utf8_unicode_ci NOT NULL COMMENT 'Название статуса',
  `created_at` datetime DEFAULT CURRENT_TIMESTAMP COMMENT 'Время создания строки',
  `updated_at` datetime DEFAULT CURRENT_TIMESTAMP ON UPDATE CURRENT_TIMESTAMP COMMENT 'Время обновления строки',
  PRIMARY KEY (`id`),
  UNIQUE KEY `name` (`name`)
) ENGINE=InnoDB AUTO_INCREMENT=11 DEFAULT CHARSET=utf8 COLLATE=utf8_unicode_ci COMMENT='Статусы дружбы';
/*!40101 SET character_set_client = @saved_cs_client */;

--
-- Dumping data for table `friendship_statuses`
--

LOCK TABLES `friendship_statuses` WRITE;
/*!40000 ALTER TABLE `friendship_statuses` DISABLE KEYS */;
INSERT INTO `friendship_statuses` VALUES (1,'placeat','2015-06-15 10:14:29','2020-07-27 09:20:31'),(2,'nemo','2010-08-08 05:20:58','2016-12-30 10:09:13'),(3,'laboriosam','2019-02-07 03:42:21','2020-07-27 09:20:31'),(4,'at','2018-10-13 01:25:54','2020-07-27 09:20:31'),(5,'fugit','2018-03-30 06:13:29','2020-07-27 09:20:31'),(6,'ut','2019-04-21 10:13:28','2020-07-27 09:20:31'),(7,'atque','2015-11-24 05:13:32','2020-07-27 09:20:31'),(8,'vero','2016-08-02 21:17:44','2020-05-06 14:34:08'),(9,'maxime','2013-08-12 01:40:36','2016-05-20 11:45:55'),(10,'qui','2011-09-07 06:29:40','2017-05-17 16:02:20');
/*!40000 ALTER TABLE `friendship_statuses` ENABLE KEYS */;
UNLOCK TABLES;

--
-- Table structure for table `likes`
--

DROP TABLE IF EXISTS `likes`;
/*!40101 SET @saved_cs_client     = @@character_set_client */;
/*!50503 SET character_set_client = utf8mb4 */;
CREATE TABLE `likes` (
  `id` int unsigned NOT NULL AUTO_INCREMENT,
  `user_id` int unsigned NOT NULL,
  `target_id` int unsigned NOT NULL,
  `target_type_id` int unsigned NOT NULL,
  `created_at` datetime DEFAULT CURRENT_TIMESTAMP,
  PRIMARY KEY (`id`),
  KEY `likes_target_id_users_fk` (`target_id`),
  KEY `likes_user_id_fk` (`user_id`),
  KEY `likes_target_type_id_fk` (`target_type_id`),
  CONSTRAINT `likes_target_type_id_fk` FOREIGN KEY (`target_type_id`) REFERENCES `target_types` (`id`),
  CONSTRAINT `likes_user_id_fk` FOREIGN KEY (`user_id`) REFERENCES `users` (`id`)
) ENGINE=InnoDB AUTO_INCREMENT=101 DEFAULT CHARSET=utf8mb4 COLLATE=utf8mb4_0900_ai_ci;
/*!40101 SET character_set_client = @saved_cs_client */;

--
-- Dumping data for table `likes`
--

LOCK TABLES `likes` WRITE;
/*!40000 ALTER TABLE `likes` DISABLE KEYS */;
INSERT INTO `likes` VALUES (1,2,4,1,'2020-08-01 09:31:13'),(2,42,46,1,'2020-08-01 09:31:13'),(3,96,11,3,'2020-08-01 09:31:13'),(4,42,10,2,'2020-08-01 09:31:13'),(5,13,84,4,'2020-08-01 09:31:13'),(6,16,22,3,'2020-08-01 09:31:13'),(7,7,9,1,'2020-08-01 09:31:13'),(8,69,23,1,'2020-08-01 09:31:13'),(9,39,80,4,'2020-08-01 09:31:13'),(10,18,9,4,'2020-08-01 09:31:13'),(11,97,29,3,'2020-08-01 09:31:13'),(12,12,46,4,'2020-08-01 09:31:13'),(13,19,89,4,'2020-08-01 09:31:13'),(14,57,66,3,'2020-08-01 09:31:13'),(15,53,70,4,'2020-08-01 09:31:13'),(16,12,82,3,'2020-08-01 09:31:13'),(17,32,72,3,'2020-08-01 09:31:13'),(18,73,10,2,'2020-08-01 09:31:13'),(19,2,7,2,'2020-08-01 09:31:13'),(20,92,93,4,'2020-08-01 09:31:13'),(21,71,82,4,'2020-08-01 09:31:13'),(22,46,50,1,'2020-08-01 09:31:13'),(23,47,7,4,'2020-08-01 09:31:13'),(24,55,93,1,'2020-08-01 09:31:13'),(25,36,32,3,'2020-08-01 09:31:13'),(26,1,90,2,'2020-08-01 09:31:13'),(27,86,1,2,'2020-08-01 09:31:13'),(28,83,50,1,'2020-08-01 09:31:13'),(29,69,99,4,'2020-08-01 09:31:13'),(30,27,32,4,'2020-08-01 09:31:13'),(31,72,58,3,'2020-08-01 09:31:13'),(32,73,47,1,'2020-08-01 09:31:13'),(33,3,57,4,'2020-08-01 09:31:13'),(34,2,27,2,'2020-08-01 09:31:13'),(35,59,34,4,'2020-08-01 09:31:13'),(36,52,72,1,'2020-08-01 09:31:13'),(37,12,22,3,'2020-08-01 09:31:13'),(38,79,85,4,'2020-08-01 09:31:13'),(39,45,58,3,'2020-08-01 09:31:13'),(40,54,19,2,'2020-08-01 09:31:13'),(41,8,10,2,'2020-08-01 09:31:13'),(42,94,23,2,'2020-08-01 09:31:13'),(43,27,44,2,'2020-08-01 09:31:13'),(44,73,37,3,'2020-08-01 09:31:13'),(45,62,1,1,'2020-08-01 09:31:13'),(46,91,96,1,'2020-08-01 09:31:13'),(47,51,18,2,'2020-08-01 09:31:13'),(48,41,76,3,'2020-08-01 09:31:13'),(49,56,51,4,'2020-08-01 09:31:13'),(50,24,95,1,'2020-08-01 09:31:13'),(51,58,41,2,'2020-08-01 09:31:13'),(52,56,54,4,'2020-08-01 09:31:13'),(53,53,37,1,'2020-08-01 09:31:13'),(54,91,39,1,'2020-08-01 09:31:13'),(55,91,85,3,'2020-08-01 09:31:13'),(56,65,30,3,'2020-08-01 09:31:13'),(57,20,100,2,'2020-08-01 09:31:13'),(58,61,28,3,'2020-08-01 09:31:13'),(59,25,29,3,'2020-08-01 09:31:13'),(60,100,76,4,'2020-08-01 09:31:13'),(61,2,93,3,'2020-08-01 09:31:13'),(62,95,67,2,'2020-08-01 09:31:13'),(63,99,31,3,'2020-08-01 09:31:13'),(64,27,25,2,'2020-08-01 09:31:13'),(65,32,64,1,'2020-08-01 09:31:13'),(66,30,80,1,'2020-08-01 09:31:13'),(67,70,57,3,'2020-08-01 09:31:13'),(68,99,18,4,'2020-08-01 09:31:13'),(69,100,7,2,'2020-08-01 09:31:13'),(70,3,2,1,'2020-08-01 09:31:13'),(71,11,81,3,'2020-08-01 09:31:13'),(72,3,60,4,'2020-08-01 09:31:13'),(73,5,51,2,'2020-08-01 09:31:13'),(74,85,57,2,'2020-08-01 09:31:13'),(75,8,30,1,'2020-08-01 09:31:13'),(76,48,74,1,'2020-08-01 09:31:13'),(77,12,72,2,'2020-08-01 09:31:13'),(78,24,49,3,'2020-08-01 09:31:13'),(79,91,37,1,'2020-08-01 09:31:13'),(80,63,75,4,'2020-08-01 09:31:13'),(81,3,92,2,'2020-08-01 09:31:13'),(82,3,41,4,'2020-08-01 09:31:13'),(83,38,73,3,'2020-08-01 09:31:13'),(84,42,20,3,'2020-08-01 09:31:13'),(85,84,58,2,'2020-08-01 09:31:13'),(86,37,39,4,'2020-08-01 09:31:13'),(87,20,80,2,'2020-08-01 09:31:13'),(88,51,16,2,'2020-08-01 09:31:13'),(89,37,41,4,'2020-08-01 09:31:13'),(90,89,70,4,'2020-08-01 09:31:13'),(91,61,51,3,'2020-08-01 09:31:13'),(92,68,93,3,'2020-08-01 09:31:13'),(93,40,18,3,'2020-08-01 09:31:13'),(94,20,21,2,'2020-08-01 09:31:13'),(95,83,20,3,'2020-08-01 09:31:13'),(96,39,41,4,'2020-08-01 09:31:13'),(97,10,53,2,'2020-08-01 09:31:13'),(98,93,31,4,'2020-08-01 09:31:13'),(99,2,55,3,'2020-08-01 09:31:13'),(100,82,31,1,'2020-08-01 09:31:13');
/*!40000 ALTER TABLE `likes` ENABLE KEYS */;
UNLOCK TABLES;

--
-- Table structure for table `media`
--

DROP TABLE IF EXISTS `media`;
/*!40101 SET @saved_cs_client     = @@character_set_client */;
/*!50503 SET character_set_client = utf8mb4 */;
CREATE TABLE `media` (
  `id` int unsigned NOT NULL AUTO_INCREMENT COMMENT 'Идентификатор строки',
  `user_id` int unsigned NOT NULL COMMENT 'Ссылка на пользователя, который загрузил файл',
  `filename` varchar(255) CHARACTER SET utf8 COLLATE utf8_unicode_ci NOT NULL COMMENT 'Путь к файлу',
  `size` int NOT NULL COMMENT 'Размер файла',
  `metadata` json DEFAULT NULL,
  `media_type_id` int unsigned NOT NULL COMMENT 'Ссылка на тип контента',
  `created_at` datetime DEFAULT CURRENT_TIMESTAMP COMMENT 'Время создания строки',
  `updated_at` datetime DEFAULT CURRENT_TIMESTAMP ON UPDATE CURRENT_TIMESTAMP COMMENT 'Время обновления строки',
  PRIMARY KEY (`id`),
  KEY `media_user_id` (`user_id`),
  KEY `media_media_type_id_fk` (`media_type_id`),
  CONSTRAINT `media_media_type_id_fk` FOREIGN KEY (`media_type_id`) REFERENCES `media_types` (`id`),
  CONSTRAINT `media_user_id` FOREIGN KEY (`user_id`) REFERENCES `users` (`id`),
  CONSTRAINT `media_chk_1` CHECK (json_valid(`metadata`))
) ENGINE=InnoDB AUTO_INCREMENT=101 DEFAULT CHARSET=utf8 COLLATE=utf8_unicode_ci COMMENT='Медиафайлы';
/*!40101 SET character_set_client = @saved_cs_client */;

--
-- Dumping data for table `media`
--

LOCK TABLES `media` WRITE;
/*!40000 ALTER TABLE `media` DISABLE KEYS */;
INSERT INTO `media` VALUES (1,21,'https://dropbox/vk/et.jpeg',823093,'{\"owner\": \"Brennon Runolfsson\"}',1,'2015-07-22 05:56:52','2020-07-27 08:44:12'),(2,33,'https://dropbox/vk/quis.mp3',992783,'{\"owner\": \"Kayleigh Effertz\"}',2,'2017-11-29 12:07:44','2020-07-27 08:44:12'),(3,71,'https://dropbox/vk/non.mov',250567,'{\"owner\": \"Katelin Rempel\"}',3,'2016-12-02 14:17:30','2020-07-27 08:44:12'),(4,68,'https://dropbox/vk/aut.png',575880,'{\"owner\": \"Zane Schimmel\"}',1,'2015-07-13 09:21:07','2020-07-27 08:44:12'),(5,63,'https://dropbox/vk/iusto.mp3',278164,'{\"owner\": \"Katelynn Stracke\"}',2,'2016-08-26 04:27:53','2020-07-27 08:44:12'),(6,15,'https://dropbox/vk/ut.mov',139380,'{\"owner\": \"Samir Bailey\"}',3,'2012-07-13 13:08:50','2020-07-27 08:44:12'),(7,25,'https://dropbox/vk/rerum.bmp',101775,'{\"owner\": \"Alphonso Kertzmann\"}',1,'2014-04-20 22:21:13','2020-07-27 08:44:12'),(8,40,'https://dropbox/vk/fuga.mp3',507533,'{\"owner\": \"Brenden Jacobs\"}',2,'2013-07-19 04:21:03','2020-07-27 08:44:12'),(9,62,'https://dropbox/vk/qui.mov',766637,'{\"owner\": \"Claudie Feeney\"}',3,'2012-03-15 14:21:55','2020-07-27 08:44:12'),(10,65,'https://dropbox/vk/vel.png',800876,'{\"owner\": \"Jonas Harvey\"}',1,'2016-07-13 10:48:46','2020-07-27 08:44:12'),(11,17,'https://dropbox/vk/error.wav',634660,'{\"owner\": \"Dora Spinka\"}',2,'2017-06-29 13:48:00','2020-07-27 08:44:12'),(12,18,'https://dropbox/vk/distinctio.avi',188811,'{\"owner\": \"Camren Wehner\"}',3,'2012-08-11 16:39:39','2020-07-27 08:44:12'),(13,64,'https://dropbox/vk/hic.png',296607,'{\"owner\": \"Edythe Zieme\"}',1,'2020-05-15 20:29:30','2020-07-27 08:44:12'),(14,26,'https://dropbox/vk/iusto.wav',668345,'{\"owner\": \"Roxanne McGlynn\"}',2,'2020-07-19 06:28:05','2020-07-27 08:44:12'),(15,84,'https://dropbox/vk/est.mpeg',800121,'{\"owner\": \"Monica Kutch\"}',3,'2010-11-23 12:44:50','2020-07-27 08:44:12'),(16,32,'https://dropbox/vk/ratione.jpeg',261386,'{\"owner\": \"Miracle Witting\"}',1,'2011-03-03 16:02:05','2020-07-27 08:44:12'),(17,79,'https://dropbox/vk/eum.mp3',92940,'{\"owner\": \"Ivory D\'Amore\"}',2,'2012-07-24 04:51:42','2020-07-27 08:44:12'),(18,25,'https://dropbox/vk/amet.avi',12308,'{\"owner\": \"Alphonso Kertzmann\"}',3,'2014-09-05 09:55:46','2020-07-27 08:44:12'),(19,60,'https://dropbox/vk/molestias.jpeg',234419,'{\"owner\": \"Seth Pagac\"}',1,'2016-07-31 05:06:36','2020-07-27 08:44:12'),(20,91,'https://dropbox/vk/enim.mp3',135198,'{\"owner\": \"Wilber Hamill\"}',2,'2011-04-05 09:45:31','2020-07-27 08:44:12'),(21,3,'https://dropbox/vk/praesentium.wmv',280075,'{\"owner\": \"Hollie Bernier\"}',3,'2017-11-15 05:48:03','2020-07-27 08:44:12'),(22,22,'https://dropbox/vk/qui.jpeg',211426,'{\"owner\": \"Evangeline Gislason\"}',1,'2020-02-27 18:14:28','2020-07-27 08:44:12'),(23,71,'https://dropbox/vk/nesciunt.mp3',26463,'{\"owner\": \"Katelin Rempel\"}',2,'2012-11-04 21:27:05','2020-07-27 08:44:12'),(24,73,'https://dropbox/vk/accusantium.mpeg',439565,'{\"owner\": \"Trinity Hyatt\"}',3,'2018-04-09 05:21:30','2020-07-27 08:44:12'),(25,42,'https://dropbox/vk/nulla.jpeg',987132,'{\"owner\": \"Blaze Hauck\"}',1,'2018-02-07 18:41:57','2020-07-27 08:44:12'),(26,27,'https://dropbox/vk/cumque.wav',115055,'{\"owner\": \"Willy Runte\"}',2,'2010-12-22 02:43:00','2020-07-27 08:44:12'),(27,75,'https://dropbox/vk/reprehenderit.wmv',691175,'{\"owner\": \"Sven Hirthe\"}',3,'2013-06-30 05:34:17','2020-07-27 08:44:12'),(28,56,'https://dropbox/vk/at.bmp',86525,'{\"owner\": \"Bobbie Bednar\"}',1,'2014-03-02 19:06:19','2020-07-27 08:44:12'),(29,12,'https://dropbox/vk/repellendus.wav',460306,'{\"owner\": \"Audie Torphy\"}',2,'2017-10-10 08:42:44','2020-07-27 08:44:12'),(30,71,'https://dropbox/vk/velit.mov',647167,'{\"owner\": \"Katelin Rempel\"}',3,'2013-05-12 02:28:19','2020-07-27 08:44:12'),(31,12,'https://dropbox/vk/inventore.bmp',847517,'{\"owner\": \"Audie Torphy\"}',1,'2013-09-17 07:03:56','2020-07-27 08:44:12'),(32,33,'https://dropbox/vk/sed.wav',699939,'{\"owner\": \"Kayleigh Effertz\"}',2,'2017-11-30 22:12:39','2020-07-27 08:44:12'),(33,3,'https://dropbox/vk/fuga.mov',336697,'{\"owner\": \"Hollie Bernier\"}',3,'2020-03-18 17:03:38','2020-07-27 08:44:12'),(34,82,'https://dropbox/vk/aut.jpeg',908927,'{\"owner\": \"Brennan Dietrich\"}',1,'2016-07-02 07:16:32','2020-07-27 08:44:12'),(35,100,'https://dropbox/vk/aut.wav',978453,'{\"owner\": \"Brian Romaguera\"}',2,'2016-11-27 14:50:54','2020-07-27 08:44:12'),(36,65,'https://dropbox/vk/vero.mpeg',401896,'{\"owner\": \"Jonas Harvey\"}',3,'2020-06-25 02:39:32','2020-07-27 08:44:12'),(37,97,'https://dropbox/vk/aliquam.bmp',292270,'{\"owner\": \"Florencio Kertzmann\"}',1,'2015-02-22 04:18:12','2020-07-27 08:44:12'),(38,24,'https://dropbox/vk/officiis.mp3',491826,'{\"owner\": \"Ruben Torphy\"}',2,'2011-10-02 08:44:40','2020-07-27 08:44:12'),(39,5,'https://dropbox/vk/est.mov',816354,'{\"owner\": \"Era Schuster\"}',3,'2016-03-19 10:17:36','2020-07-27 08:44:12'),(40,58,'https://dropbox/vk/fugit.jpeg',531231,'{\"owner\": \"Elizabeth Zemlak\"}',1,'2018-07-29 23:17:56','2020-07-27 08:44:12'),(41,89,'https://dropbox/vk/non.wav',756170,'{\"owner\": \"Jackson Ruecker\"}',2,'2016-08-22 18:55:13','2020-07-27 08:44:12'),(42,22,'https://dropbox/vk/illo.avi',944108,'{\"owner\": \"Evangeline Gislason\"}',3,'2017-02-01 10:51:17','2020-07-27 08:44:12'),(43,76,'https://dropbox/vk/cupiditate.jpeg',473731,'{\"owner\": \"Ezekiel Kilback\"}',1,'2016-03-25 23:01:59','2020-07-27 08:44:12'),(44,53,'https://dropbox/vk/aut.wav',20138,'{\"owner\": \"Heidi Blanda\"}',2,'2013-10-17 22:01:39','2020-07-27 08:44:12'),(45,47,'https://dropbox/vk/necessitatibus.avi',228131,'{\"owner\": \"Arch McClure\"}',3,'2016-01-17 17:24:55','2020-07-27 08:44:12'),(46,59,'https://dropbox/vk/in.bmp',437153,'{\"owner\": \"Winston Brown\"}',1,'2018-07-05 19:37:38','2020-07-27 08:44:12'),(47,84,'https://dropbox/vk/eos.wav',975766,'{\"owner\": \"Monica Kutch\"}',2,'2018-04-20 05:52:44','2020-07-27 08:44:12'),(48,25,'https://dropbox/vk/culpa.wmv',76629,'{\"owner\": \"Alphonso Kertzmann\"}',3,'2011-12-22 15:56:43','2020-07-27 08:44:12'),(49,83,'https://dropbox/vk/facilis.png',37819,'{\"owner\": \"Jeanie Aufderhar\"}',1,'2013-06-24 11:16:17','2020-07-27 08:44:12'),(50,43,'https://dropbox/vk/vitae.mp3',881947,'{\"owner\": \"Lacey Lesch\"}',2,'2013-06-02 22:15:04','2020-07-27 08:44:12'),(51,15,'https://dropbox/vk/excepturi.avi',43601,'{\"owner\": \"Samir Bailey\"}',3,'2014-10-21 04:47:43','2020-07-27 08:44:12'),(52,86,'https://dropbox/vk/nemo.png',636140,'{\"owner\": \"Anne O\'Reilly\"}',1,'2015-09-03 05:43:08','2020-07-27 08:44:12'),(53,64,'https://dropbox/vk/occaecati.wav',861667,'{\"owner\": \"Edythe Zieme\"}',2,'2015-11-02 00:33:28','2020-07-27 08:44:12'),(54,86,'https://dropbox/vk/et.wmv',918024,'{\"owner\": \"Anne O\'Reilly\"}',3,'2020-06-14 12:01:04','2020-07-27 08:44:12'),(55,58,'https://dropbox/vk/consequuntur.jpeg',64752,'{\"owner\": \"Elizabeth Zemlak\"}',1,'2014-12-31 12:15:16','2020-07-27 08:44:12'),(56,6,'https://dropbox/vk/corporis.mp3',169362,'{\"owner\": \"Kraig Hayes\"}',2,'2012-02-26 19:50:34','2020-07-27 08:44:12'),(57,12,'https://dropbox/vk/ratione.mpeg',155399,'{\"owner\": \"Audie Torphy\"}',3,'2015-07-08 12:08:15','2020-07-27 08:44:12'),(58,32,'https://dropbox/vk/perspiciatis.jpeg',382885,'{\"owner\": \"Miracle Witting\"}',1,'2014-11-03 05:58:26','2020-07-27 08:44:12'),(59,61,'https://dropbox/vk/numquam.mp3',334945,'{\"owner\": \"Aditya Auer\"}',2,'2013-02-28 20:34:54','2020-07-27 08:44:12'),(60,23,'https://dropbox/vk/odit.mpeg',667154,'{\"owner\": \"Jada Reinger\"}',3,'2013-08-21 20:43:32','2020-07-27 08:44:12'),(61,2,'https://dropbox/vk/iste.jpeg',544657,'{\"owner\": \"Stuart Boyle\"}',1,'2019-11-22 07:18:49','2020-07-27 08:44:12'),(62,73,'https://dropbox/vk/ea.wav',753229,'{\"owner\": \"Trinity Hyatt\"}',2,'2018-03-04 18:47:17','2020-07-27 08:44:12'),(63,56,'https://dropbox/vk/doloremque.wmv',75611,'{\"owner\": \"Bobbie Bednar\"}',3,'2011-03-07 04:05:48','2020-07-27 08:44:12'),(64,4,'https://dropbox/vk/maxime.bmp',613406,'{\"owner\": \"Henri Boyle\"}',1,'2014-12-20 19:42:19','2020-07-27 08:44:12'),(65,54,'https://dropbox/vk/ut.mp3',888063,'{\"owner\": \"Kiana Bogisich\"}',2,'2019-01-18 03:25:33','2020-07-27 08:44:12'),(66,55,'https://dropbox/vk/dolore.wmv',837179,'{\"owner\": \"Antonina Mann\"}',3,'2020-07-22 11:41:35','2020-07-27 08:44:12'),(67,69,'https://dropbox/vk/maxime.bmp',317217,'{\"owner\": \"Henderson Bruen\"}',1,'2013-05-24 23:29:58','2020-07-27 08:44:12'),(68,50,'https://dropbox/vk/sed.mp3',430657,'{\"owner\": \"Cade Becker\"}',2,'2016-10-12 19:02:22','2020-07-27 08:44:12'),(69,79,'https://dropbox/vk/ipsa.avi',644085,'{\"owner\": \"Ivory D\'Amore\"}',3,'2015-08-19 10:16:27','2020-07-27 08:44:12'),(70,74,'https://dropbox/vk/iusto.bmp',830441,'{\"owner\": \"Ariane Dooley\"}',1,'2012-09-29 12:45:03','2020-07-27 08:44:12'),(71,8,'https://dropbox/vk/dolores.mp3',2179,'{\"owner\": \"Erik Swift\"}',2,'2017-10-02 16:13:38','2020-07-27 08:44:12'),(72,68,'https://dropbox/vk/reprehenderit.wmv',23629,'{\"owner\": \"Zane Schimmel\"}',3,'2015-05-07 21:48:41','2020-07-27 08:44:12'),(73,95,'https://dropbox/vk/in.bmp',972758,'{\"owner\": \"Jeromy Little\"}',1,'2019-06-20 04:50:07','2020-07-27 08:44:12'),(74,83,'https://dropbox/vk/ea.mp3',181498,'{\"owner\": \"Jeanie Aufderhar\"}',2,'2012-04-20 15:34:30','2020-07-27 08:44:12'),(75,20,'https://dropbox/vk/ut.wmv',900368,'{\"owner\": \"Chris Kris\"}',3,'2015-12-20 05:25:36','2020-07-27 08:44:12'),(76,41,'https://dropbox/vk/vel.jpeg',891558,'{\"owner\": \"Elias Boehm\"}',1,'2011-03-21 12:32:31','2020-07-27 08:44:12'),(77,42,'https://dropbox/vk/amet.mp3',582837,'{\"owner\": \"Blaze Hauck\"}',2,'2013-01-20 20:28:15','2020-07-27 08:44:12'),(78,3,'https://dropbox/vk/ipsa.mov',342449,'{\"owner\": \"Hollie Bernier\"}',3,'2020-03-27 20:43:24','2020-07-27 08:44:12'),(79,65,'https://dropbox/vk/magni.png',997915,'{\"owner\": \"Jonas Harvey\"}',1,'2019-08-19 15:55:45','2020-07-27 08:44:12'),(80,25,'https://dropbox/vk/totam.mp3',684981,'{\"owner\": \"Alphonso Kertzmann\"}',2,'2012-03-21 21:17:52','2020-07-27 08:44:12'),(81,45,'https://dropbox/vk/id.mpeg',567384,'{\"owner\": \"Teresa Hyatt\"}',3,'2020-02-06 21:45:51','2020-07-27 08:44:12'),(82,80,'https://dropbox/vk/excepturi.jpeg',651952,'{\"owner\": \"Katlyn Botsford\"}',1,'2015-05-27 10:11:48','2020-07-27 08:44:12'),(83,10,'https://dropbox/vk/aut.wav',73251,'{\"owner\": \"Keith Quigley\"}',2,'2016-05-04 08:05:56','2020-07-27 08:44:12'),(84,9,'https://dropbox/vk/rem.wmv',678647,'{\"owner\": \"Josephine Batz\"}',3,'2013-03-11 13:30:43','2020-07-27 08:44:12'),(85,65,'https://dropbox/vk/et.bmp',643459,'{\"owner\": \"Jonas Harvey\"}',1,'2014-01-08 09:40:21','2020-07-27 08:44:12'),(86,68,'https://dropbox/vk/error.mp3',196608,'{\"owner\": \"Zane Schimmel\"}',2,'2015-11-20 21:14:27','2020-07-27 08:44:12'),(87,14,'https://dropbox/vk/qui.wmv',397545,'{\"owner\": \"Mozelle Hilpert\"}',3,'2011-03-11 17:37:03','2020-07-27 08:44:12'),(88,76,'https://dropbox/vk/eaque.bmp',25305,'{\"owner\": \"Ezekiel Kilback\"}',1,'2011-06-19 20:06:20','2020-07-27 08:44:12'),(89,99,'https://dropbox/vk/itaque.wav',327275,'{\"owner\": \"Letha Bednar\"}',2,'2015-01-07 18:12:18','2020-07-27 08:44:12'),(90,75,'https://dropbox/vk/deleniti.avi',916697,'{\"owner\": \"Sven Hirthe\"}',3,'2011-05-20 14:07:29','2020-07-27 08:44:12'),(91,99,'https://dropbox/vk/dolorum.jpeg',233224,'{\"owner\": \"Letha Bednar\"}',1,'2012-09-14 14:49:05','2020-07-27 08:44:12'),(92,1,'https://dropbox/vk/voluptatem.mp3',541084,'{\"owner\": \"Garnet Heller\"}',2,'2016-11-01 11:45:34','2020-07-27 08:44:12'),(93,47,'https://dropbox/vk/enim.mov',715625,'{\"owner\": \"Arch McClure\"}',3,'2014-06-18 04:09:34','2020-07-27 08:44:12'),(94,54,'https://dropbox/vk/fuga.bmp',53544,'{\"owner\": \"Kiana Bogisich\"}',1,'2019-03-14 17:44:36','2020-07-27 08:44:12'),(95,5,'https://dropbox/vk/ipsum.wav',271092,'{\"owner\": \"Era Schuster\"}',2,'2015-05-15 23:03:05','2020-07-27 08:44:12'),(96,1,'https://dropbox/vk/qui.avi',375299,'{\"owner\": \"Garnet Heller\"}',3,'2013-02-18 08:39:08','2020-07-27 08:44:12'),(97,9,'https://dropbox/vk/consequatur.png',429860,'{\"owner\": \"Josephine Batz\"}',1,'2013-12-02 07:13:04','2020-07-27 08:44:12'),(98,73,'https://dropbox/vk/veritatis.wav',719291,'{\"owner\": \"Trinity Hyatt\"}',2,'2018-01-04 15:43:07','2020-07-27 08:44:12'),(99,51,'https://dropbox/vk/ut.avi',838658,'{\"owner\": \"Paolo Rath\"}',3,'2016-09-03 19:46:41','2020-07-27 08:44:12'),(100,88,'https://dropbox/vk/et.bmp',555625,'{\"owner\": \"Arne White\"}',1,'2013-06-07 14:51:41','2020-07-27 08:44:12');
/*!40000 ALTER TABLE `media` ENABLE KEYS */;
UNLOCK TABLES;

--
-- Table structure for table `media_types`
--

DROP TABLE IF EXISTS `media_types`;
/*!40101 SET @saved_cs_client     = @@character_set_client */;
/*!50503 SET character_set_client = utf8mb4 */;
CREATE TABLE `media_types` (
  `id` int unsigned NOT NULL AUTO_INCREMENT COMMENT 'Идентификатор строки',
  `name` varchar(255) CHARACTER SET utf8 COLLATE utf8_unicode_ci NOT NULL COMMENT 'Название типа',
  `created_at` datetime DEFAULT CURRENT_TIMESTAMP COMMENT 'Время создания строки',
  PRIMARY KEY (`id`),
  UNIQUE KEY `name` (`name`)
) ENGINE=InnoDB AUTO_INCREMENT=4 DEFAULT CHARSET=utf8 COLLATE=utf8_unicode_ci COMMENT='Типы медиафайлов';
/*!40101 SET character_set_client = @saved_cs_client */;

--
-- Dumping data for table `media_types`
--

LOCK TABLES `media_types` WRITE;
/*!40000 ALTER TABLE `media_types` DISABLE KEYS */;
INSERT INTO `media_types` VALUES (1,'photo','2019-07-25 00:29:17'),(2,'audio','2010-08-01 08:56:40'),(3,'video','2014-03-15 14:24:32');
/*!40000 ALTER TABLE `media_types` ENABLE KEYS */;
UNLOCK TABLES;

--
-- Table structure for table `messages`
--

DROP TABLE IF EXISTS `messages`;
/*!40101 SET @saved_cs_client     = @@character_set_client */;
/*!50503 SET character_set_client = utf8mb4 */;
CREATE TABLE `messages` (
  `id` int unsigned NOT NULL AUTO_INCREMENT COMMENT 'Идентификатор строки',
  `from_user_id` int unsigned NOT NULL COMMENT 'Ссылка на отправителя сообщения',
  `to_user_id` int unsigned NOT NULL COMMENT 'Ссылка на получателя сообщения',
  `body` text CHARACTER SET utf8 COLLATE utf8_unicode_ci NOT NULL COMMENT 'Текст сообщения',
  `is_important` tinyint(1) DEFAULT NULL COMMENT 'Признак важности',
  `is_delivered` tinyint(1) DEFAULT NULL COMMENT 'Признак доставки',
  `is_modified` tinyint(1) DEFAULT '0',
  `created_at` datetime DEFAULT CURRENT_TIMESTAMP COMMENT 'Время создания строки',
  `updated_at` datetime DEFAULT CURRENT_TIMESTAMP ON UPDATE CURRENT_TIMESTAMP COMMENT 'Время обновления строки',
  PRIMARY KEY (`id`),
  KEY `messages_from_user_id_fk` (`from_user_id`),
  KEY `messages_to_user_id_fk` (`to_user_id`),
  CONSTRAINT `messages_from_user_id_fk` FOREIGN KEY (`from_user_id`) REFERENCES `users` (`id`),
  CONSTRAINT `messages_to_user_id_fk` FOREIGN KEY (`to_user_id`) REFERENCES `users` (`id`)
) ENGINE=InnoDB AUTO_INCREMENT=101 DEFAULT CHARSET=utf8 COLLATE=utf8_unicode_ci COMMENT='Сообщения';
/*!40101 SET character_set_client = @saved_cs_client */;

--
-- Dumping data for table `messages`
--

LOCK TABLES `messages` WRITE;
/*!40000 ALTER TABLE `messages` DISABLE KEYS */;
INSERT INTO `messages` VALUES (1,97,93,'I know!\' exclaimed Alice, who always took a minute or two, it was very likely it can talk: at any rate, the Dormouse turned out, and, by the little thing sobbed again (or grunted, it was a.',1,0,0,'2013-03-24 00:01:35','2014-05-18 23:06:28'),(2,8,50,'Alice crouched down among the people near the door of which was the BEST butter,\' the March Hare. Alice sighed wearily. \'I think I could, if I fell off the mushroom, and crawled away in the.',0,1,0,'2011-06-14 06:41:33','2014-03-13 02:02:34'),(3,100,7,'Her chin was pressed hard against it, that attempt proved a failure. Alice heard the King said, with a knife, it usually bleeds; and she hastily dried her eyes immediately met those of a good deal.',0,0,0,'2011-07-15 13:41:53','2015-12-03 15:05:55'),(4,27,79,'Alice; \'I daresay it\'s a very good height indeed!\' said the Cat, as soon as the whole party look so grave that she had plenty of time as she spoke--fancy CURTSEYING as you\'re falling through the.',1,0,0,'2014-08-20 05:01:52','2017-11-07 17:07:09'),(5,55,6,'This time Alice waited patiently until it chose to speak again. The rabbit-hole went straight on like a frog; and both the hedgehogs were out of the jurors were all writing very busily on slates..',0,0,0,'2013-06-21 23:27:23','2015-12-16 21:27:04'),(6,42,66,'Mock Turtle said: \'advance twice, set to work nibbling at the Hatter, \'when the Queen shouted at the top of the reeds--the rattling teacups would change to dull reality--the grass would be the best.',0,1,0,'2020-05-25 16:09:42','2020-07-27 08:39:39'),(7,62,30,'Alice\'s shoulder, and it sat for a long tail, certainly,\' said Alice in a hoarse, feeble voice: \'I heard every word you fellows were saying.\' \'Tell us a story!\' said the Hatter, who turned pale and.',1,0,0,'2015-10-09 22:43:26','2017-10-30 20:53:06'),(8,59,63,'Dormouse, without considering at all fairly,\' Alice began, in a deep, hollow tone: \'sit down, both of you, and don\'t speak a word till I\'ve finished.\' So they had at the house, and the cool.',0,1,0,'2010-08-05 11:44:58','2020-04-20 21:05:26'),(9,7,62,'Dormouse\'s place, and Alice called after it; and while she was playing against herself, for she had asked it aloud; and in a few minutes it seemed quite natural); but when the tide rises and sharks.',1,1,0,'2017-09-01 04:12:01','2020-07-27 08:39:39'),(10,33,55,'Alice noticed, had powdered hair that WOULD always get into that beautiful garden--how IS that to be done, I wonder?\' Alice guessed who it was, and, as the game was going a journey, I should think.',0,0,0,'2011-01-01 01:04:00','2020-07-27 08:39:39'),(11,63,71,'This answer so confused poor Alice, that she had brought herself down to nine inches high. CHAPTER VI. Pig and Pepper For a minute or two. \'They couldn\'t have wanted it much,\' said the Duck: \'it\'s.',1,0,0,'2011-12-21 03:25:30','2015-04-30 10:18:58'),(12,65,55,'She had not as yet had any sense, they\'d take the place of the Rabbit\'s voice; and Alice joined the procession, wondering very much pleased at having found out a new idea to Alice, and she crossed.',0,1,0,'2011-12-10 16:49:10','2013-10-21 22:50:33'),(13,26,8,'King in a trembling voice:-- \'I passed by his garden, and marked, with one eye; but to her that she never knew whether it was a paper label, with the Dormouse. \'Fourteenth of March, I think that.',0,0,0,'2015-01-23 09:33:12','2020-07-27 08:39:39'),(14,40,74,'The Mouse only shook its head down, and felt quite strange at first; but she had sat down in a hoarse growl, \'the world would go anywhere without a grin,\' thought Alice; \'I must be getting somewhere.',1,1,0,'2013-08-25 14:20:15','2020-07-27 08:39:39'),(15,46,33,'Alice thought to herself, rather sharply; \'I advise you to leave off this minute!\' She generally gave herself very good advice, (though she very soon finished off the fire, stirring a large cauldron.',1,0,0,'2019-07-02 07:15:43','2020-07-27 08:39:39'),(16,39,42,'Nobody moved. \'Who cares for fish, Game, or any other dish? Who would not join the dance? Will you, won\'t you, will you, old fellow?\' The Mock Turtle said: \'advance twice, set to work throwing.',0,1,0,'2018-11-29 09:45:52','2020-06-24 01:49:08'),(17,25,47,'At this moment the door with his head!\' she said, by way of nursing it, (which was to twist it up into the teapot. \'At any rate a book of rules for shutting people up like telescopes: this time she.',0,1,0,'2011-11-26 01:58:41','2015-07-15 01:00:11'),(18,92,24,'I wonder what was going to do that,\' said the Cat. \'Do you mean that you had been running half an hour or so, and were resting in the face. \'I\'ll put a white one in by mistake; and if it had.',1,0,0,'2017-01-03 04:28:44','2020-07-27 08:39:39'),(19,54,18,'The rabbit-hole went straight on like a thunderstorm. \'A fine day, your Majesty!\' the Duchess asked, with another dig of her voice. Nobody moved. \'Who cares for you?\' said Alice, surprised at her.',0,0,0,'2020-05-26 02:05:51','2020-07-27 08:39:39'),(20,2,8,'The first question of course had to stop and untwist it. After a minute or two, which gave the Pigeon in a natural way. \'I thought it must be shutting up like a tunnel for some time after the.',0,1,0,'2018-01-10 09:58:35','2020-07-27 08:39:39'),(21,23,43,'Alice doubtfully: \'it means--to--make--anything--prettier.\' \'Well, then,\' the Gryphon went on. \'I do,\' Alice hastily replied; \'at least--at least I mean what I used to read fairy-tales, I fancied.',0,1,0,'2020-05-30 20:23:53','2020-07-27 08:39:39'),(22,74,85,'King, and the baby with some difficulty, as it didn\'t much matter which way she put them into a graceful zigzag, and was in livery: otherwise, judging by his garden.\"\' Alice did not notice this last.',1,0,0,'2016-03-05 17:25:15','2020-07-27 08:39:39'),(23,73,33,'Duck: \'it\'s generally a ridge or furrow in the pool rippling to the Knave of Hearts, who only bowed and smiled in reply. \'Please come back again, and we won\'t talk about trouble!\' said the Mock.',0,0,0,'2016-10-30 04:07:06','2017-08-20 09:28:23'),(24,47,80,'Alice; \'I daresay it\'s a very respectful tone, but frowning and making quite a long way back, and see that queer little toss of her voice, and see what I get\" is the same when I learn music.\' \'Ah!.',1,0,0,'2019-11-17 08:38:44','2020-07-27 08:39:39'),(25,94,80,'Alice noticed, had powdered hair that WOULD always get into the sea, some children digging in the wood,\' continued the Pigeon, but in a whisper.) \'That would be worth the trouble of getting her.',0,1,0,'2012-12-04 23:11:22','2012-12-11 23:32:39'),(26,34,57,'And so she went on in a dreamy sort of lullaby to it as a lark, And will talk in contemptuous tones of the March Hare went on. \'Would you tell me,\' said Alice, in a very fine day!\' said a whiting to.',1,0,0,'2016-03-17 14:12:45','2020-01-14 17:08:30'),(27,50,99,'Queen. \'You make me smaller, I suppose.\' So she sat down at them, and considered a little, \'From the Queen. First came ten soldiers carrying clubs; these were all in bed!\' On various pretexts they.',1,0,0,'2013-07-05 23:16:01','2020-07-27 08:39:39'),(28,11,76,'I shall be punished for it flashed across her mind that she had found the fan and the little passage: and THEN--she found herself at last it sat down again into its mouth again, and Alice was.',1,1,0,'2019-04-25 12:46:19','2020-07-27 08:39:39'),(29,7,50,'Cat. \'I don\'t even know what they\'re about!\' \'Read them,\' said the Rabbit actually TOOK A WATCH OUT OF ITS WAISTCOAT-POCKET, and looked along the sea-shore--\' \'Two lines!\' cried the Mouse, in a few.',1,0,0,'2012-12-23 20:09:45','2020-07-27 08:39:39'),(30,49,52,'An enormous puppy was looking down with wonder at the bottom of a large mushroom growing near her, about the temper of your nose-- What made you so awfully clever?\' \'I have answered three questions,.',0,1,0,'2013-11-02 01:42:16','2020-07-27 08:39:39'),(31,82,88,'I shall have to beat time when I got up very carefully, nibbling first at one and then added them up, and reduced the answer to it?\' said the King, \'that only makes the world you fly, Like a.',1,1,0,'2012-01-26 16:02:16','2012-08-11 05:47:43'),(32,93,6,'CAN I have dropped them, I wonder?\' As she said this she looked up, but it puzzled her very earnestly, \'Now, Dinah, tell me the truth: did you do lessons?\' said Alice, in a low trembling voice,.',0,1,0,'2018-10-28 20:55:38','2020-07-27 08:39:39'),(33,35,84,'Alice said very politely, \'for I never understood what it might end, you know,\' said the White Rabbit read:-- \'They told me you had been jumping about like that!\' But she waited patiently. \'Once,\'.',1,1,0,'2018-08-30 00:28:20','2020-07-27 08:39:39'),(34,29,88,'Dinah, and saying to herself, \'I don\'t see,\' said the Caterpillar. Alice said very politely, \'for I can\'t take more.\' \'You mean you can\'t be civil, you\'d better ask HER about it.\' (The jury all.',1,1,0,'2014-12-25 02:37:50','2020-04-03 01:23:50'),(35,2,31,'Mock Turtle replied, counting off the top of its mouth open, gazing up into hers--she could hear the Rabbit in a hoarse, feeble voice: \'I heard every word you fellows were saying.\' \'Tell us a.',0,1,0,'2010-08-22 01:02:05','2010-11-07 06:37:44'),(36,96,24,'MORE than nothing.\' \'Nobody asked YOUR opinion,\' said Alice. \'I\'ve tried the effect of lying down on one of the lefthand bit of the singers in the middle, wondering how she would gather about her.',0,0,0,'2015-10-18 17:08:28','2020-07-27 08:39:39'),(37,74,70,'She got up in spite of all this grand procession, came THE KING AND QUEEN OF HEARTS. Alice was just saying to herself \'Now I can find them.\' As she said to herself as she was now more than nine feet.',1,0,0,'2010-10-30 21:23:52','2014-07-10 16:59:39'),(38,9,47,'Alice. \'I\'ve read that in some book, but I don\'t care which happens!\' She ate a little pattering of footsteps in the distance would take the hint; but the Gryphon never learnt it.\' \'Hadn\'t time,\'.',1,1,0,'2019-10-24 08:57:26','2020-07-27 08:39:39'),(39,2,56,'Australia?\' (and she tried her best to climb up one of them even when they had settled down in a low, trembling voice. \'There\'s more evidence to come yet, please your Majesty,\' said Alice more.',1,1,0,'2016-06-14 12:28:48','2020-01-21 01:06:47'),(40,26,96,'Gryphon. \'Turn a somersault in the face. \'I\'ll put a white one in by mistake; and if I know I have done that, you know,\' said the Cat, \'or you wouldn\'t keep appearing and vanishing so suddenly: you.',0,0,0,'2013-06-11 16:21:48','2018-11-24 00:31:16'),(41,36,59,'PROVES his guilt,\' said the Duchess: you\'d better finish the story for yourself.\' \'No, please go on!\' Alice said to Alice; and Alice joined the procession, wondering very much at this, she came upon.',0,0,0,'2015-03-29 16:10:21','2020-07-27 08:39:39'),(42,52,85,'Dinah my dear! Let this be a book of rules for shutting people up like a thunderstorm. \'A fine day, your Majesty!\' the soldiers remaining behind to execute the unfortunate gardeners, who ran to.',1,1,0,'2011-03-23 00:21:02','2011-12-05 04:13:56'),(43,58,62,'There was a dead silence. Alice was more and more puzzled, but she heard a little bottle on it, (\'which certainly was not a regular rule: you invented it just now.\' \'It\'s the stupidest tea-party I.',1,0,0,'2019-11-27 21:28:49','2020-07-27 08:39:39'),(44,61,64,'Majesty,\' said Alice to herself, being rather proud of it: \'No room! No room!\' they cried out when they met in the direction in which case it would feel with all her riper years, the simple rules.',1,0,0,'2019-05-02 21:56:43','2020-07-27 08:39:39'),(45,11,9,'Hatter said, tossing his head sadly. \'Do I look like one, but the Mouse was swimming away from him, and said \'No, never\') \'--so you can have no answers.\' \'If you please, sir--\' The Rabbit started.',0,0,0,'2020-06-30 08:29:13','2020-07-27 08:39:39'),(46,15,92,'King. The next witness would be grand, certainly,\' said Alice, (she had kept a piece of it at all,\' said the Duchess, the Duchess! Oh! won\'t she be savage if I\'ve been changed for Mabel! I\'ll try if.',1,1,0,'2017-07-07 20:29:54','2017-12-04 16:03:33'),(47,97,8,'I am, sir,\' said Alice; \'you needn\'t be so stingy about it, so she went on, \'and most of \'em do.\' \'I don\'t know what they\'re about!\' \'Read them,\' said the King. On this the White Rabbit returning,.',1,1,0,'2015-11-04 00:44:57','2016-10-17 11:37:11'),(48,98,31,'This time Alice waited till she had gone through that day. \'A likely story indeed!\' said the Gryphon: and Alice looked very anxiously into its face in her hands, and she felt a violent shake at the.',0,0,0,'2016-09-25 21:33:09','2020-07-27 08:39:39'),(49,91,27,'Dodo had paused as if he had never forgotten that, if you want to see the Hatter continued, \'in this way:-- \"Up above the world you fly, Like a tea-tray in the wind, and was going to happen next..',1,1,0,'2010-08-08 18:33:41','2017-09-28 15:33:20'),(50,19,92,'This seemed to Alice with one of them say, \'Look out now, Five! Don\'t go splashing paint over me like that!\' said Alice to herself, \'the way all the arches are gone from this morning,\' said Alice.',1,0,0,'2014-12-25 19:41:50','2019-09-09 19:17:33'),(51,57,14,'As there seemed to rise like a tunnel for some time busily writing in his turn; and both creatures hid their faces in their paws. \'And how do you know about this business?\' the King said to herself,.',0,0,0,'2014-10-04 07:15:17','2020-07-27 08:39:39'),(52,16,31,'IS that to be Number One,\' said Alice. \'That\'s very important,\' the King said to Alice; and Alice looked up, but it puzzled her very much of it altogether; but after a few minutes, and she tried her.',0,1,0,'2016-09-26 04:05:26','2020-07-27 08:39:39'),(53,83,25,'SHE, of course,\' the Mock Turtle. \'Seals, turtles, salmon, and so on; then, when you\'ve cleared all the jelly-fish out of a dance is it?\' he said, turning to the jury. They were indeed a.',0,0,0,'2016-09-30 22:01:55','2020-07-27 08:39:39'),(54,77,85,'It did so indeed, and much sooner than she had found the fan and gloves, and, as the March Hare said--\' \'I didn\'t!\' the March Hare. \'Sixteenth,\' added the Dormouse. \'Don\'t talk nonsense,\' said Alice.',0,0,0,'2017-08-11 15:26:14','2020-07-27 08:39:39'),(55,81,2,'Alice alone with the words don\'t FIT you,\' said the Cat. \'I don\'t know what \"it\" means well enough, when I was going to happen next. \'It\'s--it\'s a very poor speaker,\' said the King: \'however, it may.',0,0,0,'2014-12-03 15:24:35','2017-12-31 21:18:39'),(56,80,16,'Dodo, \'the best way you go,\' said the Hatter asked triumphantly. Alice did not get hold of this ointment--one shilling the box-- Allow me to introduce it.\' \'I don\'t see,\' said the March Hare. Visit.',1,0,0,'2011-02-10 19:19:30','2017-01-30 04:28:13'),(57,61,31,'THAT direction,\' the Cat remarked. \'Don\'t be impertinent,\' said the Gryphon. \'Then, you know,\' the Mock Turtle sighed deeply, and began, in a tone of great curiosity. \'Soles and eels, of course,\'.',1,0,0,'2012-03-07 21:17:50','2018-10-30 09:45:36'),(58,1,18,'Caterpillar contemptuously. \'Who are YOU?\' said the Cat, and vanished again. Alice waited till the Pigeon in a moment that it would not allow without knowing how old it was, and, as there was.',0,0,0,'2015-02-07 13:20:29','2016-12-23 01:03:02'),(59,92,61,'The rabbit-hole went straight on like a candle. I wonder if I\'ve kept her eyes filled with cupboards and book-shelves; here and there. There was a most extraordinary noise going on shrinking.',0,1,0,'2018-08-20 10:53:01','2020-07-27 08:39:39'),(60,82,3,'Paris is the same tone, exactly as if nothing had happened. \'How am I to get in?\' she repeated, aloud. \'I shall sit here,\' he said, \'on and off, for days and days.\' \'But what am I then? Tell me that.',0,0,0,'2010-09-23 02:45:36','2018-04-16 21:55:42'),(61,70,96,'COULD! I\'m sure I don\'t put my arm round your waist,\' the Duchess replied, in a hoarse, feeble voice: \'I heard every word you fellows were saying.\' \'Tell us a story.\' \'I\'m afraid I don\'t like them!\'.',0,0,0,'2016-09-05 11:52:21','2020-07-27 08:39:39'),(62,95,66,'Alice, and she set to work very carefully, with one of the sea.\' \'I couldn\'t afford to learn it.\' said the King said to the Mock Turtle, capering wildly about. \'Change lobsters again!\' yelled the.',1,1,0,'2010-08-29 19:34:07','2015-06-30 18:10:21'),(63,3,92,'Alice, \'shall I NEVER get any older than I am very tired of being all alone here!\' As she said this, she was coming to, but it puzzled her very earnestly, \'Now, Dinah, tell me who YOU are, first.\'.',0,1,0,'2016-01-29 07:00:01','2020-07-27 08:39:39'),(64,97,94,'There\'s no pleasing them!\' Alice was thoroughly puzzled. \'Does the boots and shoes!\' she repeated in a soothing tone: \'don\'t be angry about it. And yet I wish I could show you our cat Dinah: I think.',0,0,0,'2020-01-18 15:26:50','2020-07-27 08:39:39'),(65,18,15,'Alice, who felt very lonely and low-spirited. In a little animal (she couldn\'t guess of what sort it was) scratching and scrambling about in the air, and came flying down upon her: she gave her.',1,0,0,'2013-07-17 14:44:01','2016-07-19 06:30:04'),(66,86,75,'Hatter, \'I cut some more bread-and-butter--\' \'But what did the archbishop find?\' The Mouse looked at the Lizard in head downwards, and the King said to Alice. \'Only a thimble,\' said Alice.',1,0,0,'2019-12-27 10:14:15','2020-07-27 08:39:39'),(67,29,1,'Alice, as the White Rabbit blew three blasts on the top of her childhood: and how she was now only ten inches high, and was going to turn round on its axis--\' \'Talking of axes,\' said the Queen, but.',1,1,0,'2018-09-07 17:11:01','2020-07-27 08:39:39'),(68,5,12,'Queen,\' and she was now only ten inches high, and her eyes anxiously fixed on it, (\'which certainly was not a bit of the deepest contempt. \'I\'ve seen a rabbit with either a waistcoat-pocket, or a.',1,1,0,'2017-01-02 19:13:38','2020-07-27 08:39:39'),(69,26,82,'She said this last word with such a simple question,\' added the Dormouse. \'Write that down,\' the King put on one knee as he fumbled over the jury-box with the grin, which remained some time busily.',1,1,0,'2016-08-11 23:38:25','2020-07-27 08:39:39'),(70,96,6,'You\'re mad.\' \'How do you know I\'m mad?\' said Alice. \'Why, there they are!\' said the Dodo could not think of nothing better to say to itself, half to herself, \'to be going messages for a moment that.',1,0,0,'2010-08-25 18:22:54','2010-10-07 06:34:50'),(71,83,75,'Pigeon in a great hurry, muttering to itself \'Then I\'ll go round a deal faster than it does.\' \'Which would NOT be an old Turtle--we used to know. Let me see: four times six is thirteen, and four.',0,0,0,'2015-06-03 02:20:03','2018-10-30 22:01:17'),(72,22,44,'As for pulling me out of court! Suppress him! Pinch him! Off with his nose Trims his belt and his friends shared their never-ending meal, and the little golden key was lying under the table: she.',1,0,0,'2019-01-06 08:15:07','2020-07-27 08:39:39'),(73,5,23,'YOU.--Come, I\'ll take no denial; We must have been changed for Mabel! I\'ll try if I like being that person, I\'ll come up: if not, I\'ll stay down here till I\'m somebody else\"--but, oh dear!\' cried.',1,1,0,'2018-01-15 02:37:40','2020-07-27 08:39:39'),(74,62,97,'IV. The Rabbit started violently, dropped the white kid gloves while she remembered the number of executions the Queen merely remarking that a moment\'s pause. The only things in the pool, and the.',0,0,0,'2015-09-17 02:17:38','2020-07-27 08:39:39'),(75,83,43,'YOU do it!--That I won\'t, then!--Bill\'s to go down the bottle, saying to herself what such an extraordinary ways of living would be quite as much as she picked up a little while, however, she waited.',0,1,0,'2014-12-31 14:14:26','2020-07-27 08:39:39'),(76,99,53,'Stole the Tarts? The King and the March Hare, \'that \"I breathe when I grow at a king,\' said Alice. \'I\'m glad they don\'t give birthday presents like that!\' said Alice timidly. \'Would you like to have.',0,0,0,'2014-04-27 10:59:43','2020-07-27 08:39:39'),(77,38,94,'YOUR watch tell you my history, and you\'ll understand why it is to find that she let the jury--\' \'If any one left alive!\' She was a most extraordinary noise going on rather better now,\' she said,.',0,0,0,'2016-04-05 23:48:53','2020-07-27 08:39:39'),(78,18,41,'Alice\'s shoulder as he spoke, and the White Rabbit read out, at the window.\' \'THAT you won\'t\' thought Alice, \'and those twelve creatures,\' (she was so ordered about in the wood, \'is to grow to my.',1,1,0,'2017-01-17 14:04:50','2020-07-27 08:39:39'),(79,86,15,'King: \'leave out that it ought to have the experiment tried. \'Very true,\' said the King eagerly, and he checked himself suddenly: the others took the place of the country is, you see, so many.',0,0,0,'2011-06-20 07:16:48','2019-05-21 15:31:53'),(80,34,3,'Alice remained looking thoughtfully at the end.\' \'If you didn\'t sign it,\' said Alice timidly. \'Would you like the three were all turning into little cakes as they would call after her: the last few.',0,1,0,'2018-06-26 00:32:10','2020-07-27 08:39:39'),(81,30,19,'So she began looking at them with the name of nearly everything there. \'That\'s the reason so many lessons to learn! Oh, I shouldn\'t want YOURS: I don\'t believe there\'s an atom of meaning in it,\'.',1,1,0,'2011-04-29 05:05:32','2015-02-25 11:22:50'),(82,78,58,'I get\" is the capital of Paris, and Paris is the use of a candle is blown out, for she could not help bursting out laughing: and when she found she could not help thinking there MUST be more to be.',0,0,0,'2013-01-02 19:53:28','2020-03-10 02:31:57'),(83,20,83,'Alice waited patiently until it chose to speak again. In a minute or two, they began solemnly dancing round and get in at the top with its arms folded, quietly smoking a long breath, and till the.',1,0,0,'2019-05-06 23:48:38','2020-07-27 08:39:39'),(84,69,46,'I am now? That\'ll be a book written about me, that there was nothing on it in a sort of life! I do it again and again.\' \'You are old, Father William,\' the young lady to see if he doesn\'t begin.\' But.',0,0,0,'2015-06-19 19:58:19','2017-02-06 01:20:51'),(85,64,65,'Alice again, in a low, timid voice, \'If you please, sir--\' The Rabbit Sends in a tone of great dismay, and began bowing to the Cheshire Cat: now I shall fall right THROUGH the earth! How funny it\'ll.',1,1,0,'2015-08-16 19:22:17','2020-07-27 08:39:39'),(86,51,47,'No, no! You\'re a serpent; and there\'s no use going back to yesterday, because I was a treacle-well.\' \'There\'s no such thing!\' Alice was not a moment to be listening, so she helped herself to some.',1,1,0,'2011-04-03 06:27:02','2016-10-18 23:00:41'),(87,39,73,'Hatter continued, \'in this way:-- \"Up above the world am I? Ah, THAT\'S the great hall, with the end of the soldiers remaining behind to execute the unfortunate gardeners, who ran to Alice severely..',0,0,0,'2016-11-10 00:20:43','2020-07-27 08:39:39'),(88,90,44,'And yet you incessantly stand on their throne when they liked, so that by the way I ought to eat or drink anything; so I\'ll just see what was coming. It was high time to hear his history. I must.',1,1,0,'2015-10-07 06:48:18','2020-07-27 08:39:39'),(89,95,52,'I shan\'t! YOU do it!--That I won\'t, then!--Bill\'s to go down--Here, Bill! the master says you\'re to go from here?\' \'That depends a good deal frightened at the house, and the whole window!\' \'Sure, it.',1,1,0,'2012-10-03 09:19:01','2017-02-13 21:21:57'),(90,40,78,'OURS they had to stoop to save her neck would bend about easily in any direction, like a writing-desk?\' \'Come, we shall have some fun now!\' thought Alice. \'I\'ve so often read in the after-time, be.',1,0,0,'2016-12-23 10:19:31','2020-07-27 08:39:39'),(91,94,39,'I\'d only been the whiting,\' said the Duchess; \'and most things twinkled after that--only the March Hare,) \'--it was at in all my limbs very supple By the time they had been for some time without.',1,1,0,'2010-11-06 21:37:54','2017-04-23 20:16:47'),(92,30,32,'Alice, and her face like the right house, because the Duchess sang the second thing is to find that she was not otherwise than what it was: she was now, and she set off at once, in a game of play.',1,1,0,'2011-12-21 16:02:54','2014-12-29 01:52:58'),(93,33,48,'King replied. Here the Dormouse shall!\' they both bowed low, and their curls got entangled together. Alice laughed so much at this, that she let the jury--\' \'If any one of the edge of her or of.',0,1,0,'2015-06-08 07:54:13','2020-07-27 08:39:39'),(94,72,18,'Alice could only see her. She is such a thing before, and he checked himself suddenly: the others looked round also, and all the while, till at last came a rumbling of little cartwheels, and the.',0,1,0,'2018-09-06 08:36:23','2020-07-27 08:39:39'),(95,62,6,'I can remember feeling a little three-legged table, all made a rush at the stick, and made a rush at Alice as he spoke, \'we were trying--\' \'I see!\' said the Duchess, as she was small enough to get.',1,1,0,'2019-05-02 16:42:26','2020-07-27 08:39:39'),(96,21,91,'So you see, as well to introduce it.\' \'I don\'t see,\' said the Queen, but she saw in another moment, splash! she was surprised to find that she began again. \'I wonder what I like\"!\' \'You might just.',1,1,0,'2019-05-22 07:44:29','2020-07-27 08:39:39'),(97,25,98,'Her chin was pressed so closely against her foot, that there ought! And when I was sent for.\' \'You ought to be told so. \'It\'s really dreadful,\' she muttered to herself, as she could. \'The game\'s.',0,0,0,'2014-07-05 04:12:11','2020-07-27 08:39:39'),(98,49,45,'So she called softly after it, \'Mouse dear! Do come back and see after some executions I have to go from here?\' \'That depends a good way off, and that if something wasn\'t done about it in less than.',1,1,0,'2012-04-25 08:43:25','2018-01-19 18:46:41'),(99,81,18,'Gryphon remarked: \'because they lessen from day to such stuff? Be off, or I\'ll have you executed.\' The miserable Hatter dropped his teacup and bread-and-butter, and went on muttering over the wig,.',1,1,0,'2019-07-26 05:01:03','2020-07-27 08:39:39'),(100,90,44,'Then came a rumbling of little Alice herself, and nibbled a little of it?\' said the Caterpillar. \'Is that the meeting adjourn, for the pool rippling to the dance. Will you, won\'t you, will you join.',1,0,0,'2019-07-01 17:51:53','2020-07-27 08:39:39');
/*!40000 ALTER TABLE `messages` ENABLE KEYS */;
UNLOCK TABLES;

--
-- Table structure for table `posts`
--

DROP TABLE IF EXISTS `posts`;
/*!40101 SET @saved_cs_client     = @@character_set_client */;
/*!50503 SET character_set_client = utf8mb4 */;
CREATE TABLE `posts` (
  `id` int unsigned NOT NULL AUTO_INCREMENT,
  `user_id` int unsigned NOT NULL,
  `community_id` int unsigned DEFAULT NULL,
  `head` varchar(255) CHARACTER SET utf8 COLLATE utf8_unicode_ci DEFAULT NULL,
  `body` text CHARACTER SET utf8 COLLATE utf8_unicode_ci NOT NULL,
  `media_id` int unsigned DEFAULT NULL,
  `is_public` tinyint(1) DEFAULT '1',
  `is_archived` tinyint(1) DEFAULT '0',
  `views_counter` int unsigned DEFAULT '0',
  `created_at` datetime DEFAULT CURRENT_TIMESTAMP,
  `updated_at` datetime DEFAULT CURRENT_TIMESTAMP ON UPDATE CURRENT_TIMESTAMP,
  PRIMARY KEY (`id`),
  KEY `posts_user_id_fk` (`user_id`),
  KEY `posts_community_id_fk` (`community_id`),
  KEY `posts_media_id_fk` (`media_id`),
  CONSTRAINT `posts_community_id_fk` FOREIGN KEY (`community_id`) REFERENCES `communities` (`id`),
  CONSTRAINT `posts_media_id_fk` FOREIGN KEY (`media_id`) REFERENCES `media` (`id`),
  CONSTRAINT `posts_user_id_fk` FOREIGN KEY (`user_id`) REFERENCES `users` (`id`)
) ENGINE=InnoDB AUTO_INCREMENT=101 DEFAULT CHARSET=utf8 COLLATE=utf8_unicode_ci;
/*!40101 SET character_set_client = @saved_cs_client */;

--
-- Dumping data for table `posts`
--

LOCK TABLES `posts` WRITE;
/*!40000 ALTER TABLE `posts` DISABLE KEYS */;
INSERT INTO `posts` VALUES (1,80,16,'et','Alice, swallowing down her anger as well be at school at once.\' However, she soon found an opportunity of showing off a bit afraid of it. Presently the Rabbit began. Alice thought decidedly uncivil..',54,0,0,66268839,'2018-04-20 15:40:09','2020-08-01 10:50:40'),(2,34,11,'quae','Mock Turtle to sing \"Twinkle, twinkle, little bat! How I wonder if I chose,\' the Duchess by this time, as it can\'t possibly make me smaller, I can guess that,\' she added aloud. \'Do you play croquet.',87,1,0,1996,'2013-01-13 10:08:41','2015-01-03 21:36:45'),(3,30,2,'dolor','This time there were no tears. \'If you\'re going to turn into a butterfly, I should like to drop the jar for fear of killing somebody, so managed to swallow a morsel of the legs of the water, and.',54,1,1,600580,'2016-06-13 18:28:46','2020-08-01 10:50:40'),(4,89,15,'repellat','ME, and told me you had been looking over their heads. She felt that it made Alice quite hungry to look through into the garden. Then she went slowly after it: \'I never thought about it,\' said Alice.',54,0,0,150,'2012-07-23 02:41:19','2016-02-27 08:57:12'),(5,79,4,'molestiae','Mock Turtle\'s Story \'You can\'t think how glad I am so VERY much out of their wits!\' So she set the little door, so she began fancying the sort of knot, and then at the top of her little sister\'s.',40,1,0,8650051,'2017-01-28 12:02:18','2020-08-01 10:50:40'),(6,40,13,'ut','Alice; but she did not quite know what you like,\' said the Hatter: \'I\'m on the bank, and of having nothing to do.\" Said the mouse to the door, staring stupidly up into a graceful zigzag, and was in.',11,0,1,9766,'2017-10-19 01:24:35','2020-08-01 10:50:40'),(7,41,11,'et','I\'ll set Dinah at you!\' There was a little quicker. \'What a pity it wouldn\'t stay!\' sighed the Lory, who at last she stretched her arms round it as to go after that savage Queen: so she went down on.',66,1,0,55255526,'2020-03-01 22:37:54','2020-08-01 10:50:40'),(8,59,15,'totam','I am to see if she could not tell whether they were lying round the court with a yelp of delight, which changed into alarm in another moment it was a long time with one finger for the Dormouse,\'.',54,0,0,28544,'2012-11-15 08:12:24','2020-08-01 10:50:40'),(9,36,17,'nam','First, she dreamed of little Alice and all the rest, Between yourself and me.\' \'That\'s the judge,\' she said to itself in a deep, hollow tone: \'sit down, both of you, and don\'t speak a word till I\'ve.',96,1,1,84699,'2016-06-23 12:55:41','2015-10-20 05:40:11'),(10,48,1,'inventore','T!\' said the March Hare and the little door: but, alas! either the locks were too large, or the key was lying on their faces, and the Gryphon went on, half to herself, \'in my going out altogether,.',28,0,0,42507317,'2015-11-06 00:46:47','2020-08-01 10:50:40'),(11,82,19,'molestias','March Hare,) \'--it was at the stick, running a very deep well. Either the well was very nearly carried it off. * * * * * * * * * * \'What a pity it wouldn\'t stay!\' sighed the Hatter. \'Stolen!\' the.',79,1,1,69,'2012-12-18 18:02:11','2020-08-01 10:50:40'),(12,35,8,'distinctio','She pitied him deeply. \'What is it?\' The Gryphon sat up and said, \'That\'s right, Five! Always lay the blame on others!\' \'YOU\'D better not do that again!\' which produced another dead silence. \'It\'s a.',90,0,1,832,'2015-01-15 21:27:16','2013-10-15 05:08:54'),(13,22,15,'molestias','Who ever saw in another moment, when she heard it muttering to himself as he spoke, and the Panther were sharing a pie--\' [later editions continued as follows When the Mouse to tell me who YOU are,.',80,0,1,8188587,'2012-02-07 21:48:58','2020-08-01 10:50:40'),(14,76,14,'ab','She felt that there ought! And when I was going to shrink any further: she felt a violent blow underneath her chin: it had some kind of serpent, that\'s all I can creep under the circumstances. There.',94,0,0,9,'2013-08-22 22:41:19','2020-08-01 10:50:40'),(15,30,4,'est','White Rabbit. She was looking about for them, but they were nice grand words to say.) Presently she began again: \'Ou est ma chatte?\' which was immediately suppressed by the end of his head. But at.',60,1,1,816416979,'2015-01-14 03:27:50','2013-04-08 03:35:59'),(16,70,6,'eos','However, she soon found out that she never knew whether it was quite impossible to say when I learn music.\' \'Ah! that accounts for it,\' said Alice. \'Why not?\' said the King exclaimed, turning to.',54,1,0,698516,'2010-11-23 02:52:22','2020-08-01 10:50:40'),(17,80,7,'ad','Queen to play with, and oh! ever so many different sizes in a tone of great dismay, and began to cry again. \'You ought to speak, but for a few minutes she heard a little pattering of feet on the.',97,1,1,8,'2013-12-01 01:16:31','2020-08-01 10:50:40'),(18,46,17,'enim','Duchess, \'and that\'s why. Pig!\' She said this she looked down at her feet in a natural way. \'I thought it would be of very little way forwards each time and a crash of broken glass. \'What a funny.',83,1,1,5314,'2018-03-29 06:25:59','2020-08-01 10:50:40'),(19,99,3,'iure','Canary called out \'The race is over!\' and they sat down, and nobody spoke for some time busily writing in his throat,\' said the Duchess, as she went to school in the kitchen. \'When I\'M a Duchess,\'.',99,0,1,83,'2016-05-04 06:07:57','2020-08-01 10:50:40'),(20,95,4,'dolorem','Duchess\'s knee, while plates and dishes crashed around it--once more the shriek of the house till she had grown to her very much at this, that she wasn\'t a really good school,\' said the King..',93,1,1,9153824,'2013-12-27 21:45:23','2020-08-01 10:50:40'),(21,22,6,'enim','Hatter, \'you wouldn\'t talk about wasting IT. It\'s HIM.\' \'I don\'t like them!\' When the procession moved on, three of her hedgehog. The hedgehog was engaged in a mournful tone, \'he won\'t do a thing I.',67,0,1,15530883,'2014-04-07 00:34:25','2018-05-08 08:49:25'),(22,1,12,'natus','Hatter was out of its mouth and began smoking again. This time there were any tears. No, there were any tears. No, there were no arches left, and all of you, and must know better\'; and this time.',75,1,1,1488,'2019-11-11 14:06:00','2020-08-01 10:50:40'),(23,90,8,'ut','Jack-in-the-box, and up I goes like a telescope! I think it was,\' said the Dormouse, after thinking a minute or two to think about stopping herself before she made out the Fish-Footman was gone,.',11,1,0,5343,'2019-07-07 05:43:38','2020-08-01 10:50:40'),(24,69,1,'rerum','First, she dreamed of little pebbles came rattling in at the mushroom for a moment to be listening, so she went nearer to make the arches. The chief difficulty Alice found at first was in confusion,.',36,1,1,9997039,'2012-08-28 04:30:22','2020-08-01 10:50:40'),(25,63,2,'voluptates','Gryphon. \'We can do without lobsters, you know. So you see, Miss, this here ought to speak, and no one to listen to me! When I used to come once a week: HE taught us Drawling, Stretching, and.',40,0,0,18424,'2015-08-12 00:28:07','2020-08-01 10:50:40'),(26,22,6,'sequi','Cat\'s head with great emphasis, looking hard at Alice for protection. \'You shan\'t be beheaded!\' said Alice, \'and why it is almost certain to disagree with you, sooner or later. However, this bottle.',83,0,0,241,'2019-11-04 11:25:01','2020-08-01 10:50:40'),(27,75,16,'libero','I\'ve finished.\' So they went up to the heads of the Lobster Quadrille, that she was coming back to the jury, in a tone of great surprise. \'Of course not,\' Alice replied eagerly, for she felt very.',66,1,1,9122,'2012-09-15 15:31:49','2019-07-07 16:29:38'),(28,72,3,'nam','Panther took pie-crust, and gravy, and meat, While the Owl and the little golden key in the grass, merely remarking as it didn\'t sound at all what had become of me? They\'re dreadfully fond of.',7,0,1,98311,'2012-09-16 03:50:31','2020-08-01 10:50:40'),(29,54,19,'modi','Mock Turtle, \'but if they do, why then they\'re a kind of sob, \'I\'ve tried every way, and nothing seems to be ashamed of yourself for asking such a nice little dog near our house I should like it.',84,0,0,49939,'2019-02-26 12:23:20','2020-08-01 10:50:40'),(30,52,2,'nemo','The Cat\'s head with great emphasis, looking hard at Alice the moment she appeared on the bank, and of having the sentence first!\' \'Hold your tongue!\' added the Queen. \'Sentence first--verdict.',8,0,1,98,'2016-11-12 12:25:03','2020-08-01 10:50:40'),(31,45,14,'velit','Mock Turtle in a voice sometimes choked with sobs, to sing you a couple?\' \'You are not the right distance--but then I wonder what was the BEST butter, you know.\' \'Not the same thing as \"I sleep when.',13,1,1,901379737,'2017-07-09 19:02:48','2020-08-01 10:50:40'),(32,12,2,'eveniet','There were doors all round her, about four inches deep and reaching half down the chimney, and said to herself. \'I dare say you never had fits, my dear, and that is rather a complaining tone, \'and.',53,1,0,2958,'2015-05-28 10:17:06','2020-08-01 10:50:40'),(33,86,7,'vero','Hatter: \'it\'s very rude.\' The Hatter was the matter with it. There could be no use denying it. I suppose it were white, but there was not quite know what to say to itself \'The Duchess! The Duchess!.',15,0,0,114,'2013-12-03 17:11:34','2020-08-01 10:50:40'),(34,97,10,'qui','I shall have somebody to talk nonsense. The Queen\'s argument was, that you couldn\'t cut off a head unless there was no time to be sure! However, everything is to-day! And yesterday things went on.',52,0,0,64015,'2011-07-02 08:04:53','2020-08-01 10:50:40'),(35,33,6,'qui','Father William replied to his ear. Alice considered a little of the Mock Turtle drew a long time with one eye, How the Owl had the door between us. For instance, suppose it doesn\'t matter a bit,\'.',19,1,1,747857475,'2020-05-28 01:22:58','2020-08-01 10:50:40'),(36,73,19,'debitis','Morcar, the earls of Mercia and Northumbria, declared for him: and even Stigand, the patriotic archbishop of Canterbury, found it very much,\' said Alice; \'you needn\'t be so kind,\' Alice replied, so.',55,1,0,10050,'2011-01-04 10:57:07','2011-11-10 12:29:56'),(37,55,3,'praesentium','MARMALADE\', but to open her mouth; but she felt that she was considering in her brother\'s Latin Grammar, \'A mouse--of a mouse--to a mouse--a mouse--O mouse!\') The Mouse did not dare to laugh; and,.',71,1,0,8328,'2015-05-28 23:39:28','2020-08-01 10:50:40'),(38,20,14,'nemo','I beg your pardon!\' she exclaimed in a long, low hall, which was full of tears, until there was generally a frog or a worm. The question is, what did the Dormouse crossed the court, without even.',32,1,1,913710,'2014-11-16 05:09:55','2020-08-01 10:50:40'),(39,27,18,'et','Alice. \'I\'m glad they don\'t give birthday presents like that!\' \'I couldn\'t afford to learn it.\' said the King, and the words \'EAT ME\' were beautifully marked in currants. \'Well, I\'ll eat it,\' said.',93,1,1,741377,'2013-10-29 00:42:18','2010-09-26 14:38:56'),(40,10,19,'corporis','Alice, swallowing down her flamingo, and began to repeat it, when a sharp hiss made her look up and straightening itself out again, and went down to the confused clamour of the e--e--evening,.',48,0,1,8625,'2014-01-24 13:09:37','2020-08-01 10:50:40'),(41,17,15,'ducimus','I can reach the key; and if I was, I shouldn\'t want YOURS: I don\'t like them!\' When the procession moved on, three of the e--e--evening, Beautiful, beautiful Soup! \'Beautiful Soup! Who cares for.',24,0,0,3905,'2014-06-09 20:23:33','2011-02-27 21:30:30'),(42,30,15,'eveniet','I beg your pardon!\' said the Duchess; \'and the moral of that is, but I THINK I can remember feeling a little irritated at the March Hare: she thought there was room for YOU, and no one else seemed.',100,0,1,6,'2016-04-08 01:56:56','2020-08-01 10:50:40'),(43,83,11,'voluptatibus','King and Queen of Hearts, and I had it written down: but I think that there ought! And when I got up and beg for its dinner, and all the time he had come back and see after some executions I have.',66,1,0,69308,'2018-05-04 03:39:44','2013-01-18 16:24:45'),(44,97,8,'mollitia','White Rabbit as he wore his crown over the list, feeling very glad to do it.\' (And, as you go on? It\'s by far the most confusing thing I ever saw one that size? Why, it fills the whole party look so.',1,1,1,590,'2015-02-18 15:48:24','2016-08-15 23:59:48'),(45,49,18,'magnam','I don\'t put my arm round your waist,\' the Duchess was sitting next to her. The Cat seemed to be Number One,\' said Alice. \'Why?\' \'IT DOES THE BOOTS AND SHOES.\' the Gryphon remarked: \'because they.',98,0,1,22,'2010-10-03 17:55:42','2020-08-01 10:50:40'),(46,68,12,'fugiat','Caterpillar. \'Well, I\'ve tried banks, and I\'ve tried to curtsey as she tucked it away under her arm, with its legs hanging down, but generally, just as well look and see how he did with the dream of.',17,0,0,24334,'2018-02-12 16:18:35','2015-01-16 21:23:13'),(47,23,4,'et','Adventures of hers that you have of putting things!\' \'It\'s a Cheshire cat,\' said the Caterpillar. \'Is that all?\' said the Hatter. \'You MUST remember,\' remarked the King, going up to her that she.',10,0,1,58809,'2018-10-25 17:18:24','2020-08-01 10:50:40'),(48,93,6,'non','YOU are, first.\' \'Why?\' said the Mock Turtle sighed deeply, and began, in a great deal of thought, and rightly too, that very few things indeed were really impossible. There seemed to rise like a.',75,0,1,95115,'2010-09-21 19:10:22','2020-08-01 10:50:40'),(49,25,12,'dolor','Rabbit began. Alice thought decidedly uncivil. \'But perhaps it was growing, and she had looked under it, and on it (as she had gone through that day. \'That PROVES his guilt,\' said the Duchess, it.',93,1,1,6624578,'2020-06-01 02:57:09','2015-11-21 14:24:22'),(50,18,18,'quis','Her first idea was that she might as well as the rest waited in silence. At last the Gryphon at the window, and one foot to the end of trials, \"There was some attempts at applause, which was.',62,1,0,1294,'2019-04-16 20:53:21','2020-08-01 10:50:40'),(51,65,11,'nobis','I must have imitated somebody else\'s hand,\' said the March Hare said to live. \'I\'ve seen hatters before,\' she said to herself \'That\'s quite enough--I hope I shan\'t go, at any rate he might answer.',76,0,0,28935,'2010-12-11 07:33:51','2020-08-01 10:50:40'),(52,88,20,'eius','I--\' \'Oh, don\'t talk about her pet: \'Dinah\'s our cat. And she\'s such a dreadful time.\' So Alice began to repeat it, but her voice close to her great disappointment it was good practice to say \'I.',2,0,1,32,'2015-09-03 23:11:29','2020-08-01 10:50:40'),(53,87,9,'in','Cat: \'we\'re all mad here. I\'m mad. You\'re mad.\' \'How do you want to be?\' it asked. \'Oh, I\'m not used to know. Let me see--how IS it to his ear. Alice considered a little startled when she went on.',12,0,0,12913651,'2019-03-28 08:46:06','2020-08-01 10:50:40'),(54,53,1,'tempore','Alice! Come here directly, and get in at the sides of the wood--(she considered him to you, Though they were all shaped like ears and the Mock Turtle Soup is made from,\' said the King. The next.',19,0,1,96,'2017-01-21 22:51:56','2020-08-01 10:50:40'),(55,54,18,'ducimus','The Mouse did not like to have any pepper in my life!\' Just as she spoke. \'I must be a LITTLE larger, sir, if you cut your finger VERY deeply with a table set out under a tree in the window?\' \'Sure,.',59,0,0,5622,'2015-02-16 10:14:41','2020-08-01 10:50:40'),(56,52,9,'laudantium','Mock Turtle in the wood,\' continued the King. The next thing was to twist it up into the Dormouse\'s place, and Alice could see her after the candle is like after the rest of the words did not dare.',70,1,0,252175050,'2010-09-20 11:13:02','2020-08-01 10:50:40'),(57,68,10,'et','The jury all wrote down all three dates on their slates, when the tide rises and sharks are around, His voice has a timid and tremulous sound.] \'That\'s different from what I should think very likely.',36,0,1,73195,'2010-09-19 00:12:38','2020-08-01 10:50:40'),(58,78,2,'qui','King, \'that only makes the matter worse. You MUST have meant some mischief, or else you\'d have signed your name like an arrow. The Cat\'s head with great curiosity. \'Soles and eels, of course,\' he.',22,1,0,44447,'2016-10-21 07:02:44','2020-08-01 10:50:40'),(59,52,3,'ducimus','Rabbit-Hole Alice was silent. The Dormouse had closed its eyes by this time.) \'You\'re nothing but out-of-the-way things had happened lately, that Alice had not gone (We know it was very glad to find.',34,1,1,3954,'2012-10-12 19:56:24','2020-06-08 06:14:48'),(60,44,20,'distinctio','Pigeon went on, without attending to her, \'if we had the dish as its share of the sort!\' said Alice. \'That\'s the judge,\' she said to live. \'I\'ve seen a rabbit with either a waistcoat-pocket, or a.',55,0,1,7511,'2015-06-02 15:45:38','2011-10-19 07:13:54'),(61,6,20,'voluptatibus','I\'m quite tired and out of a procession,\' thought she, \'if people had all to lie down on one knee as he spoke, \'we were trying--\' \'I see!\' said the King, going up to the Mock Turtle: \'why, if a fish.',93,1,0,24927,'2014-10-19 01:43:13','2020-08-01 10:50:40'),(62,82,13,'ea','Magpie began wrapping itself up very sulkily and crossed over to the Dormouse, not choosing to notice this last remark that had slipped in like herself. \'Would it be of any use, now,\' thought Alice,.',61,0,1,29,'2017-12-23 01:20:51','2020-08-01 10:50:40'),(63,83,4,'dolor','Alice, quite forgetting her promise. \'Treacle,\' said the last few minutes, and she walked up towards it rather timidly, saying to her that she did not notice this last remark, \'it\'s a vegetable. It.',11,0,1,827619,'2018-12-17 09:49:14','2020-08-01 10:50:40'),(64,95,10,'facilis','I do wonder what CAN have happened to you? Tell us all about for it, he was speaking, and this Alice would not allow without knowing how old it was, even before she came rather late, and the.',57,1,0,10690,'2015-10-28 02:22:04','2015-03-29 18:36:12'),(65,14,2,'molestiae','Queen, but she could not swim. He sent them word I had to be listening, so she tried the roots of trees, and I\'ve tried to open it; but, as the rest of the garden, and marked, with one of the sort,\'.',52,1,0,5068297,'2020-06-01 21:04:09','2020-08-01 10:50:40'),(66,72,15,'dolor','Alice, who had meanwhile been examining the roses. \'Off with her head! Off--\' \'Nonsense!\' said Alice, \'it\'s very rude.\' The Hatter looked at the thought that SOMEBODY ought to be listening, so she.',15,1,0,94,'2016-03-17 12:16:59','2013-05-26 11:11:49'),(67,42,19,'impedit','Alice, \'it\'ll never do to ask: perhaps I shall have to ask the question?\' said the Rabbit whispered in a great hurry; \'this paper has just been picked up.\' \'What\'s in it?\' said the Mock Turtle, \'but.',100,1,0,1809287,'2013-07-28 23:16:09','2020-08-01 10:50:40'),(68,78,5,'atque','Cheshire Cat: now I shall only look up in great fear lest she should push the matter with it. There could be NO mistake about it: it was over at last, more calmly, though still sobbing a little of.',77,1,1,33703469,'2011-08-28 12:02:20','2020-08-01 10:50:40'),(69,99,12,'excepturi','Mock Turtle, suddenly dropping his voice; and the words don\'t FIT you,\' said Alice, whose thoughts were still running on the song, \'I\'d have said to herself how she would feel very sleepy and.',79,1,0,1,'2013-09-23 02:02:39','2011-08-14 04:50:23'),(70,32,8,'in','I get\" is the same as the Rabbit, and had to leave the room, when her eye fell upon a little pattering of feet in a helpless sort of way to fly up into the air, mixed up with the game,\' the Queen.',99,0,1,1,'2018-05-19 14:27:25','2020-08-01 10:50:40'),(71,87,6,'accusantium','March Hare,) \'--it was at in all my life!\' She had not gone much farther before she had plenty of time as she tucked it away under her arm, and timidly said \'Consider, my dear: she is such a curious.',82,1,0,13211,'2019-10-15 07:54:02','2020-08-01 10:50:40'),(72,80,4,'et','It was the matter worse. You MUST have meant some mischief, or else you\'d have signed your name like an arrow. The Cat\'s head began fading away the time. Alice had begun to think that very few.',52,0,0,58,'2013-12-07 04:39:13','2020-08-01 10:50:40'),(73,40,1,'atque','These words were followed by a row of lodging houses, and behind them a new pair of white kid gloves: she took up the fan and the three gardeners, oblong and flat, with their heads!\' and the roof of.',10,0,1,5449,'2018-10-13 02:20:06','2020-08-01 10:50:40'),(74,50,20,'nostrum','There could be NO mistake about it: it was all very well as she tucked it away under her arm, that it was only the pepper that makes people hot-tempered,\' she went out, but it all is! I\'ll try if I.',19,1,0,9981,'2020-06-20 13:37:47','2015-10-24 08:27:53'),(75,7,13,'est','Duchess, digging her sharp little chin into Alice\'s head. \'Is that the mouse to the other paw, \'lives a March Hare. The Hatter opened his eyes. \'I wasn\'t asleep,\' he said to herself, \'in my going.',82,0,0,9383597,'2020-01-08 00:59:15','2020-08-01 10:50:40'),(76,58,6,'eum','Caterpillar. This was not an encouraging opening for a conversation. Alice felt a very melancholy voice. \'Repeat, \"YOU ARE OLD, FATHER WILLIAM,\"\' said the Duchess; \'I never went to work nibbling at.',96,1,0,371591,'2018-04-21 05:02:38','2019-10-12 10:52:04'),(77,72,2,'dolores','If she should chance to be almost out of sight; and an Eaglet, and several other curious creatures. Alice led the way, was the Cat again, sitting on the OUTSIDE.\' He unfolded the paper as he found.',78,1,0,66,'2016-07-04 23:15:30','2020-08-01 10:50:40'),(78,72,11,'unde','I was thinking I should like to go with the grin, which remained some time after the rest of the words have got altered.\' \'It is wrong from beginning to think about stopping herself before she got.',38,1,1,98,'2015-04-04 13:19:05','2020-08-01 10:50:40'),(79,49,7,'dolor','And I declare it\'s too bad, that it was a table, with a whiting. Now you know.\' \'Not at all,\' said the King, looking round the court was a long time together.\' \'Which is just the case with MINE,\'.',49,0,1,0,'2020-06-09 00:31:06','2020-08-01 10:50:40'),(80,28,20,'adipisci','ME\' were beautifully marked in currants. \'Well, I\'ll eat it,\' said the Cat. \'I\'d nearly forgotten that I\'ve got to come upon them THIS size: why, I should like to try the patience of an oyster!\' \'I.',4,1,1,73971,'2014-10-08 23:24:00','2020-08-01 10:50:40'),(81,26,2,'occaecati','She waited for some time busily writing in his sleep, \'that \"I like what I say,\' the Mock Turtle. So she sat on, with closed eyes, and half believed herself in a piteous tone. And the executioner.',65,1,0,277,'2011-02-13 21:25:01','2020-08-01 10:50:40'),(82,7,19,'maiores','Alice, a good deal on where you want to see that the way the people near the King had said that day. \'That PROVES his guilt,\' said the Pigeon; \'but if they do, why then they\'re a kind of serpent,.',7,1,1,30222259,'2016-01-22 03:05:54','2013-02-13 08:43:02'),(83,59,8,'velit','I\'ve finished.\' So they couldn\'t see it?\' So she went hunting about, and shouting \'Off with their heads off?\' shouted the Queen, pointing to the heads of the March Hare took the place of the window,.',33,0,1,0,'2017-01-15 11:57:41','2020-08-01 10:50:40'),(84,68,8,'est','It means much the most curious thing I ever heard!\' \'Yes, I think I could, if I like being that person, I\'ll come up: if not, I\'ll stay down here! It\'ll be no use going back to the Mock Turtle,.',52,1,1,1618,'2012-12-22 23:58:07','2011-09-11 10:37:54'),(85,87,14,'est','I must be getting home; the night-air doesn\'t suit my throat!\' and a Dodo, a Lory and an old Turtle--we used to read fairy-tales, I fancied that kind of authority over Alice. \'Stand up and down, and.',86,1,0,302840150,'2014-12-09 13:28:58','2014-01-26 18:41:07'),(86,69,13,'provident','At this moment the door began sneezing all at once. \'Give your evidence,\' the King said gravely, \'and go on till you come to the garden at once; but, alas for poor Alice! when she found a little.',91,0,1,73894,'2011-04-18 04:21:53','2020-08-01 10:50:40'),(87,65,20,'nostrum','Queen, stamping on the trumpet, and called out as loud as she went down to the jury, of course--\"I GAVE HER ONE, THEY GAVE HIM TWO--\" why, that must be off, then!\' said the Mock Turtle with a little.',37,1,1,47011,'2018-07-27 17:05:07','2020-08-01 10:50:40'),(88,43,15,'iusto','Duchess replied, in a sorrowful tone, \'I\'m afraid I am, sir,\' said Alice; \'I can\'t explain MYSELF, I\'m afraid, sir\' said Alice, in a day did you manage to do anything but sit with its tongue hanging.',61,1,1,795339536,'2015-08-03 17:40:00','2015-09-26 07:01:08'),(89,80,2,'facere','Beautiful, beauti--FUL SOUP!\' \'Chorus again!\' cried the Mock Turtle, suddenly dropping his voice; and Alice was a child,\' said the Caterpillar. Here was another puzzling question; and as the other.\'.',83,0,1,90410851,'2012-05-25 12:00:45','2020-08-01 10:50:40'),(90,28,8,'quidem','King, rubbing his hands; \'so now let the jury--\' \'If any one left alive!\' She was walking hand in hand, in couples: they were filled with tears again as quickly as she fell very slowly, for she.',36,0,0,361702046,'2019-07-03 07:11:44','2020-08-01 10:50:40'),(91,32,15,'quia','French and music.\' \'And washing?\' said the King. \'I can\'t go no lower,\' said the Duchess: you\'d better ask HER about it.\' (The jury all brightened up again.) \'Please your Majesty,\' said Alice in a.',76,0,1,88083653,'2016-02-16 20:34:47','2019-01-05 04:00:46'),(92,96,14,'et','Dinah my dear! Let this be a letter, written by the carrier,\' she thought; \'and how funny it\'ll seem, sending presents to one\'s own feet! And how odd the directions will look! ALICE\'S RIGHT FOOT,.',94,1,1,82,'2018-05-08 16:53:17','2020-08-01 10:50:40'),(93,3,4,'quasi','Then followed the Knave of Hearts, carrying the King\'s crown on a summer day: The Knave of Hearts, who only bowed and smiled in reply. \'Idiot!\' said the Knave, \'I didn\'t write it, and then unrolled.',52,1,1,219689,'2012-08-11 15:19:49','2020-08-01 10:50:40'),(94,35,20,'facilis','There was a very little way forwards each time and a bright brass plate with the distant green leaves. As there seemed to be full of tears, \'I do wish they COULD! I\'m sure I can\'t understand it.',60,1,1,80581565,'2017-10-24 12:47:24','2020-08-01 10:50:40'),(95,87,6,'rerum','Duchess: \'flamingoes and mustard both bite. And the Gryphon remarked: \'because they lessen from day to day.\' This was such a pleasant temper, and thought it would be a letter, written by the.',73,1,0,43633529,'2014-07-05 15:49:54','2020-08-01 10:50:40'),(96,72,4,'earum','The Duchess took her choice, and was delighted to find that her flamingo was gone across to the other, looking uneasily at the place of the wood--(she considered him to you, Though they were playing.',45,1,0,145163,'2019-05-20 02:42:55','2013-10-17 13:59:36'),(97,62,9,'vero','Mock Turtle, and said \'No, never\') \'--so you can have no sort of circle, (\'the exact shape doesn\'t matter,\' it said,) and then turned to the fifth bend, I think?\' \'I had NOT!\' cried the Mock Turtle,.',88,1,0,74539328,'2014-11-13 08:28:53','2020-08-01 10:50:40'),(98,99,10,'rerum','Alice, who always took a great crash, as if she had never seen such a puzzled expression that she began nursing her child again, singing a sort of circle, (\'the exact shape doesn\'t matter,\' it.',2,1,1,81520616,'2020-05-06 15:02:08','2019-03-07 21:13:15'),(99,59,8,'facere','Alice began to cry again. \'You ought to go from here?\' \'That depends a good opportunity for repeating his remark, with variations. \'I shall be late!\' (when she thought there was generally a frog or.',65,1,0,387094203,'2012-11-17 11:14:24','2020-08-01 10:50:40'),(100,41,17,'vero','THAT. Then again--\"BEFORE SHE HAD THIS FIT--\" you never had to sing this:-- \'Beautiful Soup, so rich and green, Waiting in a shrill, loud voice, and the sounds will take care of the reeds--the.',54,0,1,7408,'2016-07-19 04:47:25','2016-07-07 18:43:19');
/*!40000 ALTER TABLE `posts` ENABLE KEYS */;
UNLOCK TABLES;

--
-- Table structure for table `profiles`
--

DROP TABLE IF EXISTS `profiles`;
/*!40101 SET @saved_cs_client     = @@character_set_client */;
/*!50503 SET character_set_client = utf8mb4 */;
CREATE TABLE `profiles` (
  `user_id` int unsigned NOT NULL COMMENT 'Ссылка на пользователя',
  `gender` char(1) CHARACTER SET utf8 COLLATE utf8_unicode_ci NOT NULL COMMENT 'Пол',
  `birthday` date DEFAULT NULL COMMENT 'Дата рождения',
  `photo_id` int unsigned DEFAULT NULL,
  `city` varchar(130) CHARACTER SET utf8 COLLATE utf8_unicode_ci DEFAULT NULL COMMENT 'Город проживания',
  `country` varchar(130) CHARACTER SET utf8 COLLATE utf8_unicode_ci DEFAULT NULL COMMENT 'Страна проживания',
  `updated_at` datetime DEFAULT CURRENT_TIMESTAMP ON UPDATE CURRENT_TIMESTAMP COMMENT 'Время обновления строки',
  PRIMARY KEY (`user_id`),
  KEY `profiles_photo_id_fk` (`photo_id`),
  CONSTRAINT `profiles_photo_id_fk` FOREIGN KEY (`photo_id`) REFERENCES `media` (`id`) ON DELETE SET NULL,
  CONSTRAINT `profiles_user_id_fk` FOREIGN KEY (`user_id`) REFERENCES `users` (`id`) ON DELETE CASCADE
) ENGINE=InnoDB DEFAULT CHARSET=utf8 COLLATE=utf8_unicode_ci COMMENT='Профили';
/*!40101 SET character_set_client = @saved_cs_client */;

--
-- Dumping data for table `profiles`
--

LOCK TABLES `profiles` WRITE;
/*!40000 ALTER TABLE `profiles` DISABLE KEYS */;
INSERT INTO `profiles` VALUES (1,'f','1926-12-17',46,'Abbottstad','Venezuela','2020-07-27 08:40:20'),(2,'f','2011-04-28',86,'Meaghanmouth','Greenland','2020-07-27 08:40:20'),(3,'f','1959-02-19',94,'Miloview','Niger','2020-07-27 08:40:20'),(4,'m','1964-04-22',9,'Joannymouth','Tajikistan','2020-07-27 08:40:20'),(5,'m','1976-11-23',63,'Maximilliaville','Oman','2020-07-27 08:40:20'),(6,'m','1982-06-24',87,'South Muhammadfurt','Bulgaria','2020-07-27 08:40:20'),(7,'f','1997-10-25',48,'Quitzonport','Equatorial Guinea','2020-07-27 08:40:20'),(8,'m','1991-02-14',76,'Port Mollyside','Maldives','2020-07-27 08:40:20'),(9,'m','1927-01-04',38,'South Monica','Guyana','2020-07-27 08:40:20'),(10,'m','1968-11-29',58,'Lake Marlen','Ireland','2020-07-27 08:40:20'),(11,'m','1936-09-14',78,'Bradtkeside','Tonga','2020-07-27 08:40:20'),(12,'m','1955-05-15',13,'Port','Finland','2020-07-27 08:40:20'),(13,'m','1945-03-18',32,'Rauberg','Czech Republic','2020-07-27 08:40:20'),(14,'f','1953-10-15',22,'South Kenny','Guam','2020-07-27 08:40:20'),(15,'f','1997-10-07',14,'Millerborough','Swaziland','2020-07-27 08:40:20'),(16,'f','1940-12-11',3,'Nikkimouth','Austria','2020-07-27 08:40:20'),(17,'f','1974-08-10',73,'Blickhaven','Finland','2020-07-27 08:40:20'),(18,'f','2011-07-16',57,'Margarettefurt','Kenya','2020-07-27 08:40:20'),(19,'f','1928-07-03',63,'North Medamouth','Jamaica','2020-07-27 08:40:20'),(20,'f','2010-07-29',43,'Tracyfort','Bolivia','2020-07-27 08:40:20'),(21,'f','1957-01-16',28,'West Vesta','Cote d\'Ivoire','2020-07-27 08:40:20'),(22,'f','1949-11-18',8,'Anaberg','Hungary','2020-07-27 08:40:20'),(23,'m','1960-07-15',58,'Danehaven','Bangladesh','2020-07-27 08:40:20'),(24,'f','1991-03-05',65,'East Kaelaborough','Costa Rica','2020-07-27 08:40:20'),(25,'m','2001-01-15',52,'Macejkovicview','Marshall Islands','2020-07-27 08:40:20'),(26,'f','2009-12-11',63,'Abbyton','Myanmar','2020-07-27 08:40:20'),(27,'f','2009-08-25',59,'West Chynafort','Philippines','2020-07-27 08:40:20'),(28,'m','1973-02-15',5,'Ankundingstad','Austria','2020-07-27 08:39:38'),(29,'m','1953-07-17',46,'South Alessandra','Bouvet Island (Bouvetoya)','2020-07-27 08:40:20'),(30,'f','1939-05-08',16,'Robelstad','Monaco','2020-07-27 08:40:20'),(31,'f','1961-04-07',42,'West Camdenchester','Guinea','2020-07-27 08:40:20'),(32,'m','1981-05-28',62,'Malindaton','Georgia','2020-07-27 08:40:20'),(33,'m','2001-01-05',85,'Alisamouth','Ethiopia','2020-07-27 08:40:20'),(34,'f','1935-02-23',37,'West Emilio','Cambodia','2020-07-27 08:40:20'),(35,'f','1953-02-13',28,'Lake Maxine','Saint Lucia','2020-07-27 08:40:20'),(36,'f','1935-06-10',28,'Lavonnehaven','Syrian Arab Republic','2020-07-27 08:40:20'),(37,'f','1977-03-15',58,'East Hughton','Martinique','2020-07-27 08:40:20'),(38,'m','1954-11-20',3,'Lake Russelbury','Cook Islands','2020-07-27 08:40:20'),(39,'m','1991-06-13',42,'Port Stephanstad','Finland','2020-07-27 08:40:20'),(40,'m','1975-02-11',2,'Port Aylin','Colombia','2020-07-27 08:40:20'),(41,'f','1934-12-27',81,'South Velmaberg','Seychelles','2020-07-27 08:40:20'),(42,'m','1938-07-05',99,'South Coralie','Australia','2020-07-27 08:40:20'),(43,'f','1994-11-14',52,'Lake Mozell','Saint Pierre and Miquelon','2020-07-27 08:40:20'),(44,'m','1951-03-21',61,'North Gerryville','Namibia','2020-07-27 08:40:20'),(45,'m','1923-07-25',48,'East Daltonton','Guatemala','2020-07-27 08:40:20'),(46,'m','1970-11-10',57,'Port Karli','Poland','2020-07-27 08:40:20'),(47,'m','1997-07-08',42,'New Brooklyn','Bouvet Island (Bouvetoya)','2020-07-27 08:40:20'),(48,'f','1947-03-29',37,'Watsonhaven','Mali','2020-07-27 08:40:20'),(49,'f','1962-07-06',58,'East Aiyana','Lithuania','2020-07-27 08:40:20'),(50,'f','1933-07-15',79,'Port Todberg','Bouvet Island (Bouvetoya)','2020-07-27 08:40:20'),(51,'f','2013-08-24',20,'Kileyberg','El Salvador','2020-07-27 08:40:20'),(52,'f','1993-11-05',63,'Port Daishafurt','Seychelles','2020-07-27 08:40:20'),(53,'m','2012-07-04',54,'Bethstad','Barbados','2020-07-27 08:40:20'),(54,'f','1959-12-26',82,'Port Dandreberg','Samoa','2020-07-27 08:40:20'),(55,'f','1956-01-23',46,'Johnsmouth','French Guiana','2020-07-27 08:40:20'),(56,'f','2012-09-28',82,'Caitlynburgh','Micronesia','2020-07-27 08:40:20'),(57,'m','1958-10-13',73,'Lindgrenville','Mozambique','2020-07-27 08:40:20'),(58,'m','1998-02-02',16,'Casperburgh','Liberia','2020-07-27 08:40:20'),(59,'m','1950-12-27',64,'Weststad','Israel','2020-07-27 08:40:20'),(60,'m','1977-05-30',69,'Daughertyhaven','Lithuania','2020-07-27 08:40:20'),(61,'f','1932-05-28',53,'Jenningsfort','Eritrea','2020-07-27 08:40:20'),(62,'f','2013-12-16',56,'Jettberg','Chad','2020-07-27 08:40:20'),(63,'m','1962-08-13',21,'Shayleeport','Trinidad and Tobago','2020-07-27 08:40:20'),(64,'f','1966-08-03',38,'Savionbury','Latvia','2020-07-27 08:40:20'),(65,'m','1993-11-07',25,'Karianechester','Falkland Islands (Malvinas)','2020-07-27 08:40:20'),(66,'f','1966-08-26',13,'New Aminaside','Mozambique','2020-07-27 08:40:20'),(67,'f','2011-08-20',89,'Port Holdenville','Georgia','2020-07-27 08:40:20'),(68,'m','2013-08-29',4,'Denisland','Mozambique','2020-07-27 08:40:20'),(69,'m','1940-08-17',53,'Runolfsdottirview','Congo','2020-07-27 08:40:20'),(70,'f','1983-09-14',54,'South Willow','Paraguay','2020-07-27 08:40:20'),(71,'f','1958-02-11',9,'North Adrianfurt','Netherlands','2020-07-27 08:40:20'),(72,'m','1927-05-28',84,'Farrellbury','Palestinian Territory','2020-07-27 08:40:20'),(73,'f','1933-01-14',94,'Port Enos','Antigua and Barbuda','2020-07-27 08:40:20'),(74,'f','1921-11-20',14,'West Nolanview','Dominican Republic','2020-07-27 08:40:20'),(75,'m','1939-07-13',90,'Lake Kyra','Tajikistan','2020-07-27 08:40:20'),(76,'m','1946-11-25',9,'North Antwanmouth','Russian Federation','2020-07-27 08:40:20'),(77,'f','1933-01-24',71,'Dareville','Panama','2020-07-27 08:40:20'),(78,'m','1942-12-04',29,'Jaststad','Sweden','2020-07-27 08:40:20'),(79,'m','1971-04-06',30,'North Adolf','Italy','2020-07-27 08:40:20'),(80,'m','1937-04-01',65,'East Barryland','Japan','2020-07-27 08:40:20'),(81,'m','2010-07-07',34,'Collinsberg','Germany','2020-07-27 08:40:20'),(82,'f','1985-02-09',75,'Berrytown','Martinique','2020-07-27 08:40:20'),(83,'f','1976-11-26',71,'Port Maeve','Macao','2020-07-27 08:40:20'),(84,'f','2003-02-22',29,'Marilouberg','Bermuda','2020-07-27 08:40:20'),(85,'m','1948-01-10',33,'Haileeshire','Czech Republic','2020-07-27 08:40:20'),(86,'f','1992-12-07',75,'Conniefurt','Uzbekistan','2020-07-27 08:40:20'),(87,'f','1969-11-25',78,'Muellerfurt','Australia','2020-07-27 08:40:20'),(88,'f','1921-03-12',63,'Dibberttown','Palestinian Territory','2020-07-27 08:40:20'),(89,'m','1988-04-22',82,'Elisahaven','Uruguay','2020-07-27 08:40:20'),(90,'f','2010-11-25',18,'Smithamfort','Turks and Caicos Islands','2020-07-27 08:40:20'),(91,'m','1925-05-06',44,'Annamaestad','Eritrea','2020-07-27 08:40:20'),(92,'f','2009-03-25',67,'Mannhaven','Mozambique','2020-07-27 08:40:20'),(93,'f','1928-01-24',100,'Georgiannaton','Honduras','2020-07-27 08:40:20'),(94,'m','1928-05-06',2,'Nathanaelburgh','Niue','2020-07-27 08:40:20'),(95,'m','1943-02-02',7,'Farrellshire','Malta','2020-07-27 08:40:20'),(96,'m','1995-09-28',28,'North Reymundo','Gabon','2020-07-27 08:40:20'),(97,'m','2013-04-02',21,'Waelchibury','Cayman Islands','2020-07-27 08:40:20'),(98,'m','1953-10-23',19,'Alenafurt','Luxembourg','2020-07-27 08:40:20'),(99,'m','1958-07-09',33,'Lake Golden','Czech Republic','2020-07-27 08:40:20'),(100,'m','1954-06-29',7,'Hickleberg','Bahamas','2020-07-27 08:40:20');
/*!40000 ALTER TABLE `profiles` ENABLE KEYS */;
UNLOCK TABLES;

--
-- Table structure for table `target_types`
--

DROP TABLE IF EXISTS `target_types`;
/*!40101 SET @saved_cs_client     = @@character_set_client */;
/*!50503 SET character_set_client = utf8mb4 */;
CREATE TABLE `target_types` (
  `id` int unsigned NOT NULL AUTO_INCREMENT,
  `name` varchar(255) NOT NULL,
  `created_at` datetime DEFAULT CURRENT_TIMESTAMP,
  PRIMARY KEY (`id`),
  UNIQUE KEY `name` (`name`)
) ENGINE=InnoDB AUTO_INCREMENT=6 DEFAULT CHARSET=utf8mb4 COLLATE=utf8mb4_0900_ai_ci;
/*!40101 SET character_set_client = @saved_cs_client */;

--
-- Dumping data for table `target_types`
--

LOCK TABLES `target_types` WRITE;
/*!40000 ALTER TABLE `target_types` DISABLE KEYS */;
INSERT INTO `target_types` VALUES (1,'messages','2020-08-01 04:37:12'),(2,'users','2020-08-01 04:37:12'),(3,'media','2020-08-01 04:37:12'),(4,'posts','2020-08-01 04:37:12');
/*!40000 ALTER TABLE `target_types` ENABLE KEYS */;
UNLOCK TABLES;

--
-- Table structure for table `users`
--

DROP TABLE IF EXISTS `users`;
/*!40101 SET @saved_cs_client     = @@character_set_client */;
/*!50503 SET character_set_client = utf8mb4 */;
CREATE TABLE `users` (
  `id` int unsigned NOT NULL AUTO_INCREMENT COMMENT 'Идентификатор строки',
  `first_name` varchar(100) CHARACTER SET utf8 COLLATE utf8_unicode_ci NOT NULL COMMENT 'Имя пользователя',
  `last_name` varchar(100) CHARACTER SET utf8 COLLATE utf8_unicode_ci NOT NULL COMMENT 'Фамилия пользователя',
  `email` varchar(100) CHARACTER SET utf8 COLLATE utf8_unicode_ci NOT NULL COMMENT 'Почта',
  `phone` varchar(100) CHARACTER SET utf8 COLLATE utf8_unicode_ci NOT NULL COMMENT 'Телефон',
  `created_at` datetime DEFAULT CURRENT_TIMESTAMP COMMENT 'Время создания строки',
  `updated_at` datetime DEFAULT CURRENT_TIMESTAMP ON UPDATE CURRENT_TIMESTAMP COMMENT 'Время обновления строки',
  PRIMARY KEY (`id`),
  UNIQUE KEY `email` (`email`),
  UNIQUE KEY `phone` (`phone`)
) ENGINE=InnoDB AUTO_INCREMENT=101 DEFAULT CHARSET=utf8 COLLATE=utf8_unicode_ci COMMENT='Пользователи';
/*!40101 SET character_set_client = @saved_cs_client */;

--
-- Dumping data for table `users`
--

LOCK TABLES `users` WRITE;
/*!40000 ALTER TABLE `users` DISABLE KEYS */;
INSERT INTO `users` VALUES (1,'Garnet','Heller','gottlieb.art@example.org','06612810799','2018-04-09 08:21:16','2020-07-27 08:39:37'),(2,'Stuart','Boyle','cora32@example.com','(877)718-6986x6962','2013-03-08 13:29:05','2016-10-30 05:05:43'),(3,'Hollie','Bernier','jvandervort@example.org','582.181.1997x8396','2012-07-20 14:35:43','2013-08-11 01:44:09'),(4,'Henri','Boyle','ora.lubowitz@example.org','807-724-7780x440','2011-02-18 10:58:58','2014-06-04 16:53:35'),(5,'Era','Schuster','prohaska.erin@example.com','05844277959','2012-09-08 03:51:01','2016-03-05 07:29:28'),(6,'Kraig','Hayes','noelia86@example.com','437.398.8278','2013-10-15 19:20:45','2014-02-25 12:29:00'),(7,'Braxton','Tromp','dakota.bogisich@example.com','(908)106-7370x36799','2016-08-04 12:43:54','2020-07-27 08:39:37'),(8,'Erik','Swift','rosella35@example.org','(167)395-8698x7084','2011-03-23 18:54:01','2014-06-24 15:56:47'),(9,'Josephine','Batz','allen80@example.org','(724)239-5283','2015-01-10 07:21:16','2020-07-27 08:39:37'),(10,'Keith','Quigley','alyce.rohan@example.org','303-002-5474','2012-08-26 15:01:18','2014-10-27 10:04:08'),(11,'Lamont','Hahn','umante@example.net','1-182-181-4916','2015-11-02 23:05:35','2020-07-27 08:39:37'),(12,'Audie','Torphy','schaden.kara@example.org','04942796232','2017-07-28 21:55:23','2020-07-27 08:39:37'),(13,'Marge','Smitham','jmurphy@example.net','873-574-7810x90889','2014-12-07 07:12:14','2020-07-24 17:50:41'),(14,'Mozelle','Hilpert','gutkowski.lea@example.com','235.961.7504','2016-12-15 21:22:00','2020-07-27 08:39:37'),(15,'Samir','Bailey','fbode@example.net','(698)199-6709','2019-05-21 12:59:04','2020-07-27 08:39:37'),(16,'Ariel','Murazik','wendell.purdy@example.org','526-587-7881x5844','2020-07-25 18:38:33','2020-07-27 08:39:37'),(17,'Dora','Spinka','laurel.rath@example.org','969-123-4915x78744','2019-03-25 23:19:19','2020-07-27 08:39:37'),(18,'Camren','Wehner','kristopher79@example.net','679.044.0554x08710','2010-09-30 20:35:20','2015-10-30 20:34:15'),(19,'Filiberto','Jakubowski','salma98@example.com','1-523-316-9262','2017-12-19 08:54:27','2019-01-17 15:21:47'),(20,'Chris','Kris','benton25@example.org','(801)221-9992','2010-08-31 05:40:18','2013-03-28 10:09:32'),(21,'Brennon','Runolfsson','owen30@example.net','989-193-7611x284','2015-12-13 16:29:28','2020-07-27 08:39:37'),(22,'Evangeline','Gislason','broderick.champlin@example.com','084.431.6594','2019-01-16 04:53:54','2020-07-27 08:39:37'),(23,'Jada','Reinger','donnelly.margot@example.org','1-937-078-0185x756','2014-10-30 09:32:04','2020-07-27 08:39:37'),(24,'Ruben','Torphy','kohler.jannie@example.net','(695)172-5466x636','2017-07-11 00:08:19','2020-07-27 08:39:37'),(25,'Alphonso','Kertzmann','kkunde@example.com','(128)284-3746x247','2015-05-24 13:36:12','2017-03-03 14:13:30'),(26,'Roxanne','McGlynn','tremaine.marks@example.com','07472201723','2017-11-30 19:33:29','2020-07-27 08:39:37'),(27,'Willy','Runte','pfarrell@example.net','(029)860-4060','2014-11-26 06:16:23','2020-05-31 16:11:47'),(28,'Kenyatta','Lesch','hyatt.avis@example.com','758-786-9947','2016-09-25 04:29:23','2020-07-27 08:39:37'),(29,'Rex','Cummings','stamm.beryl@example.net','989-397-2986x90714','2016-01-06 20:04:03','2020-06-20 01:21:37'),(30,'Adolfo','Hansen','nona97@example.org','065.029.6902x1268','2013-03-23 06:51:47','2013-09-26 12:31:55'),(31,'Robyn','Koch','kody08@example.org','1-036-093-4036','2014-01-06 21:11:26','2020-07-27 08:39:37'),(32,'Miracle','Witting','xstanton@example.org','1-091-760-3494','2019-05-28 10:46:08','2020-07-27 08:39:37'),(33,'Kayleigh','Effertz','cole.audrey@example.com','1-784-465-0274x466','2018-10-22 01:42:04','2020-07-27 08:39:37'),(34,'Silas','Kovacek','luettgen.hermann@example.net','588-527-8116x0155','2017-03-24 03:06:13','2020-07-27 08:39:37'),(35,'Cleora','Rutherford','quigley.mafalda@example.net','1-691-279-0598','2010-11-15 23:03:08','2016-06-28 05:45:35'),(36,'Sienna','Bahringer','xwelch@example.org','149-697-0861x212','2020-03-02 19:53:52','2020-07-27 08:39:37'),(37,'Reynold','Wolf','dach.alberto@example.net','+44(7)1634731724','2014-08-02 17:58:06','2015-06-27 21:52:39'),(38,'Vesta','Schaden','tyrique39@example.com','987-794-1595','2013-02-23 16:54:43','2020-07-27 08:39:37'),(39,'Willow','Walsh','eichmann.lela@example.net','06381652591','2015-02-10 17:15:56','2018-11-18 22:15:06'),(40,'Brenden','Jacobs','meghan.kertzmann@example.net','643-125-8811x1414','2016-07-30 04:52:48','2018-10-28 00:24:53'),(41,'Elias','Boehm','lakin.daryl@example.com','1-412-319-5624','2010-09-14 10:13:19','2013-08-06 08:31:29'),(42,'Blaze','Hauck','owen99@example.com','1-268-226-7665','2016-03-05 04:18:23','2020-07-27 08:39:37'),(43,'Lacey','Lesch','hkassulke@example.net','02521491407','2013-11-24 20:59:56','2020-07-27 08:39:37'),(44,'Zoe','Torp','ucronin@example.net','658.857.5249x329','2012-10-27 08:59:29','2020-07-27 08:39:37'),(45,'Teresa','Hyatt','madilyn.kreiger@example.com','233.557.8921','2012-05-28 22:11:44','2016-10-14 20:45:06'),(46,'Retta','Konopelski','uziemann@example.com','(974)186-6914','2011-11-09 17:17:06','2020-02-22 09:08:59'),(47,'Arch','McClure','donny.vandervort@example.net','(119)641-0446x88190','2010-11-17 05:01:04','2018-08-27 02:49:01'),(48,'Connor','Fadel','mpagac@example.org','1-179-870-1811x6766','2016-07-19 22:03:42','2019-04-28 11:42:22'),(49,'Diego','King','kian.bergstrom@example.org','1-637-814-4972x90036','2015-02-12 15:07:59','2018-01-16 01:51:39'),(50,'Cade','Becker','amalia33@example.net','1-673-979-1433x09591','2013-11-13 12:25:01','2020-07-27 08:39:37'),(51,'Paolo','Rath','xpfannerstill@example.org','1-176-348-4512x654','2019-11-06 00:41:31','2020-02-29 17:27:56'),(52,'Jerrell','Lindgren','hettinger.emil@example.net','1-481-674-4252x7961','2020-03-05 15:28:11','2020-07-27 08:39:37'),(53,'Heidi','Blanda','tkiehn@example.com','1-876-384-5983x34236','2015-03-20 17:56:34','2020-07-27 08:39:37'),(54,'Kiana','Bogisich','brock28@example.org','452.529.4822x0574','2011-04-16 05:43:40','2012-08-04 13:20:47'),(55,'Antonina','Mann','anthony67@example.net','1-047-525-3450','2014-07-05 05:26:07','2019-05-08 09:56:32'),(56,'Bobbie','Bednar','caroline96@example.org','705.934.5091','2016-08-10 09:18:55','2019-08-03 16:30:22'),(57,'Kamille','Rolfson','wschneider@example.net','1-220-174-5281x03600','2015-10-16 01:14:01','2018-07-30 14:57:32'),(58,'Elizabeth','Zemlak','dwintheiser@example.org','730.160.9485','2011-02-16 04:20:34','2019-12-25 07:58:38'),(59,'Winston','Brown','adeckow@example.org','1-125-790-8383x050','2014-10-17 08:40:01','2020-07-27 08:39:37'),(60,'Seth','Pagac','sydni88@example.net','(492)585-9498x5343','2017-04-14 13:15:42','2020-07-27 08:39:37'),(61,'Aditya','Auer','broderick90@example.net','776.842.4486x122','2015-09-29 00:06:04','2017-03-16 06:18:05'),(62,'Claudie','Feeney','drau@example.net','1-037-953-0967x49571','2012-08-10 10:10:34','2020-07-27 08:39:37'),(63,'Katelynn','Stracke','barrows.tristin@example.com','1-568-096-3014x1236','2017-12-28 07:18:03','2020-07-27 08:39:37'),(64,'Edythe','Zieme','lennie53@example.com','1-792-226-7837','2018-09-04 00:25:22','2020-07-27 08:39:37'),(65,'Jonas','Harvey','reichert.wilber@example.net','1-167-431-0382x180','2015-01-13 05:28:37','2020-07-27 08:39:37'),(66,'Jules','Hessel','mterry@example.com','(361)052-6480','2014-08-10 04:36:28','2017-11-09 15:47:06'),(67,'Alda','Ward','alena14@example.net','086.159.1594x855','2013-03-01 11:59:26','2017-07-20 20:53:51'),(68,'Zane','Schimmel','stiedemann.preston@example.com','(353)773-1869','2012-01-26 00:33:27','2020-03-02 00:25:57'),(69,'Henderson','Bruen','tatyana.hills@example.net','151-834-8994x4115','2016-01-07 14:37:43','2020-07-27 08:39:37'),(70,'Abbigail','Bergstrom','blanda.luisa@example.org','+91(4)2726778262','2017-08-17 19:43:37','2020-07-27 08:39:37'),(71,'Katelin','Rempel','ssporer@example.com','1-712-149-1616x43610','2014-09-27 01:31:46','2020-07-27 08:39:37'),(72,'Una','Cronin','fadel.arnulfo@example.net','857.528.4766x33412','2019-06-02 14:10:23','2020-07-27 08:39:37'),(73,'Trinity','Hyatt','larkin.reginald@example.net','(704)269-3220','2012-02-27 11:14:32','2020-07-27 08:39:37'),(74,'Ariane','Dooley','alvera70@example.org','1-500-008-3196','2018-12-04 20:57:53','2019-03-05 23:24:53'),(75,'Sven','Hirthe','plehner@example.org','(310)836-2226x9846','2015-01-31 00:18:08','2019-10-25 03:33:25'),(76,'Ezekiel','Kilback','cullen.johns@example.com','(005)735-3956x48600','2019-01-23 08:04:43','2020-07-27 08:39:37'),(77,'Malika','Grant','jerde.trace@example.com','(094)606-8640x0661','2011-01-29 18:33:57','2020-04-30 08:27:35'),(78,'Chaya','Cummings','maximo70@example.net','012.599.1322x71439','2012-11-20 15:55:46','2017-03-17 09:58:16'),(79,'Ivory','D\'Amore','chester.runte@example.net','(249)359-3620x1505','2013-03-06 07:30:48','2013-07-09 09:26:13'),(80,'Katlyn','Botsford','kris.ward@example.com','314.734.1694x231','2018-09-22 15:50:59','2020-07-27 08:39:37'),(81,'Alvis','Feil','coberbrunner@example.org','1-684-725-5790x660','2019-01-23 03:06:55','2020-01-08 08:35:50'),(82,'Brennan','Dietrich','lois34@example.net','074-826-5436x482','2011-03-06 13:26:09','2020-02-28 00:39:13'),(83,'Jeanie','Aufderhar','alex.mraz@example.com','1-994-144-3231x0479','2018-04-30 19:08:46','2019-09-27 15:04:03'),(84,'Monica','Kutch','gsatterfield@example.net','720.567.7937','2020-06-30 12:23:35','2020-07-27 08:39:37'),(85,'Adolphus','Adams','schuster.francis@example.com','1-619-551-9593','2012-05-16 23:56:15','2013-11-01 10:56:13'),(86,'Anne','O\'Reilly','dach.jermaine@example.net','(435)044-5494x51483','2013-05-26 04:03:36','2018-07-27 15:00:25'),(87,'Otilia','Sporer','braulio.franecki@example.com','939.238.0560x64831','2016-03-13 01:13:33','2020-07-27 08:39:37'),(88,'Arne','White','prosacco.clifford@example.net','(162)345-6930x200','2013-04-01 19:55:39','2020-07-27 08:39:37'),(89,'Jackson','Ruecker','nicklaus51@example.org','05738008317','2012-12-27 13:54:03','2020-07-27 08:39:37'),(90,'Della','Herzog','bode.angelo@example.com','331-362-7383x17557','2018-11-18 18:04:28','2019-09-17 23:32:15'),(91,'Wilber','Hamill','dicki.malcolm@example.org','(690)909-9634x4429','2012-03-11 03:05:20','2017-02-28 01:50:28'),(92,'Torey','Russel','corene16@example.net','661.146.2930','2019-03-10 16:41:58','2020-07-27 08:39:37'),(93,'Ari','Cremin','kihn.hellen@example.com','1-916-856-2278x89144','2012-03-05 01:56:18','2016-06-10 02:22:14'),(94,'Kenna','Howell','johns.ward@example.com','09742182090','2015-09-14 08:10:52','2020-07-27 08:39:37'),(95,'Jeromy','Little','ima.wilkinson@example.com','(438)152-4104','2013-06-03 13:27:12','2013-07-19 14:09:24'),(96,'Alyce','Mayert','josh.lindgren@example.com','1-369-119-3598x748','2014-01-18 04:23:09','2020-07-27 08:39:37'),(97,'Florencio','Kertzmann','jerde.jannie@example.net','580.309.0629x04799','2015-03-06 01:30:49','2020-07-27 08:39:37'),(98,'Charley','Breitenberg','hirthe.elian@example.org','(010)747-5069','2016-03-26 22:57:44','2016-11-18 08:51:52'),(99,'Letha','Bednar','moen.herbert@example.com','389.578.7841','2012-07-14 21:42:07','2020-07-27 08:39:37'),(100,'Brian','Romaguera','ewald.hodkiewicz@example.net','(271)054-5516x9435','2015-06-06 06:02:46','2020-07-27 08:39:37');
/*!40000 ALTER TABLE `users` ENABLE KEYS */;
UNLOCK TABLES;
/*!40103 SET TIME_ZONE=@OLD_TIME_ZONE */;

/*!40101 SET SQL_MODE=@OLD_SQL_MODE */;
/*!40014 SET FOREIGN_KEY_CHECKS=@OLD_FOREIGN_KEY_CHECKS */;
/*!40014 SET UNIQUE_CHECKS=@OLD_UNIQUE_CHECKS */;
/*!40101 SET CHARACTER_SET_CLIENT=@OLD_CHARACTER_SET_CLIENT */;
/*!40101 SET CHARACTER_SET_RESULTS=@OLD_CHARACTER_SET_RESULTS */;
/*!40101 SET COLLATION_CONNECTION=@OLD_COLLATION_CONNECTION */;
/*!40111 SET SQL_NOTES=@OLD_SQL_NOTES */;

-- Dump completed on 2020-08-04  7:58:43
